CASE_ID,ACCIDENT_YEAR,PROC_DATE,JURIS,COLLISION_DATE,COLLISION_TIME,OFFICER_ID,REPORTING_DISTRICT,DAY_OF_WEEK,CHP_SHIFT,POPULATION,CNTY_CITY_LOC,SPECIAL_COND,BEAT_TYPE,CHP_BEAT_TYPE,CITY_DIVISION_LAPD,CHP_BEAT_CLASS,BEAT_NUMBER,PRIMARY_RD,SECONDARY_RD,DISTANCE,DIRECTION,INTERSECTION,WEATHER_1,WEATHER_2,STATE_HWY_IND,CALTRANS_COUNTY,CALTRANS_DISTRICT,STATE_ROUTE,ROUTE_SUFFIX,POSTMILE_PREFIX,POSTMILE,LOCATION_TYPE,RAMP_INTERSECTION,SIDE_OF_HWY,TOW_AWAY,COLLISION_SEVERITY,NUMBER_KILLED,NUMBER_INJURED,PARTY_COUNT,PRIMARY_COLL_FACTOR,PCF_CODE_OF_VIOL,PCF_VIOL_CATEGORY,PCF_VIOLATION,PCF_VIOL_SUBSECTION,HIT_AND_RUN,TYPE_OF_COLLISION,MVIW,PED_ACTION,ROAD_SURFACE,ROAD_COND_1,ROAD_COND_2,LIGHTING,CONTROL_DEVICE,CHP_ROAD_TYPE,PEDESTRIAN_ACCIDENT,BICYCLE_ACCIDENT,MOTORCYCLE_ACCIDENT,TRUCK_ACCIDENT,NOT_PRIVATE_PROPERTY,ALCOHOL_INVOLVED,STWD_VEHTYPE_AT_FAULT,CHP_VEHTYPE_AT_FAULT,COUNT_SEVERE_INJ,COUNT_VISIBLE_INJ,COUNT_COMPLAINT_PAIN,COUNT_PED_KILLED,COUNT_PED_INJURED,COUNT_BICYCLIST_KILLED,COUNT_BICYCLIST_INJURED,COUNT_MC_KILLED,COUNT_MC_INJURED,PRIMARY_RAMP,SECONDARY_RAMP,LATITUDE,LONGITUDE,COUNTY,CITY,POINT_X,POINT_Y
9468620,2023,2023-09-22,3801,2023-08-20,1144,4283,RICHM,7,5,7,3801,0,0,0,,0,2CAR,"ARGUELLO BL","PRESIDIO TER",150.00,S,N,A,-,N,,,,,,,,,,N,3,0,1,2,A,-,08,22107,,N,B,G,A,A,H,-,A,-,0,,Y,,,Y,,A,07,0,1,0,0,0,0,1,0,0,"- ","- ",,,"SAN FRANCISCO","SAN FRANCISCO",-122.45935821533203,37.787929534912109
9553986,2023,2023-03-25,3801,2023-02-19,1510,469,MISSI,7,5,7,3801,0,0,0,,0,3D2D,SANCHEZ,"21ST ST",200.00,S,N,A,-,N,,,,,,,,,,Y,3,0,2,1,D,-,00,,,N,B,I,A,A,H,-,A,D,0,,,,,Y,,-,"- ",0,2,0,0,0,0,0,0,0,"- ","- ",,,"SAN FRANCISCO","SAN FRANCISCO",-122.43003845214844,37.755832672119141
9573038,2023,2023-05-06,3801,2023-04-20,1908,1845,TARAV,4,5,7,3801,0,0,0,,0,3I1D,"KIRKHAM ST","30TH AV",0.00,,Y,A,-,N,,,,,,,,,,N,4,0,1,2,A,-,11,21950,B,N,G,B,B,A,H,-,B,D,0,Y,,,,Y,,N,60,0,0,1,0,1,0,0,0,0,"- ","- ",,,"SAN FRANCISCO","SAN FRANCISCO",-122.48863220214844,37.759311676025391
9573403,2023,2023-05-01,3801,2023-03-02,2115,1201,BAYVI,4,5,7,3801,0,0,0,,0,3C13E,"MIDDLE POINT RD","EVANS AV",0.00,,Y,A,-,N,,,,,,,,,,N,4,0,1,2,A,-,12,22450,A,F,D,C,A,A,H,-,C,A,0,,,,,Y,,-,99,0,0,1,0,0,0,0,0,0,"- ","- ",,,"SAN FRANCISCO","SAN FRANCISCO",-122.37911987304688,37.737693786621094
9591732,2023,2023-08-25,3801,2023-06-23,1850,2380,SOUTH,5,5,7,3801,0,0,0,,0,0B4,"MISSION ST","GRACE ST",9.00,W,N,A,-,N,,,,,,,,,,N,3,0,1,2,A,-,08,22107,,N,D,C,A,A,H,-,A,A,0,,,Y,,Y,,A,07,0,1,0,0,0,0,0,0,1,"- ","- ",,,"SAN FRANCISCO","SAN FRANCISCO",-122.41551208496094,37.775592803955078
9603692,2023,2023-09-06,3801,2023-07-13,1700,2400,BAYVI,4,5,7,3801,0,0,0,,0,3CAR,"INGALLS ST","PALOU AV",0.00,,Y,A,-,N,,,,,,,,,,N,2,0,1,2,A,-,05,21752,D,N,D,-,A,A,H,-,A,A,0,,Y,,,Y,,L,04,1,0,0,0,0,0,1,0,0,"- ","- ",,,"SAN FRANCISCO","SAN FRANCISCO",-122.38343811035156,37.729747772216797
9610670,2023,2023-09-22,3801,2023-08-01,1417,877,CENTR,2,5,7,3801,0,0,0,,0,3A44C,"MARKET ST","1ST ST",0.00,,Y,A,-,N,,,,,,,,,,Y,2,0,2,2,A,-,08,22101,D,N,D,B,-,A,H,-,A,A,0,Y,,Y,,Y,,C,02,1,0,1,0,1,0,0,0,1,"- ","- ",,,"SAN FRANCISCO","SAN FRANCISCO",-122.39913940429688,37.791053771972656
9626069,2023,2023-10-11,3801,2023-09-07,1510,1825,SOUTH,4,5,7,3801,0,0,0,,0,3B14D,"BRYANT ST","8TH ST",0.00,,Y,A,-,N,,,,,,,,,,N,4,0,2,2,A,-,08,22107,,N,B,C,A,A,H,-,A,A,0,,,,,Y,,A,01,0,0,2,0,0,0,0,0,0,"- ","- ",,,"SAN FRANCISCO","SAN FRANCISCO",-122.406982421875,37.772514343261719
92062636,2023,2023-05-05,9335,2023-03-28,"356 ",023167,,2,3,7,3801,0,1,1,,1,083,"I-80 E/B","FOREST HILL ROAD",500.00,E,N,A,-,Y,SF,,80," ",R,7.899,H,,R,N,4,0,1,1,C,-,18,,,M,E,I,A,A,D,-,C,A,0,,,,,Y,,-,"- ",0,0,1,0,0,0,0,0,0,"- ","- ",37.810970306396484,-122.36396789550781,"SAN FRANCISCO","SAN FRANCISCO",-122.36412811279297,37.811065673828125
92185678,2023,2023-10-02,9335,2023-09-20,"935 ",023464,,3,1,7,3801,0,1,2,,2,013,"US-101 SOUTHBOUND","OF BAYSHORE BLVD OVERCROSSING",895.00,N,N,A,-,Y,SF,,101," "," ",0.736,H,,L,Y,3,0,1,2,A,-,03,22350,,N,C,C,A,A,H,-,A,D,0,,,,,Y,,A,08,0,1,0,0,0,0,0,0,0,"- ","- ",37.718219757080078,-122.39955902099609,"SAN FRANCISCO","SAN FRANCISCO",-122.39950561523438,37.718231201171875
9468647,2023,2023-09-21,3801,2023-08-20,1709,334,BAYVI,7,5,7,3801,0,0,0,,0,0C3,"PALOU AV","LANE ST",0.00,,Y,A,-,N,,,,,,,,,,N,4,0,1,2,A,-,12,22450,,N,C,C,A,A,H,-,A,A,0,,,,,Y,,A,01,0,0,1,0,0,0,0,0,0,"- ","- ",,,"SAN FRANCISCO","SAN FRANCISCO",-122.38903045654297,37.732933044433594
9560873,2023,2023-04-12,3801,2023-02-26,2240,1300,PARK,7,5,7,3801,0,0,0,,0,003,"FELL ST","LYON ST",57.00,W,N,A,-,N,,,,,,,,,,N,2,0,1,3,A,-,07,21658,A,N,B,C,A,A,H,-,C,A,0,,,,,Y,,A,01,1,0,0,0,0,0,0,0,0,"- ","- ",,,"SAN FRANCISCO","SAN FRANCISCO",-122.44274139404297,37.773395538330078
9572451,2023,2023-06-13,3801,2023-05-25,1816,575,CENTR,4,5,7,3801,0,0,0,,0,3A11D,"CALIFORNIA ST","TAYLOR ST",75.00,W,N,A,-,N,,,,,,,,,,Y,3,0,1,2,A,-,08,22107,,N,D,C,A,A,H,-,A,A,0,,,Y,,Y,,A,01,0,1,0,0,0,0,0,0,1,"- ","- ",,,"SAN FRANCISCO","SAN FRANCISCO",-122.4127197265625,37.791580200195312
9573826,2023,2023-04-14,3801,2023-02-18,1742,837,CENTR,6,5,7,3801,0,0,0,,0,3A2D,"COLUMBUS AV","VALLEJO ST",0.00,,Y,A,-,N,,,,,,,,,,N,4,0,1,2,A,-,21,22106,,N,G,B,E,A,H,-,C,D,0,Y,,,,Y,,A,01,0,0,1,0,1,0,0,0,0,"- ","- ",,,"SAN FRANCISCO","SAN FRANCISCO",-122.40789031982422,37.798721313476562
9576103,2023,2023-05-10,3801,2023-04-07,1803,2100,MISSI,5,5,7,3801,0,0,0,,0,3D11D,"MARKET ST","MARKET ST 2145",0.00,,-,A,-,N,,,,,,,,,,Y,3,0,2,2,D,-,00,,,N,C,E,A,-,H,-,A,D,0,,,,,Y,,-,"- ",0,1,1,0,0,0,0,0,0,"- ","- ",37.766738891601562,-122.42971038818359,"SAN FRANCISCO","SAN FRANCISCO",,
9610671,2023,2023-09-14,3801,2023-08-06,1513,364,SOUTH,7,5,7,3801,0,0,0,,0,3B13D,"6TH ST","SHIPLEY ST",0.00,,Y,A,-,N,,,,,,,,,,Y,4,0,1,2,A,-,09,21801,A,N,D,C,A,A,H,-,A,A,0,,,,,Y,,A,01,0,0,1,0,0,0,0,0,0,"- ","- ",,,"SAN FRANCISCO","SAN FRANCISCO",-122.40505218505859,37.778057098388672
9634749,2023,2023-12-20,3801,2023-11-10,2351,882,TENDE,5,5,7,3801,0,0,0,,0,,"HYDE ST","HYDE ST 100",0.00,,Y,A,-,N,,,,,,,,,,Y,4,0,1,2,A,-,06,21760,C,N,C,C,A,A,H,-,C,D,0,,,,,Y,,A,01,0,0,1,0,0,0,0,0,0,"- ","- ",,,"SAN FRANCISCO","SAN FRANCISCO",,
9637583,2023,2023-12-13,3801,2023-11-20,"840 ",4267,TARAV,1,5,7,3801,0,0,0,,0,3I3A,"IRVING ST","IRVING ST 2228",0.00,,N,A,-,N,,,,,,,,,,N,3,0,1,2,A,-,21,22106,,F,G,B,F,A,H,-,A,D,0,Y,,,,Y,,A,01,0,1,0,0,1,0,0,0,0,"- ","- ",,,"SAN FRANCISCO","SAN FRANCISCO",,
92089502,2023,2023-06-08,9335,2023-06-06,"546 ",018804,,2,3,7,3801,0,1,1,,1,081,"I-80 W/B","ARMY RD.",700.00,E,N,B,-,Y,SF,,80," ",R,8.404,H,,L,N,4,0,2,2,A,-,03,22350,,N,C,C,A,A,H,-,A,D,0,,,,,Y,,A,01,0,0,2,0,0,0,0,0,0,"- ","- ",37.816249847412109,-122.35745239257812,"SAN FRANCISCO","SAN FRANCISCO",-122.35747528076172,37.8162841796875
92164523,2023,2023-09-07,9350,2023-08-20,"400 ",022956,,7,3,7,3801,0,1,2,,2,020,"US-101 N/B","MERCHANT RD",5280.00,N,N,A,-,Y,,,,,,,,,,Y,3,0,2,2,A,-,01,23152,A,N,C,C,A,A,H,-,C,D,0,,,,,Y,,A,01,0,1,1,0,0,0,0,0,0,"- ","- ",37.821498870849609,-122.47869110107422,"SAN FRANCISCO","SAN FRANCISCO",-122.47887420654297,37.821479797363281
92268270,2023,2023-12-21,9335,2023-12-09,1435,023312,,6,2,7,3801,0,1,1,,2,080,"I-80 E/B","5TH ST U/C",425.00,W,N,A,-,Y,SF,,80," "," ",4.751,H,,R,N,4,0,1,2,A,-,03,22350,,N,C,C,A,A,H,-,A,D,0,,,Y,,Y,,C,02,0,0,1,0,0,0,0,0,1,"- ","- ",37.777591705322266,-122.40215301513672,"SAN FRANCISCO","SAN FRANCISCO",-122.40212249755859,37.777553558349609
9468803,2023,2023-09-22,3801,2023-07-27,1422,2493,PARK,4,5,7,3801,0,0,0,,0,3F13A,"FELL ST","MASONIC AV",0.00,,Y,A,-,N,,,,,,,,,,N,3,0,1,2,A,-,08,22100,B,N,H,G,A,A,H,-,A,A,0,,Y,,,Y,,A,01,0,1,0,0,0,0,1,0,0,"- ","- ",,,"SAN FRANCISCO","SAN FRANCISCO",-122.44591522216797,37.772983551025391
9469544,2023,2023-10-03,3801,2023-08-23,"915 ",750,TENDE,3,5,7,3801,0,0,0,,0,3J11A,"LARKIN ST","GROVE ST",0.00,,Y,A,-,N,,,,,,,,,,Y,4,0,1,2,A,-,08,22107,,N,B,C,A,A,H,-,A,A,0,,,,,Y,,A,01,0,0,1,0,0,0,0,0,0,"- ","- ",,,"SAN FRANCISCO","SAN FRANCISCO",-122.41658782958984,37.778659820556641
9520821,2023,2025-06-25,3801,2023-06-02,2139,379,TRAFF,5,5,7,3801,0,0,0,,0,4B3H,"OTIS ST","MCCOPPIN ST",70.00,S,N,A,-,N,,,,,,,,,,Y,1,1,0,2,A,-,17,21657,,N,A,C,A,A,H,-,C,D,0,,,,,Y,,M,94,0,0,0,0,0,0,0,0,0,"- ","- ",,,"SAN FRANCISCO","SAN FRANCISCO",-122.42031097412109,37.771587371826172
9545545,2023,2023-03-09,3801,2023-01-03,1443,1482,TENDE,2,5,7,3801,0,0,0,,0,3J90C,"ELLIS ST","LARKIN ST",60.00,E,N,A,-,N,,,,,,,,,,Y,4,0,2,3,A,-,09,21804,A,N,B,E,A,A,H,-,A,A,0,,,,,Y,Y,A,01,0,0,2,0,0,0,0,0,0,"- ","- ",,,"SAN FRANCISCO","SAN FRANCISCO",-122.41751098632812,37.784275054931641
9561251,2023,2023-04-14,3801,2023-03-13,2025,2452,CENTR,1,5,7,3801,0,0,0,,0,3A62,"STOCKTON ST","PACIFIC AV",0.00,,Y,C,-,N,,,,,,,,,,Y,3,0,1,2,A,-,06,21751,,N,D,C,A,B,H,-,C,A,0,,,Y,,Y,,C,02,0,1,0,0,0,0,0,0,1,"- ","- ",,,"SAN FRANCISCO","SAN FRANCISCO",-122.40840911865234,37.796722412109375
9590072,2023,2023-06-13,3801,2023-05-16,2036,1666,PARK,2,5,7,3801,0,0,0,,0,4CAR,"SANCHEZ ST","MARKET ST",0.00,,Y,A,-,N,,,,,,,,,,N,3,0,1,2,A,-,10,21950,A,N,G,B,B,A,H,-,C,A,0,Y,,,,Y,,A,01,0,1,0,0,1,0,0,0,0,"- ","- ",,,"SAN FRANCISCO","SAN FRANCISCO",-122.43100738525391,37.765979766845703
92316981,2023,2024-02-19,9335,2023-10-20,1440,022703,,5,2,7,3801,0,1,1,,1,081,"I-80 W/B","THE EMBARCADERO UNDERCROSSING",1315.00,E,N,A,-,Y,SF,,80," "," ",6.161,H,,L,Y,4,0,3,2,A,-,03,22350,,N,C,C,A,A,H,-,A,D,0,,,,,Y,,A,01,0,0,3,0,0,0,0,0,0,"- ","- ",37.791580200195312,-122.38494873046875,"SAN FRANCISCO","SAN FRANCISCO",-122.38491821289062,37.791557312011719
9591731,2023,2023-08-24,3801,2023-06-24,2230,1750,NORTH,6,5,7,3801,0,0,0,,0,0E4,"SACRAMENTO ST","LAGUNA ST",0.00,,Y,A,-,N,,,,,,,,,,N,4,0,1,2,A,-,09,21800,C,N,D,C,A,A,H,-,C,A,0,,,,,Y,,A,01,0,0,1,0,0,0,0,0,0,"- ","- ",,,"SAN FRANCISCO","SAN FRANCISCO",-122.4290771484375,37.790458679199219
9626414,2023,2023-10-13,3801,2023-08-21,2118,707,TRAFF,1,5,7,3801,0,0,0,,0,3I60,"SAN JOSE AV","LAKEVIEW AV",0.00,,Y,A,-,N,,,,,,,,,,Y,3,0,1,4,A,-,03,22350,,N,C,C,A,A,H,-,C,A,0,,,,,Y,,A,01,0,1,0,0,0,0,0,0,0,"- ","- ",,,"SAN FRANCISCO","SAN FRANCISCO",-122.45040130615234,37.716156005859375
9635985,2023,2024-02-12,3801,2023-12-12,1530,A09968,PARK,2,5,7,3801,0,0,0,,0,3F1D,"6TH AV","IRVING ST",0.00,,Y,A,-,N,,,,,,,,,,N,3,0,1,2,A,-,12,21453,A,N,D,G,A,A,H,-,A,A,0,,Y,,,Y,,L,04,0,1,0,0,0,0,1,0,0,"- ","- ",,,"SAN FRANCISCO","SAN FRANCISCO",-122.46309661865234,37.764190673828125
9636273,2023,2024-02-20,3801,2023-12-21,1856,2007,CENTR,4,5,7,3801,0,0,0,,0,3A11D,"GEARY ST","LARKIN ST",6.00,E,N,A,-,N,,,,,,,,,,N,4,0,1,2,A,-,05,21650,1,N,D,G,A,A,H,-,C,A,0,,Y,,,Y,,L,04,0,0,1,0,0,0,1,0,0,"- ","- ",,,"SAN FRANCISCO","SAN FRANCISCO",-122.4180908203125,37.786113739013672
91992350,2023,2023-02-20,9335,2023-02-01,1930,021339,,3,2,7,3801,0,1,2,,2,013,"US-101 S/B","CESAR CHAVEZ ST",1620.00,S,N,A,-,Y,SF,,101," "," ",2.693,H,,L,Y,3,0,1,2,A,-,07,21658,A,N,B,2,A,A,H,-,D,D,0,,,,,Y,,A,01,0,1,0,0,0,0,0,0,0,"- ","- ",37.745029449462891,-122.40529632568359,"SAN FRANCISCO","SAN FRANCISCO",-122.40522766113281,37.745010375976562
92163598,2023,2023-09-06,9335,2023-08-26,"30  ",023111,,6,3,7,3801,0,1,1,,2,023,"I-280 N/B TO US-101 N/B","BAYSHORE BLVD UNDERCROSSING",279.00,S,N,A,-,Y,SF,,101," "," ",2.039,H,,L,Y,4,0,1,2,A,-,07,21658,A,M,C,C,A,A,H,-,C,D,0,,,,,Y,,-,99,0,0,1,0,0,0,0,0,0,"- ","- ",37.736110687255859,-122.40770721435547,"SAN FRANCISCO","SAN FRANCISCO",-122.40742492675781,37.736202239990234
9468690,2023,2023-09-15,3801,2023-08-08,2027,4276,NORTH,2,5,7,3801,0,0,0,,0,4CAR,DIVISADERO,"CLAY ST",0.00,,Y,F,-,N,,,,,,,,,,N,3,0,1,2,A,-,10,21950,A,N,G,B,B,B,H,-,C,A,0,Y,,Y,,Y,,C,02,0,1,0,0,1,0,0,0,0,"- ","- ",,,"SAN FRANCISCO","SAN FRANCISCO",-122.44081115722656,37.789867401123047
9561210,2023,2023-04-24,3801,2023-03-21,2231,1823,MISSI,2,5,7,3801,0,0,0,,0,,"CAL TRAIN TRACKS","16TH ST",116.00,S,N,-,-,N,,,,,,,,,,Y,4,0,1,1,B,-,22,,,N,-,-,A,-,-,-,-,-,0,,,,,Y,,A,01,0,0,1,0,0,0,0,0,0,"- ","- ",,,"SAN FRANCISCO","SAN FRANCISCO",-122.47537231445312,37.784309387207031
9576104,2023,2023-05-10,3801,2023-04-13,"932 ",2263,TARAV,4,5,7,3801,0,0,0,,0,3I13A,"19TH AV","CRESPI DR",0.00,,Y,A,-,N,,,,,,,,,,N,4,0,1,2,A,-,03,22350,,F,-,-,A,A,H,-,A,A,0,,,,,Y,,A,07,0,0,1,0,0,0,0,0,0,"- ","- ",,,"SAN FRANCISCO","SAN FRANCISCO",-122.47537231445312,37.720279693603516
9591633,2023,2023-07-17,3801,2023-06-02,"628 ",1671,CENTR,5,5,7,3801,0,0,0,,0,3A13A,"NORTH POINT ST","TAYLOR ST",0.00,,Y,A,-,N,,,,,,,,,,Y,3,0,2,3,A,-,12,21453,A,N,D,C,A,A,H,-,A,A,0,,,,Y,Y,,A,07,0,2,0,0,0,0,0,0,0,"- ","- ",,,"SAN FRANCISCO","SAN FRANCISCO",-122.41543579101562,37.806362152099609
9634272,2023,2023-11-14,3801,2023-09-28,1412,668,NORTH,4,5,7,3801,0,0,0,,0,3E15D,"TURK ST","VAN NESS AV",0.00,,Y,A,-,N,,,,,,,,,,N,4,0,1,2,A,-,10,21950,,N,G,B,B,A,H,-,A,A,0,Y,,,,Y,,A,08,0,0,1,0,1,0,0,0,0,"- ","- ",,,"SAN FRANCISCO","SAN FRANCISCO",-122.42057800292969,37.781936645507812
9634754,2023,2023-12-20,3801,2023-11-16,2500,1148,MISSI,4,5,7,3801,0,0,0,,0,3D16E,"16TH ST","POTRERO AV",231.00,N,N,A,C,N,,,,,,,,,,N,3,0,1,2,A,-,00,21953,C,F,G,B,D,B,H,-,C,D,0,Y,,,,Y,,-,,0,1,0,0,1,0,0,0,0,"- ","- ",,,"SAN FRANCISCO","SAN FRANCISCO",-122.40676116943359,37.765827178955078
9636606,2023,2023-11-14,3801,2023-09-27,1459,1263,BAYVI,3,5,7,3801,0,0,0,,0,0C#,"3RD ST","EVANS AV",0.00,,Y,A,-,N,,,,,,,,,,N,4,0,3,2,A,-,12,21453,A,N,B,C,A,A,H,-,A,A,0,,,,,Y,Y,A,01,0,0,3,0,0,0,0,0,0,"- ","- ",,,"SAN FRANCISCO","SAN FRANCISCO",-122.38801574707031,37.742733001708984
9641806,2023,2023-12-11,3801,2023-10-12,2230,1994,TRAFF,4,5,7,3801,0,0,0,,0,4B3C,"GROVE ST","LARKIN ST",78.00,W,N,A,-,N,,,,,,,,,,N,2,0,1,2,A,-,11,21954,A,N,G,B,E,A,H,-,C,D,0,Y,,,,Y,Y,N,60,1,0,0,0,1,0,0,0,0,"- ","- ",,,"SAN FRANCISCO","SAN FRANCISCO",-122.41685485839844,37.77862548828125
9650303,2023,2024-03-06,3801,2023-12-03,1826,2151,PARK,7,5,7,3801,0,0,0,,0,3F13D,"STANYAN ST","OAK ST",0.00,,Y,A,-,N,,,,,,,,,,Y,4,0,1,2,A,-,"- ",,,N,A,D,A,A,H,-,C,A,0,,,,,Y,,A,01,0,0,1,0,0,0,0,0,0,"- ","- ",,,"SAN FRANCISCO","SAN FRANCISCO",-122.45395660400391,37.771354675292969
9675310,2023,2024-03-05,3801,2023-11-16,"707 ",50,TENDE,4,5,7,3801,0,0,0,,0,001,"MARKET ST","6TH ST",0.00,,Y,A,-,N,,,,,,,,,,N,3,0,1,1,D,-,00,,,N,H,A,A,A,H,-,A,-,0,,,,,Y,,-,"- ",0,1,0,0,0,0,0,0,0,"- ","- ",,,"SAN FRANCISCO","SAN FRANCISCO",-122.41030120849609,37.782241821289062
92049833,2023,2023-04-20,9335,2023-01-24,1635,023121,,2,2,7,3801,0,1,2,,2,014,"US-101 N/B","18TH STREET PEDESTRIAN OVERCROSSING",6.00,N,N,A,-,Y,SF,,101," "," ",3.960,H,,R,Y,3,0,3,6,A,-,01,23152,F,F,C,2,A,A,H,-,A,D,0,,,,,Y,,A,01,0,1,2,0,0,0,0,0,0,"- ","- ",37.762130737304688,-122.40560913085938,"SAN FRANCISCO","SAN FRANCISCO",-122.4056396484375,37.762142181396484
92172795,2023,2023-09-18,9335,2023-09-08,"850 ",023312,,5,1,7,3801,0,1,1,,2,080,"I-80 W/B","2ND ST U/C",190.00,W,N,A,-,Y,SF,,80," "," ",5.370,H,,L,N,3,0,2,3,A,-,03,22350,,N,C,C,A,A,H,-,A,D,0,,,,,Y,,A,01,0,1,1,0,0,0,0,0,0,"- ","- ",37.783390045166016,-122.39502716064453,"SAN FRANCISCO","SAN FRANCISCO",-122.39508056640625,37.783432006835938
9468623,2023,2023-09-08,3801,2023-08-18,2152,2722,CENTR,5,5,7,3801,0,0,0,,0,3A12E,"PINE ST","KEARNY ST",7.00,W,N,B,-,N,,,,,,,,,,N,4,0,1,1,A,-,03,22350,,N,E,I,A,A,H,-,C,A,0,,,,,Y,Y,M,94,0,0,1,0,0,0,0,0,0,"- ","- ",,,"SAN FRANCISCO","SAN FRANCISCO",-122.40423583984375,37.79168701171875
9468674,2023,2023-09-08,3801,2023-08-17,1957,2390,MISSI,4,5,7,3801,0,0,0,,0,3D16D,"SHOTWELL ST","18TH ST",200.00,S,N,A,-,N,,,,,,,,,,N,3,0,1,2,A,-,09,21804,A,N,D,-,A,A,H,-,A,D,0,,Y,,,Y,,A,01,0,1,0,0,0,0,1,0,0,"- ","- ",,,"SAN FRANCISCO","SAN FRANCISCO",-122.416015625,37.761470794677734
9468755,2023,2023-09-13,3801,2023-07-28,1859,4119,TRAFF,5,5,7,3801,0,0,0,,0,4B103,"DOLORSE ST","15TH ST",0.00,,Y,A,-,N,,,,,,,,,,N,3,0,1,2,A,-,12,21453,,N,D,J,A,A,H,-,A,A,0,,,Y,,Y,Y,A,01,0,1,0,0,0,0,0,0,1,"- ","- ",,,"SAN FRANCISCO","SAN FRANCISCO",-122.42659759521484,37.766258239746094
9469644,2023,2023-09-12,3801,2023-08-22,1905,469,MISSI,2,5,7,3801,0,0,0,,0,3D11D,"16TH ST","ALBION ST",16.00,W,N,A,-,N,,,,,,,,,,N,3,0,1,2,A,-,11,21955,,F,G,B,D,A,H,-,A,D,0,Y,,Y,,Y,,N,60,0,1,0,0,1,0,0,0,0,"- ","- ",,,"SAN FRANCISCO","SAN FRANCISCO",-122.42315673828125,37.764835357666016
9545553,2023,2023-02-24,3801,2023-01-23,1332,830,MISSI,1,5,7,3801,0,0,0,,0,3D2C,"POTRERO AV","26TH ST",0.00,,Y,A,-,N,,,,,,,,,,Y,3,0,1,1,A,-,03,22350,,N,E,I,A,A,H,-,A,A,0,,,,,Y,,A,01,0,1,0,0,0,0,0,0,0,"- ","- ",,,"SAN FRANCISCO","SAN FRANCISCO",,
9573415,2023,2023-05-02,3801,2023-03-17,"900 ",504,NORTH,5,5,7,3801,0,0,0,,0,3E15A,"PIERCE ST","LOMBARD ST",0.00,,Y,A,-,N,,,,,,,,,,N,4,0,1,2,A,-,09,21802,A,N,D,C,A,A,H,-,A,A,0,,,,,Y,,A,01,0,0,1,0,0,0,0,0,0,"- ","- ",,,"SAN FRANCISCO","SAN FRANCISCO",-122.43933868408203,37.799423217773438
9634250,2023,2023-11-13,3801,2023-09-28,1543,1021,SOUTH,4,5,7,3801,0,0,0,,0,,"FOLSOM ST","11TH ST",0.00,,Y,A,-,N,,,,,,,,,,Y,3,0,1,2,A,-,08,22107,,F,B,C,A,A,H,-,A,A,0,,,Y,,Y,,-,,0,1,0,0,0,0,0,0,1,"- ","- ",,,"SAN FRANCISCO","SAN FRANCISCO",-122.41400909423828,37.771884918212891
9634700,2023,2024-01-23,3801,2023-11-27,"826 ",1224,MISSI,1,5,7,3801,0,0,0,,0,0D4,"CESAR CHAVEZ ST","VALENCIA ST",0.00,,Y,A,-,N,,,,,,,,,,N,3,0,1,2,A,-,10,21950,A,N,G,B,B,A,H,-,A,A,0,Y,,,,Y,,A,01,0,1,0,0,1,0,0,0,0,"- ","- ",,,"SAN FRANCISCO","SAN FRANCISCO",-122.42025756835938,37.748161315917969
92064363,2023,2023-05-08,9335,2023-05-04,1005,020384,,4,1,7,3801,0,1,1,,1,081,"I-80 W/B","THE EMBARCADERO",800.00,E,N,B,-,Y,SF,,80," "," ",6.084,H,,L,Y,4,0,1,4,A,-,03,22350,,N,C,C,A,A,H,-,A,D,0,,,,,Y,,I,11,0,0,1,0,0,0,0,0,0,"- ","- ",37.790779113769531,-122.38596343994141,"SAN FRANCISCO","SAN FRANCISCO",-122.38584899902344,37.790702819824219
9576071,2023,2023-05-11,3801,2023-04-10,"928 ",1540,TARAV,1,5,7,3801,0,0,0,,0,3I1A,"ORTEGA ST","40TH AV",20.00,S,N,B,-,N,,,,,,,,,,N,3,0,1,2,A,-,10,21950,A,N,-,B,B,A,H,-,A,A,0,Y,,,,Y,,A,01,0,1,0,0,1,0,0,0,0,"- ","- ",,,"SAN FRANCISCO","SAN FRANCISCO",-122.49883270263672,37.751399993896484
9602289,2023,2023-08-10,3801,2023-06-21,1615,670,INGLE,3,5,7,3801,0,0,0,,0,3H13D,"MONTEREY BL","CIRCULAR ST",0.00,,Y,A,-,N,,,,,,,,,,Y,4,0,1,2,A,-,08,22107,,F,B,C,A,A,H,-,A,A,0,,,,,Y,,A,01,0,0,1,0,0,0,0,0,0,"- ","- ",,,"SAN FRANCISCO","SAN FRANCISCO",-122.4365234375,37.731582641601562
9624406,2023,2023-09-21,3801,2023-08-10,1331,1051,NORTH,4,5,7,3801,0,0,0,,0,3E13C,"HAYES ST","VAN NESS AV",150.00,E,N,A,-,N,,,,,,,,,,N,3,0,1,3,A,-,17,22517,,N,B,G,A,A,H,-,A,D,0,,Y,,Y,Y,,F,25,0,1,0,0,0,0,1,0,0,"- ","- ",,,"SAN FRANCISCO","SAN FRANCISCO",-122.41916656494141,37.777362823486328