CASE_ID,ACCIDENT_YEAR,PROC_DATE,JURIS,COLLISION_DATE,COLLISION_TIME,OFFICER_ID,REPORTING_DISTRICT,DAY_OF_WEEK,CHP_SHIFT,POPULATION,CNTY_CITY_LOC,SPECIAL_COND,BEAT_TYPE,CHP_BEAT_TYPE,CITY_DIVISION_LAPD,CHP_BEAT_CLASS,BEAT_NUMBER,PRIMARY_RD,SECONDARY_RD,DISTANCE,DIRECTION,INTERSECTION,WEATHER_1,WEATHER_2,STATE_HWY_IND,CALTRANS_COUNTY,CALTRANS_DISTRICT,STATE_ROUTE,ROUTE_SUFFIX,POSTMILE_PREFIX,POSTMILE,LOCATION_TYPE,RAMP_INTERSECTION,SIDE_OF_HWY,TOW_AWAY,COLLISION_SEVERITY,NUMBER_KILLED,NUMBER_INJURED,PARTY_COUNT,PRIMARY_COLL_FACTOR,PCF_CODE_OF_VIOL,PCF_VIOL_CATEGORY,PCF_VIOLATION,PCF_VIOL_SUBSECTION,HIT_AND_RUN,TYPE_OF_COLLISION,MVIW,PED_ACTION,ROAD_SURFACE,ROAD_COND_1,ROAD_COND_2,LIGHTING,CONTROL_DEVICE,CHP_ROAD_TYPE,PEDESTRIAN_ACCIDENT,BICYCLE_ACCIDENT,MOTORCYCLE_ACCIDENT,TRUCK_ACCIDENT,NOT_PRIVATE_PROPERTY,ALCOHOL_INVOLVED,STWD_VEHTYPE_AT_FAULT,CHP_VEHTYPE_AT_FAULT,COUNT_SEVERE_INJ,COUNT_VISIBLE_INJ,COUNT_COMPLAINT_PAIN,COUNT_PED_KILLED,COUNT_PED_INJURED,COUNT_BICYCLIST_KILLED,COUNT_BICYCLIST_INJURED,COUNT_MC_KILLED,COUNT_MC_INJURED,PRIMARY_RAMP,SECONDARY_RAMP,LATITUDE,LONGITUDE,COUNTY,CITY,POINT_X,POINT_Y
9626170,2023,2023-10-11,3801,2023-09-14,2049,4276,NORTH,4,5,7,3801,0,0,0,,0,3E15D,"GREEN ST","STEINER ST",0.00,,Y,A,-,N,,,,,,,,,,N,3,0,1,1,C,-,18,,,N,F,A,A,D,B,-,C,D,0,,,Y,,Y,,-,"- ",0,1,0,0,0,0,0,0,1,"- ","- ",,,"SAN FRANCISCO","SAN FRANCISCO",-122.43695068359375,37.795951843261719
9626243,2023,2023-10-11,3801,2023-09-08,2120,WONG,TARAV,5,5,7,3801,0,0,0,,0,3I13E,"SUNSET BL","QUINTARA ST",25.00,N,N,A,-,N,,,,,,,,,,N,3,0,3,2,A,-,03,22350,,N,C,C,A,A,H,-,C,A,0,,,,,Y,,B,01,0,1,2,0,0,0,0,0,0,"- ","- ",,,"SAN FRANCISCO","SAN FRANCISCO",-122.49492645263672,37.747879028320312
9633700,2023,2023-11-21,3801,2023-10-08,"206 ",2425,TENDE,7,5,7,3801,0,0,0,,0,3J13E,"HYDE ST","GOLDEN GATE AV",0.00,N,N,A,-,N,,,,,,,,,,N,4,0,1,2,A,-,03,22350,,N,B,B,E,A,H,-,C,A,0,Y,,,,Y,,A,07,0,0,1,0,1,0,0,0,0,"- ","- ",,,"SAN FRANCISCO","SAN FRANCISCO",-122.41549682617188,37.781650543212891
9468693,2023,2023-09-14,3801,2023-08-11,1830,2425,TENDE,5,5,7,3801,0,0,0,,0,3J13D,"LARKIN ST","GROVE ST",0.00,,Y,A,-,N,,,,,,,,,,N,3,0,1,2,A,-,09,21801,A,N,D,C,A,A,H,-,A,A,0,,,Y,,Y,,A,01,0,1,0,0,0,0,0,0,1,"- ","- ",,,"SAN FRANCISCO","SAN FRANCISCO",-122.41658782958984,37.778659820556641
9545558,2023,2023-02-24,3801,2023-01-11,1048,1796,RICHM,3,5,7,3801,0,0,0,,0,3G14A,"CALIFORNIA ST","24TH AV",0.00,,Y,C,-,N,,,,,,,,,,Y,4,0,1,2,A,-,09,21802,A,N,D,C,A,B,H,-,A,D,0,,,,,Y,,A,01,0,0,1,0,0,0,0,0,0,"- ","- ",,,"SAN FRANCISCO","SAN FRANCISCO",-122.48391723632812,37.783924102783203
9553921,2023,2023-03-25,3801,2023-02-03,1652,2441,INGLE,5,5,7,3801,0,0,0,,0,3H15D,"HANOVER ST","LOWELL ST",93.00,S,N,B,-,N,,,,,,,,,,Y,3,0,1,4,A,-,08,22107,,N,F,E,A,B,E,-,A,D,0,,,,,Y,,A,01,0,1,0,0,0,0,0,0,0,"- ","- ",,,"SAN FRANCISCO","SAN FRANCISCO",-122.44515228271484,37.708473205566406
9561262,2023,2023-04-08,3801,2023-03-17,2042,1637,SOUTH,5,5,7,3801,0,0,0,,0,3B15D,"DE HARO ST","16TH ST",0.00,,Y,A,-,N,,,,,,,,,,Y,4,0,1,2,A,-,21,22106,,N,C,C,A,A,H,-,C,A,0,,,,,Y,Y,A,01,0,0,1,0,0,0,0,0,0,"- ","- ",,,"SAN FRANCISCO","SAN FRANCISCO",-122.40169525146484,37.766151428222656
9561329,2023,2023-04-19,3801,2023-03-27,"845 ",1978,BAYVI,1,5,7,3801,0,0,0,,0,003,EVANS,"EVANS 1300",0.00,,Y,A,-,N,,,,,,,,,,Y,4,0,2,2,A,-,08,22107,,N,B,C,A,-,H,-,A,A,0,,,,,Y,,A,08,0,0,2,0,0,0,0,0,0,"- ","- ",,,"SAN FRANCISCO","SAN FRANCISCO",,
9575934,2023,2023-06-20,3801,2023-04-16,1645,2390,MISSI,7,5,7,3801,0,0,0,,0,3D14D,"MISSION ST","25TH ST",34.00,N,N,A,-,N,,,,,,,,,,Y,3,0,1,4,A,-,03,22350,,F,C,C,A,A,H,-,A,A,0,,,,,Y,,A,01,0,1,0,0,0,0,0,0,0,"- ","- ",,,"SAN FRANCISCO","SAN FRANCISCO",-122.41831207275391,37.750751495361328
92172804,2023,2023-09-18,9335,2023-09-01,"859 ",023111,,5,1,7,3801,0,1,1,,2,080,"I-80 W/B","THE EMBARCADERO UNDERCROSSING",366.00,W,N,A,-,Y,SF,,80," "," ",5.819,H,,L,Y,3,0,1,2,A,-,03,22350,,N,C,C,A,A,H,-,A,D,0,,,Y,,Y,,C,02,0,1,0,0,0,0,0,0,1,"- ","- ",37.787750244140625,-122.3890380859375,"SAN FRANCISCO","SAN FRANCISCO",-122.38905334472656,37.787761688232422
9576084,2023,2023-05-10,3801,2023-04-14,1445,1871,INGLE,5,5,7,3801,0,0,0,,0,901,"MOSCOW ST","GENEVA AV",0.00,,Y,A,-,N,,,,,,,,,,N,4,0,1,2,A,-,12,21453,A,F,D,C,A,A,H,-,A,A,0,,,,,Y,,A,01,0,0,1,0,0,0,0,0,0,"- ","- ",,,"SAN FRANCISCO","SAN FRANCISCO",-122.43374633789062,37.713130950927734
9610653,2023,2023-09-08,3801,2023-08-06,1234,359,TARAV,7,5,7,3801,0,0,0,,0,312B,"LINCOLN WY","16TH AV",0.00,,Y,A,-,N,,,,,,,,,,Y,3,0,1,2,A,-,08,22107,,N,D,C,A,A,H,-,A,D,0,,,Y,,Y,,A,01,0,1,0,0,0,0,0,0,1,"- ","- ",,,"SAN FRANCISCO","SAN FRANCISCO",-122.47406768798828,37.765594482421875
9633840,2023,2023-12-05,3801,2023-10-23,1710,19,BAYV,1,5,7,3801,0,0,0,,0,901,"SHAFTER AV","JENNINGS ST",0.00,,N,-,-,N,,,,,,,,,,Y,4,0,1,2,A,-,03,22350,,N,D,C,A,A,H,-,A,D,0,,,,,Y,,A,01,0,0,1,0,0,0,0,0,0,"- ","- ",,,"SAN FRANCISCO","SAN FRANCISCO",-122.38697814941406,37.728908538818359
9634731,2023,2024-01-20,3801,2023-11-16,1659,1909,NORTH,4,5,7,3801,0,0,0,,0,NORTHE,"LAGUNA ST","ELLIS ST",0.00,,Y,A,-,N,,,,,,,,,,Y,4,0,1,2,A,-,10,21950,A,N,G,B,B,A,H,-,C,D,0,Y,,,,Y,,A,01,0,0,1,0,1,0,0,0,0,"- ","- ",,,"SAN FRANCISCO","SAN FRANCISCO",-122.42758178710938,37.782981872558594
9636251,2023,2024-02-12,3801,2023-12-23,2314,2431,,6,5,7,3801,0,0,0,,0,3E13E,"POLK ST","WILLOW ST",0.00,,Y,A,-,N,,,,,,,,,,N,4,0,1,2,A,-,12,22450,A,N,-,G,A,A,H,-,C,A,0,,Y,,,Y,,L,04,0,0,1,0,0,0,1,0,0,"- ","- ",,,"SAN FRANCISCO","SAN FRANCISCO",-122.41925811767578,37.783557891845703
9650242,2023,2024-01-11,3801,2023-11-19,1515,2419,RICHM,7,5,7,3801,0,0,0,,0,908,"PINE ST","PRESIDIO AV",0.00,,Y,A,-,N,,,,,,,,,,Y,4,0,1,1,A,-,03,22350,,N,E,I,A,A,H,-,A,A,0,,,,,Y,,A,01,0,0,1,0,0,0,0,0,0,"- ","- ",,,"SAN FRANCISCO","SAN FRANCISCO",-122.44660186767578,37.786293029785156
9603196,2023,2023-08-02,3801,2023-04-16,2203,1466,SOUTH,7,5,7,3801,0,0,0,,0,04B,"BRYANT ST","9TH ST",0.00,,Y,A,-,N,,,,,,,,,,Y,3,0,1,2,A,-,08,22107,,F,B,C,A,A,H,-,C,A,0,,,Y,,Y,,-,,0,1,0,0,0,0,0,0,1,"- ","- ",,,"SAN FRANCISCO","SAN FRANCISCO",-122.40853118896484,37.771289825439453
9625585,2023,2023-10-16,3801,2023-08-07,1621,2730,INGLE,1,5,7,3801,0,0,0,,0,3H13D,"ALEMANY BL","OCEAN AV",0.00,,Y,A,-,N,,,,,,,,,,Y,4,0,1,2,D,-,00,,,N,F,C,A,A,H,-,A,A,0,,,,,Y,,-,"- ",0,0,1,0,0,0,0,0,0,"- ","- ",,,"SAN FRANCISCO","SAN FRANCISCO",-122.43753814697266,37.723697662353516
9634758,2023,2023-12-20,3801,2023-11-11,1939,233,MISSI,6,5,7,3801,0,0,0,,0,03D,"VALENCIA ST","21ST ST",0.00,,Y,A,-,N,,,,,,,,,,N,4,0,1,2,A,-,08,22101,D,N,D,G,A,A,H,-,C,A,0,,Y,,,Y,,A,01,0,0,1,0,0,0,1,0,0,"- ","- ",,,"SAN FRANCISCO","SAN FRANCISCO",-122.42109680175781,37.756908416748047
9636000,2023,2024-02-12,3801,2023-12-22,1618,2718,BAYVI,5,5,7,3801,0,0,0,,0,3C11D,"KANSAS ST","CESAR CHAVEZ ST",0.00,,Y,A,-,N,,,,,,,,,,Y,3,0,2,2,A,-,07,21658,A,F,A,C,A,A,H,-,A,A,0,,,,,Y,,A,01,0,1,1,0,0,0,0,0,0,"- ","- ",,,"SAN FRANCISCO","SAN FRANCISCO",-122.40206146240234,37.749393463134766
9636303,2023,2024-02-14,3801,2023-12-15,1056,2124,MISSI,5,5,7,3801,0,0,0,,0,3D13A,"FOLSOM ST","16TH ST",0.00,,Y,A,-,N,,,,,,,,,,N,3,0,1,2,A,-,09,21801,A,N,D,G,A,A,H,-,A,A,0,,Y,,,Y,,A,01,0,1,0,0,0,0,1,0,0,"- ","- ",,,"SAN FRANCISCO","SAN FRANCISCO",-122.41529846191406,37.765312194824219
9679147,2023,2024-03-19,3801,2023-10-04,1013,4259,RICHM,3,5,7,3801,0,0,0,,0,3G12A,"EUCLID AV","JORDAN AV",0.00,,Y,A,-,N,,,,,,,,,,Y,4,0,1,2,A,-,09,21802,A,N,D,C,A,A,D,-,A,A,0,,,,,Y,,A,01,0,0,1,0,0,0,0,0,0,"- ","- ",,,"SAN FRANCISCO","SAN FRANCISCO",-122.45680999755859,37.783908843994141
92009422,2023,2023-03-03,9335,2023-02-24,1710,023167,,5,2,7,3801,0,1,2,,2,014,"US 101 N/B","18TH ST OVERCROSSING",160.00,S,N,A,-,Y,SF,,101," "," ",3.927,H,,R,Y,4,0,2,2,A,-,03,22350,,N,C,C,A,A,H,-,B,D,0,,,,,Y,,A,01,0,0,2,0,0,0,0,0,0,"- ","- ",37.761749267578125,-122.40598297119141,"SAN FRANCISCO","SAN FRANCISCO",-122.40589141845703,37.76171875
92083685,2023,2024-05-08,9335,2023-05-30,2235,023121,,2,3,7,3801,0,1,1,,1,081,"I-80 W/B","TREASURE ISLAND ROAD",3471.00,W,N,A,-,Y,SF,,80," "," ",7.070,H,,L,Y,1,1,2,2,A,-,03,22350,,N,C,C,A,A,H,-,C,D,0,,,,,Y,,A,01,1,0,1,0,0,0,0,0,0,"- ","- ",37.801811218261719,-122.37416076660156,"SAN FRANCISCO","SAN FRANCISCO",-122.37393188476562,37.801654815673828
92256690,2023,2023-12-08,9335,2023-11-30,1035,019949,,4,1,7,3801,0,1,1,,2,022,"I-280 S/B","FARALLONES ST OVERCROSSING",250.00,N,N,A,-,Y,SF,,280," ",R,1.115,H,,L,Y,3,0,2,2,A,-,03,22350,,N,C,C,A,A,H,-,A,D,0,,,,,Y,,A,01,0,1,1,0,0,0,0,0,0,"- ","- ",37.714271545410156,-122.45133972167969,"SAN FRANCISCO","SAN FRANCISCO",-122.4512939453125,37.714237213134766
9469542,2023,2023-10-03,3801,2023-08-23,1646,1215,MISSI,3,5,7,3801,0,0,0,,0,006,"HARRISON ST","18TH ST",0.00,,Y,A,-,N,,,,,,,,,,N,4,0,1,2,A,-,09,21801,A,N,D,G,A,A,H,-,A,-,0,,Y,,,Y,,A,01,0,0,1,0,0,0,1,0,0,"- ","- ",,,"SAN FRANCISCO","SAN FRANCISCO",-122.41284942626953,37.762252807617188
9545463,2023,2023-02-24,3801,2023-01-01,1610,709,BAYVI,7,5,7,3801,0,0,0,,0,3C14D,"SILVER AV","SAN BRUNO AV",0.00,,Y,B,-,N,,,,,,,,,,Y,4,0,2,2,A,-,03,22350,,N,A,C,A,A,H,-,A,A,0,,,,,Y,,A,01,0,0,2,0,0,0,0,0,0,"- ","- ",,,"SAN FRANCISCO","SAN FRANCISCO",-122.40561676025391,37.732444763183594
9554148,2023,2023-03-25,3801,2023-02-18,1640,1909,NORTH,6,5,7,3801,0,0,0,,0,NORTH,"VAN NESS AV",BROADWAY,35.00,S,N,A,-,N,,,,,,,,,,N,3,0,1,2,A,-,03,22350,,N,C,E,A,A,H,-,A,D,0,,,,,Y,,M,94,0,1,0,0,0,0,0,0,0,"- ","- ",,,"SAN FRANCISCO","SAN FRANCISCO",-122.42330932617188,37.795654296875
9561287,2023,2023-04-12,3801,2023-02-26,2045,1680,MISSI,7,5,7,3801,0,0,0,,0,3D13D,"15TH ST","GUERRERO ST",0.00,,Y,A,-,N,,,,,,,,,,N,4,0,1,2,A,-,09,21801,,N,H,-,A,A,H,-,C,A,0,,,Y,,Y,,A,07,0,0,1,0,0,0,0,0,1,"- ","- ",,,"SAN FRANCISCO","SAN FRANCISCO",-122.42424011230469,37.766403198242188
9573291,2023,2023-05-13,3801,2023-04-17,1400,4335,RICHM,1,5,7,3801,0,0,0,,0,,"PARK PRESIDIO BL","ANZA ST",15.00,N,N,A,-,N,,,,,,,,,,N,4,0,2,2,A,-,04,21703,,N,C,C,A,A,H,-,A,D,0,,,,,Y,,A,01,0,0,2,0,0,0,0,0,0,"- ","- ",,,"SAN FRANCISCO","SAN FRANCISCO",-122.47219085693359,37.778762817382812
9573325,2023,2023-05-11,3801,2023-04-13,1437,2580,TENDE,4,5,7,3801,0,0,0,,0,4CAR,"CYRIL MAGNIN ST","MARKET ST",25.00,N,N,A,-,N,,,,,,,,,,,4,0,1,2,A,-,04,21703,,N,C,C,A,A,H,-,A,A,0,,,,,Y,Y,A,01,0,0,1,0,0,0,0,0,0,"- ","- ",,,"SAN FRANCISCO","SAN FRANCISCO",-122.40812683105469,37.784046173095703
92161842,2023,2023-09-04,9335,2023-08-25,1105,022795,,5,1,7,3801,0,1,1,,2,023,"I-280 S/B","MISSION STREET",565.00,S,N,A,-,Y,SF,,280," ",R,3.000,H,,L,Y,3,0,1,2,A,-,01,23152,F,N,B,C,A,A,H,-,A,D,0,,,,,Y,,A,01,0,1,0,0,0,0,0,0,0,"- ","- ",37.732379913330078,-122.43013000488281,"SAN FRANCISCO","SAN FRANCISCO",-122.43013000488281,37.732372283935547
9633740,2023,2023-11-21,3801,2023-10-10,1952,221,RICHM,2,5,7,3801,0,0,0,,0,3G15D,"47TH AV","FULTON ST",0.00,,Y,C,-,N,,,,,,,,,,Y,4,0,2,2,A,-,03,22350,,N,C,C,A,B,H,-,C,A,0,,,,,Y,,A,01,0,0,2,0,0,0,0,0,0,"- ","- ",,,"SAN FRANCISCO","SAN FRANCISCO",-122.50775909423828,37.771488189697266
9633812,2023,2023-11-22,3801,2023-10-28,2347,2467,BAYVI,6,5,7,3801,0,0,0,,0,3C11E,"CESAR CHAVEZ ST","MISSISSIPPI ST",0.00,,Y,A,-,N,,,,,,,,,,N,4,0,1,2,A,-,03,22350,,F,D,C,A,A,H,-,C,D,0,,,,,Y,,A,01,0,0,1,0,0,0,0,0,0,"- ","- ",,,"SAN FRANCISCO","SAN FRANCISCO",-122.39335632324219,37.749931335449219
9633817,2023,2023-11-22,3801,2023-10-25,1648,2459,SOUTH,3,5,7,3801,0,0,0,,0,3B13D,"8TH ST","NATOMA ST",9.00,E,N,A,-,N,,,,,,,,,,N,4,0,1,2,A,-,12,21453,,N,D,C,-,A,H,-,A,D,0,Y,,,,Y,,N,60,0,0,1,0,1,0,0,0,0,"- ","- ",,,"SAN FRANCISCO","SAN FRANCISCO",-122.412109375,37.776641845703125
9634720,2023,2024-01-26,3801,2023-11-18,2207,1602,BAYVI,6,5,7,3801,0,0,0,,0,3C12E,"BAY SHORE BL","FLOWER ST",516.00,S,N,A,-,N,,,,,,,,,,Y,4,0,1,3,A,-,03,22350,,N,F,E,A,B,H,-,C,A,0,,,,,Y,,A,01,0,0,1,0,0,0,0,0,0,"- ","- ",,,"SAN FRANCISCO","SAN FRANCISCO",-122.40654754638672,37.741275787353516
9658565,2023,2024-03-30,3801,2023-12-31,1149,LAU933,INGLE,7,5,7,3801,0,0,0,,0,0H5,"MISSION ST","ACTION ST",0.00,,Y,A,-,N,,,,,,,,,,N,4,0,2,3,A,-,08,22107,,N,B,C,A,A,H,-,A,D,0,,,,,Y,,A,01,0,0,2,0,0,0,0,0,0,"- ","- ",,,"SAN FRANCISCO","SAN FRANCISCO",-122.4527587890625,37.70880126953125
91986760,2023,2023-02-06,9335,2023-01-25,1610,023111,,3,2,7,3801,0,1,2,,2,013,"US-101 N/B","CESAR CHAVEZ STREET UNDERCROSSING",600.00,S,N,A,-,Y,SF,,101," "," ",2.893,H,,R,N,4,0,1,2,A,-,03,22350,,N,C,C,A,A,H,-,A,D,0,,,,,Y,,D,22,0,0,1,0,0,0,0,0,0,"- ","- ",37.747730255126953,-122.40409851074219,"SAN FRANCISCO","SAN FRANCISCO",-122.40412902832031,37.747737884521484
9576020,2023,2023-05-10,3801,2023-04-05,"953 ",4310,TENDE,3,5,7,3801,0,0,0,,0,3J14A,"MCALLISTER ST","CHARLES J BRENHAM ST",0.00,,N,A,-,N,,,,,,,,,,N,4,0,1,2,A,-,08,22101,D,N,G,B,B,A,H,-,A,A,0,Y,,,,Y,,A,01,0,0,1,0,1,0,0,0,0,"- ","- ",,,"SAN FRANCISCO","SAN FRANCISCO",-122.41309356689453,37.781002044677734
9576083,2023,2023-05-10,3801,2023-04-15,"24  ",1113,PARK,6,5,7,3801,0,0,0,,0,3F14E,"CASTRO ST","DUBOCE AV",0.00,,Y,A,-,N,,,,,,,,,,Y,4,0,1,2,A,-,03,22350,,N,B,E,A,A,H,-,C,B,0,,,,,Y,Y,A,01,0,0,1,0,0,0,0,0,0,"- ","- ",,,"SAN FRANCISCO","SAN FRANCISCO",-122.43582153320312,37.769050598144531
9580672,2023,2023-06-20,3801,2023-05-27,1155,715,NORTH,6,5,7,3801,0,0,0,,0,3E12A,"POLK ST","GEARY ST",0.00,,Y,B,-,N,,,,,,,,,,N,4,0,2,2,A,-,00,21228,B,N,H,J,A,A,H,-,A,A,0,,,,,Y,,-,,0,0,2,0,0,0,0,0,0,"- ","- ",,,"SAN FRANCISCO","SAN FRANCISCO",-122.41973876953125,37.785896301269531
9610656,2023,2023-09-08,3801,2023-08-07,"815 ",283,MISSI,1,5,7,3801,0,0,0,,0,0D4,"CAPP ST","24TH ST",177.00,N,N,A,-,N,,,,,,,,,,N,4,0,1,2,A,-,04,21703,,N,C,G,A,A,H,-,A,A,0,,Y,,,Y,,L,04,0,0,1,0,0,0,1,0,0,"- ","- ",,,"SAN FRANCISCO","SAN FRANCISCO",-122.41738128662109,37.752796173095703
9626269,2023,2023-10-11,3801,2023-09-06,1145,1580,SOUTH,3,5,7,3801,0,0,0,,0,3B12A,"FOLSOM ST","ESSEX ST",0.00,,Y,A,-,N,,,,,,,,,,N,3,0,1,2,A,-,17,21209,A,N,B,G,A,A,H,-,A,A,0,,Y,,,Y,,A,01,0,1,0,0,0,0,1,0,0,"- ","- ",,,"SAN FRANCISCO","SAN FRANCISCO",-122.39569091796875,37.786384582519531
9633730,2023,2023-11-21,3801,2023-10-13,1648,1845,TARAV,5,5,7,3801,0,0,0,,0,3I16D,"ALEMANY BL","SAN JOSE AV",0.00,,Y,A,-,N,,,,,,,,,,N,4,0,1,2,A,-,04,21703,,N,C,C,A,A,H,-,A,A,0,,,,,Y,,A,01,0,0,1,0,0,0,0,0,0,"- ","- ",,,"SAN FRANCISCO","SAN FRANCISCO",-122.45709991455078,37.710071563720703
9468764,2023,2023-09-12,3801,2023-07-29,2342,1480,MISSI,6,5,7,3801,0,0,0,,0,3D15E,"MISSION ST","DUBOCE AV",0.00,,Y,A,-,N,,,,,,,,,,Y,3,0,1,2,A,-,12,21453,A,F,-,C,A,A,-,-,C,A,0,,,,,Y,,A,01,0,1,0,0,0,0,0,0,0,"- ","- ",,,"SAN FRANCISCO","SAN FRANCISCO",-122.42018127441406,37.769992828369141
9545453,2023,2023-03-01,3801,2023-01-14,1730,2028,BAYVI,6,5,7,3801,0,0,0,,0,3C12D,"CARROLL AV",PHELPS,321.00,W,N,C,-,N,,,,,,,,,,Y,4,0,1,2,A,-,03,22350,,N,H,E,A,B,H,-,C,D,0,,,,,Y,,A,01,0,0,1,0,0,0,0,0,0,"- ","- ",,,"SAN FRANCISCO","SAN FRANCISCO",-122.40175628662109,37.729713439941406
9561344,2023,2023-04-26,3801,2023-03-08,2240,1830,CENTR,3,5,7,3801,0,0,0,,0,3A12E,"SUTTER ST","KEARNY ST",0.00,,Y,A,-,N,,,,,,,,,,N,4,0,1,2,A,-,12,21453,A,N,D,C,A,A,H,-,C,A,0,,,,,Y,,-,"- ",0,0,1,0,0,0,0,0,0,"- ","- ",,,"SAN FRANCISCO","SAN FRANCISCO",-122.40383911132812,37.789829254150391
9591699,2023,2023-07-13,3801,2023-06-23,1545,2400,BAYVI,5,5,7,3801,0,0,0,,0,5CAR,"GILMAN AV","GRIFFITH ST",0.00,,Y,A,-,N,,,,,,,,,,Y,3,0,1,2,A,-,12,22450,A,N,D,C,A,A,H,-,A,A,0,,,Y,,Y,,C,03,0,1,0,0,0,0,0,0,1,"- ","- ",,,"SAN FRANCISCO","SAN FRANCISCO",-122.38812255859375,37.718215942382812
9600291,2023,2023-08-11,3801,2023-07-07,1358,668,NORTH,5,5,7,3801,0,0,0,,0,3E14C,"POLK ST","EDDY ST",0.00,,Y,A,-,N,,,,,,,,,,N,4,0,1,2,A,-,21,22106,,N,B,C,A,A,H,-,A,-,0,,,,,Y,,D,22,0,0,1,0,0,0,0,0,0,"- ","- ",,,"SAN FRANCISCO","SAN FRANCISCO",-122.41918182373047,37.7830810546875
9615806,2023,2023-09-20,3801,2023-07-31,1240,4305,NORTH,1,5,7,3801,0,0,0,,0,0E3,"VAN NESS AV","PINE ST",0.00,,-,A,-,N,,,,,,,,,,,4,0,2,2,A,-,12,21453,,N,D,C,A,A,H,-,A,A,0,,,,,Y,,A,07,0,0,2,0,0,0,0,0,0,"- ","- ",,,"SAN FRANCISCO","SAN FRANCISCO",-122.42209625244141,37.789417266845703
9634775,2023,2023-12-19,3801,2023-11-14,1600,4294,NORTH,2,5,7,3801,0,0,0,,0,0E3,"GEARY BL","FRANKLIN ST",0.00,,Y,A,-,N,,,,,,,,,,N,4,0,1,2,A,-,08,22100,B,N,D,C,A,A,H,-,A,A,0,,,Y,,Y,,A,01,0,0,1,0,0,0,0,0,1,"- ","- ",,,"SAN FRANCISCO","SAN FRANCISCO",-122.42301940917969,37.785484313964844
9634784,2023,2024-01-20,3801,2023-11-10,2150,4140,TENDE,5,5,7,3801,0,0,0,,0,3J12E,"4TH ST","STEVENSON ST",0.00,,Y,A,-,N,,,,,,,,,,Y,3,0,1,2,A,-,17,21235,G,N,D,-,A,A,H,-,C,D,0,,,,,Y,Y,M,94,0,1,0,0,0,0,0,0,0,"- ","- ",,,"SAN FRANCISCO","SAN FRANCISCO",-122.40518951416016,37.785293579101562
9641827,2023,2023-12-13,3801,2023-10-30,1133,2180,BAYVI,1,5,7,3801,0,0,0,,0,3C4A,"SHAFTER AV","ELMIRA ST",0.00,,Y,A,-,N,,,,,,,,,,Y,4,0,2,2,A,-,12,22450,A,N,D,C,A,A,H,-,A,A,0,,,,,Y,,A,01,0,0,2,0,0,0,0,0,0,"- ","- ",,,"SAN FRANCISCO","SAN FRANCISCO",-122.40393829345703,37.738529205322266
92096704,2023,2024-10-09,9335,2023-06-10,2204,023063,,6,3,7,3801,0,1,1,,1,083,"I-80 EASTBOUND","BEALE ST.",72.00,E,N,A,-,Y,SF,,80," "," ",5.742,H,,R,Y,4,0,1,3,A,-,07,21658,A,M,C,C,A,A,H,-,C,D,0,,,,,Y,,-,99,0,0,1,0,0,0,0,0,0,"- ","- ",37.786949157714844,-122.39006042480469,"SAN FRANCISCO","SAN FRANCISCO",-122.38999176025391,37.786903381347656
8939701,2023,2024-01-17,3801,2023-12-06,"146 ",262,TRAFF,3,5,7,3801,0,0,0,,0,4BIE,"ELLIS ST","POLK ST",0.00,,Y,A,-,N,,,,,,,,,,N,1,1,0,2,A,-,12,21453,A,F,D,C,A,A,H,-,C,A,0,,,,,Y,,-,99,0,0,0,0,0,0,0,0,0,"- ","- ",,,"SAN FRANCISCO","SAN FRANCISCO",-122.41934967041016,37.784042358398438
91973685,2023,2023-01-23,9335,2023-01-12,1215,023119,,4,1,7,3801,0,1,1,,2,022,"I-280 S/B TO OCEAN AVE","OCEAN AVE O/C",918.00,N,N,A,-,Y,SF,,280," ",R,1.944,H,,L,N,4,0,1,2,A,-,03,22350,,N,C,C,A,A,H,-,A,D,0,,,,,Y,,E,22,0,0,1,0,0,0,0,0,0,"- ","- ",37.725460052490234,-122.4468994140625,"SAN FRANCISCO","SAN FRANCISCO",-122.44672393798828,37.725379943847656
91978314,2023,2023-01-26,9335,2023-01-17,1153,023167,,2,1,7,3801,0,1,2,,2,013,"US 101 N/B TO 3RD STREET","3RD STREET OVERCROSSING",883.00,S,N,A,-,Y,SF,,101," "," ",0.389,H,,R,Y,2,0,2,1,A,-,01,23152,A,N,E,I,A,A,H,-,A,D,0,,,,,Y,Y,A,07,1,1,0,0,0,0,0,0,0,"- ","- ",37.713951110839844,-122.39665985107422,"SAN FRANCISCO","SAN FRANCISCO",-122.39688873291016,37.713829040527344
91981359,2023,2023-01-30,9335,2023-01-17,1518,023111,,2,2,7,3801,0,1,1,,1,081,"I-80 W/B","THE EMBARCADERO UNDERCROSSING",8428.00,E,N,A,-,Y,SF,,80," "," ",7.505,H,,L,N,4,0,1,2,A,-,03,22350,,M,C,C,A,A,H,-,A,D,0,,,,,Y,,-,99,0,0,1,0,0,0,0,0,0,"- ","- ",37.806671142578125,-122.36892700195312,"SAN FRANCISCO","SAN FRANCISCO",-122.36872100830078,37.806529998779297