CASE_ID,ACCIDENT_YEAR,PROC_DATE,JURIS,COLLISION_DATE,COLLISION_TIME,OFFICER_ID,REPORTING_DISTRICT,DAY_OF_WEEK,CHP_SHIFT,POPULATION,CNTY_CITY_LOC,SPECIAL_COND,BEAT_TYPE,CHP_BEAT_TYPE,CITY_DIVISION_LAPD,CHP_BEAT_CLASS,BEAT_NUMBER,PRIMARY_RD,SECONDARY_RD,DISTANCE,DIRECTION,INTERSECTION,WEATHER_1,WEATHER_2,STATE_HWY_IND,CALTRANS_COUNTY,CALTRANS_DISTRICT,STATE_ROUTE,ROUTE_SUFFIX,POSTMILE_PREFIX,POSTMILE,LOCATION_TYPE,RAMP_INTERSECTION,SIDE_OF_HWY,TOW_AWAY,COLLISION_SEVERITY,NUMBER_KILLED,NUMBER_INJURED,PARTY_COUNT,PRIMARY_COLL_FACTOR,PCF_CODE_OF_VIOL,PCF_VIOL_CATEGORY,PCF_VIOLATION,PCF_VIOL_SUBSECTION,HIT_AND_RUN,TYPE_OF_COLLISION,MVIW,PED_ACTION,ROAD_SURFACE,ROAD_COND_1,ROAD_COND_2,LIGHTING,CONTROL_DEVICE,CHP_ROAD_TYPE,PEDESTRIAN_ACCIDENT,BICYCLE_ACCIDENT,MOTORCYCLE_ACCIDENT,TRUCK_ACCIDENT,NOT_PRIVATE_PROPERTY,ALCOHOL_INVOLVED,STWD_VEHTYPE_AT_FAULT,CHP_VEHTYPE_AT_FAULT,COUNT_SEVERE_INJ,COUNT_VISIBLE_INJ,COUNT_COMPLAINT_PAIN,COUNT_PED_KILLED,COUNT_PED_INJURED,COUNT_BICYCLIST_KILLED,COUNT_BICYCLIST_INJURED,COUNT_MC_KILLED,COUNT_MC_INJURED,PRIMARY_RAMP,SECONDARY_RAMP,LATITUDE,LONGITUDE,COUNTY,CITY,POINT_X,POINT_Y
91991165,2023,2023-02-10,9335,2023-01-28,2026,023082,,6,2,7,3801,0,1,1,,2,022,"I-280 NORTHBOUND TO 19TH AVENUE","JOHN DALY BOULEVARD OVERCROSSING",690.00,S,N,A,-,Y,SM,,280," ",M,27.019,H,,R,Y,4,0,3,2,A,-,07,21658,A,N,C,C,A,A,H,-,C,D,0,,,,,Y,,A,01,0,0,3,0,0,0,0,0,0,"- ","- ",37.702960968017578,-122.47148895263672,"SAN FRANCISCO","SAN FRANCISCO",-122.4713134765625,37.702953338623047
91991625,2023,2023-02-10,9335,2023-01-31,"915 ",021957,,2,1,7,3801,0,1,2,,2,013,"US-101 S/B","BACON ST. UNDER-CROSSING",495.00,S,N,A,-,Y,SF,,101," "," ",1.318,H,,L,Y,4,0,4,2,A,-,03,22350,,N,C,C,A,A,H,-,A,D,0,,,,,Y,,A,01,0,0,4,0,0,0,0,0,0,"- ","- ",37.726459503173828,-122.40245056152344,"SAN FRANCISCO","SAN FRANCISCO",-122.40243530273438,37.726463317871094
91993170,2023,2023-02-13,9335,2023-02-05,"120 ",022096,,7,3,7,3801,0,1,2,,2,013,"US-101 N/B","CORTLAND AVE",370.00,N,N,B,-,Y,SF,,101," "," ",2.351,H,,R,Y,4,0,5,2,A,-,01,23152,A,N,C,C,A,B,H,-,D,D,0,,,,,Y,Y,A,01,0,0,5,0,0,0,0,0,0,"- ","- ",37.740669250488281,-122.40776062011719,"SAN FRANCISCO","SAN FRANCISCO",-122.40777587890625,37.740673065185547
92009207,2023,2023-03-03,9335,2023-02-23,1850,022525,,4,2,7,3801,0,1,1,,2,023,"I-280 S/B",US-101,2112.00,S,N,C,-,Y,SF,,280," ",R,3.933,H,,L,N,4,0,1,2,A,-,03,22350,,N,C,C,A,B,H,-,C,D,0,,,,,Y,,A,01,0,0,1,0,0,0,0,0,0,"- ","- ",37.732791900634766,-122.41345977783203,"SAN FRANCISCO","SAN FRANCISCO",-122.41348266601562,37.732822418212891
92019563,2023,2023-03-16,9335,2023-03-07,"440 ",023119,,2,3,7,3801,0,1,1,,2,080,"I-80 WB TO 5TH STREET","5TH STREET",230.00,E,N,B,-,Y,SF,,80," "," ",4.879,H,,L,Y,4,0,1,1,A,-,03,22350,,N,E,8,A,B,H,-,C,A,0,,,,,Y,,A,01,0,0,1,0,0,0,0,0,0,"- ","- ",37.778980255126953,-122.40071105957031,"SAN FRANCISCO","SAN FRANCISCO",-122.40077209472656,37.779029846191406
92021237,2023,2023-03-17,9335,2023-03-13,1120,021957,,1,1,7,3801,0,1,2,,2,013,"US-101 SB","BLANKEN AVE. UNDERCROSSING",133.00,S,N,B,-,Y,SF,,101," "," ",0.149,H,,L,N,3,0,2,2,A,-,03,22350,,N,C,C,A,A,H,-,A,D,0,,,,,Y,,A,01,0,1,1,0,0,0,0,0,0,"- ","- ",37.710521697998047,-122.39552307128906,"SAN FRANCISCO","SAN FRANCISCO",-122.39561462402344,37.710506439208984
92032893,2023,2023-03-30,9335,2023-03-21,1623,023121,,2,2,7,3801,0,1,1,,1,083,"I-80 E/B","CECTER ANCHORAGE",554.00,E,N,C,G,Y,SF,,80," "," ",6.878,H,,R,Y,2,0,1,1,C,-,18,,,N,F,A,A,A,H,-,A,D,0,,,,Y,Y,,-,"- ",1,0,0,0,0,0,0,0,0,"- ","- ",37.799610137939453,-122.37638092041016,"SAN FRANCISCO","SAN FRANCISCO",-122.37624359130859,37.799514770507812
92044389,2023,2023-04-13,9335,2023-04-11,1445,023121,,2,2,7,3801,0,1,2,,2,013,"US-101 N/B","PAUL AVENUE",646.00,S,N,A,-,Y,SF,,101," "," ",0.997,H,,R,Y,4,0,1,3,A,-,03,22350,,N,C,2,A,A,H,-,A,D,0,,,,,Y,,A,01,0,0,1,0,0,0,0,0,0,"- ","- ",37.722030639648438,-122.400390625,"SAN FRANCISCO","SAN FRANCISCO",-122.40040588378906,37.722026824951172
92046957,2023,2023-04-17,9335,2023-04-07,1445,023119,,5,2,7,3801,0,1,1,,2,080,"I-80 W/B TO 5TH STREET","5TH STREET",145.00,E,N,A,-,Y,SF,,80," "," ",4.881,H,,L,Y,4,0,3,4,A,-,08,22107,,N,E,8,A,A,H,-,A,A,0,,,,,Y,,A,01,0,0,3,0,0,0,0,0,0,"- ","- ",37.778999328613281,-122.40065765380859,"SAN FRANCISCO","SAN FRANCISCO",-122.40073394775391,37.779060363769531
92058233,2023,2023-05-01,9335,2023-04-27,1715,022525,,4,2,7,3801,0,1,2,,2,015,"US-101 S/B","TRAINOR ST U/C",100.00,S,N,A,-,Y,SF,,101," ",R,4.903,H,,L,Y,4,0,3,2,A,-,03,22350,,N,C,C,A,A,H,-,A,D,0,,,,,Y,,A,07,0,0,3,0,0,0,0,0,0,"- ","- ",37.769458770751953,-122.41410064697266,"SAN FRANCISCO","SAN FRANCISCO",-122.41410064697266,37.769481658935547
92086446,2023,2023-06-05,9335,2023-04-24,"19  ",017667,,1,3,7,3801,0,1,2,,2,014,"US-101 S/B TO CESAR CHAVEZ ST.","CESAR CHAVEZ ST",135.00,N,N,A,-,Y,SF,,101," "," ",3.028,H,,L,Y,3,0,4,2,A,-,03,22350,,F,C,C,A,A,H,-,C,D,0,,,,,Y,,A,01,0,4,0,0,0,0,0,0,0,"- ","- ",37.749771118164062,-122.40396881103516,"SAN FRANCISCO","SAN FRANCISCO",-122.40370941162109,37.749717712402344
92087289,2023,2023-06-06,9335,2023-04-16,2130,023082,,7,2,7,3801,0,1,1,,2,080,"I-80 E/B","BRYANT STREET",90.00,E,N,A,-,Y,SF,,80," "," ",4.351,H,,R,Y,4,0,1,2,A,-,03,22350,,F,C,2,A,A,H,-,C,D,0,,,Y,,Y,,A,07,0,0,1,0,0,0,0,0,1,"- ","- ",37.773189544677734,-122.40663146972656,"SAN FRANCISCO","SAN FRANCISCO",-122.40658569335938,37.773185729980469
92089081,2023,2023-06-08,9335,2023-05-24,1757,018804,,3,2,7,3801,0,1,2,,2,013,"US 101 N/B","PAUL AVE",366.00,N,N,A,-,Y,SF,,101," "," ",1.193,H,,R,N,3,0,1,5,A,-,03,22350,,N,C,C,A,A,H,-,A,D,0,,,,,Y,,A,07,0,1,0,0,0,0,0,0,0,"- ","- ",37.724700927734375,-122.40145874023438,"SAN FRANCISCO","SAN FRANCISCO",-122.4014892578125,37.724693298339844
92094457,2023,2023-06-15,9335,2023-06-11,"715 ",023119,,7,1,7,3801,0,1,1,,2,022,"I-280 N/B","PAULDING ST O/C",126.00,S,N,A,-,Y,SF,,280," ",R,2.178,H,,R,Y,4,0,1,2,A,-,08,22107,,N,D,2,A,A,H,-,A,D,0,,,,,Y,,A,07,0,0,1,0,0,0,0,0,0,"- ","- ",37.728031158447266,-122.44390106201172,"SAN FRANCISCO","SAN FRANCISCO",-122.44384765625,37.727981567382812
92101836,2023,2023-06-26,9335,2023-06-17,"655 ",021957,,6,1,7,3801,0,1,1,,2,080,"I-80 WB TO 5TH ST","5TH ST.",190.00,E,N,A,-,Y,SF,,80," "," ",4.878,H,,L,N,4,0,1,2,A,-,01,23152,A,N,E,I,A,A,H,-,A,A,0,,,,,Y,Y,A,01,0,0,1,0,0,0,0,0,0,"- ","- ",37.778980255126953,-122.40072631835938,"SAN FRANCISCO","SAN FRANCISCO",-122.40077972412109,37.779022216796875
92109500,2023,2023-07-05,9335,2023-06-29,"630 ",018053,,4,1,7,3801,0,1,1,,1,081,"I-80 W/B","YERBA BUENA ISLAND TUNNEL EAST EDGE",2922.00,E,N,A,-,Y,SF,,80," ",R,8.364,H,,L,N,4,0,3,2,A,-,03,22350,,N,C,C,A,A,H,-,A,D,0,,,,,Y,,D,22,0,0,3,0,0,0,0,0,0,"- ","- ",37.815921783447266,-122.35806274414062,"SAN FRANCISCO","SAN FRANCISCO",-122.35809326171875,37.815952301025391
92128009,2023,2023-07-27,9335,2023-07-24,1701,021424,,1,2,7,3801,0,1,1,,1,083,"I-80 E/B","TREASURE ISLAND RD",5280.00,W,N,A,-,Y,SF,,80," "," ",6.744,H,,R,N,4,0,1,2,A,-,03,22350,,N,C,C,A,A,H,-,A,D,0,,,,,Y,,A,08,0,0,1,0,0,0,0,0,0,"- ","- ",37.798099517822266,-122.37796783447266,"SAN FRANCISCO","SAN FRANCISCO",-122.37786102294922,37.798027038574219
92143093,2023,2023-08-14,9335,2023-08-02,1209,023367,,3,1,7,3801,0,1,1,,2,023,"I-280 N/B FROM ALEMANY BLVD","ALEMANY BLVD OVER-CROSSING",400.00,S,N,A,-,Y,SF,,280," ",R,3.785,H,,R,Y,4,0,1,2,A,-,17,23114,A,M,F,J,A,A,H,-,A,A,0,,,,,Y,,-,99,0,0,1,0,0,0,0,0,0,"- ","- ",37.731819152832031,-122.41602325439453,"SAN FRANCISCO","SAN FRANCISCO",-122.41603851318359,37.731903076171875
92146910,2023,2023-10-05,9335,2023-08-16,1800,021424,,3,2,7,3801,0,1,1,,1,083,"I-80 E/B","PHYSICAL REVERSE GORE POINT OF I-80 EASTBOUND FROM",294.00,W,N,A,-,Y,SF,,80," ",R,7.976,H,,R,N,1,1,1,2,A,-,03,22350,,N,C,C,A,A,H,-,A,D,0,,,,,Y,,A,01,0,0,1,0,0,0,0,0,0,"- ","- ",37.81195068359375,-122.36324310302734,"SAN FRANCISCO","SAN FRANCISCO",-122.36338043212891,37.812004089355469
92149964,2023,2023-08-22,9335,2023-08-10,"815 ",023343,,4,1,7,3801,0,1,1,,2,024,"NB 280 TO CESAR CHAVEZ STREET","EVANS AVE U/C",600.00,S,N,A,-,Y,SF,,280," ",R,5.209,H,,R,N,4,0,1,4,A,-,07,21658,A,N,B,2,A,A,H,-,A,D,0,,,,Y,Y,,A,07,0,0,1,0,0,0,0,0,0,"- ","- ",37.744380950927734,-122.39512634277344,"SAN FRANCISCO","SAN FRANCISCO",-122.39534759521484,37.744510650634766
92159950,2023,2023-08-31,9335,2023-08-22,1523,023367,,2,2,7,3801,0,1,1,,1,083,"I-80 E/B","NORTHGATE RD UNDER-CROSSING",5280.00,E,N,A,-,Y,ALA,,80," ",R,0.258,H,,R,N,4,0,1,2,A,-,03,22350,,N,C,C,A,A,H,-,A,A,0,,,,,Y,,A,01,0,0,1,0,0,0,0,0,0,"- ","- ",37.819629669189453,-122.34497833251953,"SAN FRANCISCO","SAN FRANCISCO",-122.34495544433594,37.819522857666016
92172924,2023,2023-09-18,9335,2023-09-08,2310,022860,,5,3,7,3801,0,1,1,,2,023,"I-280 S/B TO US-101 S/B","BACON STREET UNDERCROSSING",610.00,N,N,A,-,Y,SF,,101," "," ",1.534,H,,R,Y,4,0,1,3,A,-,03,22350,,N,C,C,A,A,H,-,C,D,0,,,,,Y,,A,07,0,0,1,0,0,0,0,0,0,"- ","- ",37.729488372802734,-122.40341949462891,"SAN FRANCISCO","SAN FRANCISCO",-122.40338897705078,37.729499816894531
92270434,2023,2023-12-26,9335,2023-11-03,"740 ",023063,,5,1,7,3801,0,1,1,,2,080,"I-80 WESTBOUND TO 5TH STREET","5TH STREET",466.00,E,N,A,-,Y,SF,,80," "," ",4.930,H,,L,Y,4,0,2,3,A,-,03,22350,,N,C,C,A,A,H,-,A,D,0,,,,,Y,,A,07,0,0,2,0,0,0,0,0,0,"- ","- ",37.7794189453125,-122.39991760253906,"SAN FRANCISCO","SAN FRANCISCO",-122.40010833740234,37.779563903808594
92298944,2023,2024-01-29,9335,2023-10-31,1615,023367,,2,2,7,3801,0,1,1,,2,024,"I-280 S/B FROM 6TH STREET","TOWNSEND STREET",645.00,S,N,A,-,Y,SF,,280," ",T,7.302,H,,L,Y,4,0,1,2,A,-,03,22350,,N,C,C,A,A,H,-,A,D,0,,,,,Y,,A,07,0,0,1,0,0,0,0,0,0,"- ","- ",37.771999359130859,-122.39824676513672,"SAN FRANCISCO","SAN FRANCISCO",-122.3983154296875,37.771984100341797
92304590,2023,2024-02-05,9335,2023-10-14,1330,023167,,6,1,7,3801,0,1,2,,2,015,"US-101 S/B","15TH ST",165.00,N,N,A,-,Y,SF,,101," ",R,4.351,H,,L,N,3,0,1,1,A,-,08,22107,,N,F,A,A,A,H,-,A,D,0,,,Y,,Y,,C,02,0,1,0,0,0,0,0,0,1,"- ","- ",37.767738342285156,-122.40557861328125,"SAN FRANCISCO","SAN FRANCISCO",-122.40563201904297,37.767719268798828
92316996,2023,2024-02-19,9335,2023-10-20,2130,022802,,5,2,7,3801,0,1,1,,2,022,"I-280 N/B","ST CHARLES AVE O/C",725.00,N,N,A,-,Y,SF,,280," ",R,0.126,H,,R,Y,3,0,1,2,A,-,01,23152,A,F,C,C,A,A,H,-,C,D,0,,,Y,,Y,Y,C,02,0,1,0,0,0,0,0,0,1,"- ","- ",37.709461212158203,-122.46700286865234,"SAN FRANCISCO","SAN FRANCISCO",-122.46704864501953,37.709518432617188
92350022,2023,2024-03-29,9335,2023-11-02,1845,022860,,4,2,7,3801,0,1,2,,2,013,"US-101 N/B","CORTLAND AVE UNDERCROSSING",170.00,S,N,A,-,Y,SF,,101," "," ",2.240,H,,R,N,4,0,1,3,A,-,03,22350,,N,C,C,A,A,H,-,B,D,0,,,,,Y,,A,01,0,0,1,0,0,0,0,0,0,"- ","- ",37.739120483398438,-122.40802764892578,"SAN FRANCISCO","SAN FRANCISCO",-122.40800476074219,37.739120483398438
92381174,2023,2024-05-03,9335,2023-11-13,"825 ",023367,,1,1,7,3801,0,1,1,,1,081,"I-80 W/B","CECTER ANCHORAGE",1521.00,W,N,A,-,Y,SF,,80," "," ",6.475,H,,L,Y,4,0,1,3,A,-,07,21658,A,F,C,C,A,A,H,-,A,D,0,,,Y,,Y,,-,99,0,0,1,0,0,0,0,0,1,"- ","- ",37.795101165771484,-122.38121032714844,"SAN FRANCISCO","SAN FRANCISCO",-122.38111877441406,37.795040130615234
9468613,2023,2023-09-28,3801,2023-08-20,2135,4103,MISSI,7,5,7,3801,0,0,0,,0,903,"FOLSOM ST","20TH ST",0.00,,Y,A,-,N,,,,,,,,,,N,3,0,1,2,A,-,09,21801,A,N,A,C,A,A,H,-,C,A,0,,,Y,,Y,,A,01,0,1,0,0,0,0,0,0,1,"- ","- ",,,"SAN FRANCISCO","SAN FRANCISCO",-122.41468048095703,37.758888244628906
9468640,2023,2023-09-08,3801,2023-08-23,1128,1518,CENTR,3,5,7,3801,0,0,0,,0,3A44C,"STOCKTON ST","CLAY ST",0.00,,Y,A,-,N,,,,,,,,,,N,3,0,1,2,A,-,11,21456,A,N,A,B,B,A,H,-,A,A,0,Y,,,,Y,,N,60,0,1,0,0,1,0,0,0,0,"- ","- ",,,"SAN FRANCISCO","SAN FRANCISCO",-122.40784454345703,37.7940673828125
9468643,2023,2023-09-08,3801,2023-08-16,1825,1039,MISSI,3,5,7,3801,0,0,0,,0,006,"FLORIDA ST","16TH ST",515.00,N,N,A,-,N,,,,,,,,,,Y,3,0,1,2,A,-,09,21804,A,N,B,C,A,A,H,-,A,D,0,,,,,Y,,A,01,0,1,0,0,0,0,0,0,0,"- ","- ",,,"SAN FRANCISCO","SAN FRANCISCO",-122.41158294677734,37.766960144042969
9468644,2023,2023-09-08,3801,2023-08-17,"220 ",2035,MISSI,4,5,7,3801,0,0,0,,0,3D16E,"SOUTH VAN NESS AV","17TH ST",0.00,,Y,A,-,N,,,,,,,,,,Y,4,0,2,2,A,-,12,21453,A,F,D,C,A,A,H,-,C,A,0,,,,,Y,,A,01,0,0,2,0,0,0,0,0,0,"- ","- ",,,"SAN FRANCISCO","SAN FRANCISCO",-122.41733551025391,37.763557434082031
9468673,2023,2023-09-21,3801,2023-08-18,"19  ",715,MISSI,5,5,7,3801,0,0,0,,0,0D4,"MISSION ST","26TH ST",0.00,,Y,B,-,N,,,,,,,,,,Y,4,0,2,2,A,-,12,21453,A,N,D,C,A,A,H,-,C,A,0,,,,,Y,,A,01,0,0,2,0,0,0,0,0,0,"- ","- ",,,"SAN FRANCISCO","SAN FRANCISCO",-122.41813659667969,37.749061584472656
9468677,2023,2023-09-08,3801,2023-08-20,1928,1787,NORTH,7,5,7,3801,0,0,0,,0,NORTHE,"BAY ST","OCTAVIA ST",0.00,,Y,A,-,N,,,,,,,,,,Y,4,0,1,2,A,-,12,21453,A,F,D,D,A,A,H,-,A,A,0,,,,,Y,,A,01,0,0,1,0,0,0,0,0,0,"- ","- ",,,"SAN FRANCISCO","SAN FRANCISCO",-122.43003082275391,37.80352783203125
9468694,2023,2023-09-14,3801,2023-08-11,"920 ",4798,NORTH,5,5,7,3801,0,0,0,,0,3E00,"LAWTON ST","7TH AV",60.00,S,N,-,-,N,,,,,,,,,,N,3,0,1,2,A,-,08,22100,,N,B,G,A,A,H,-,A,A,0,,Y,,,Y,,A,01,0,1,0,0,0,0,1,0,0,"- ","- ",,,"SAN FRANCISCO","SAN FRANCISCO",-122.46382904052734,37.758541107177734
9468705,2023,2023-09-15,3801,2023-08-07,2127,1750,NORTH,1,5,7,3801,0,0,0,,0,0E5,"LOMBARD ST","DIVISADERO ST",74.00,E,N,F,-,N,,,,,,,,,,N,3,0,1,2,A,-,11,21954,A,N,G,B,D,A,-,-,C,A,0,Y,,,,Y,,N,60,0,1,0,0,1,0,0,0,0,"- ","- ",,,"SAN FRANCISCO","SAN FRANCISCO",-122.44239807128906,37.799045562744141
9468784,2023,2023-09-12,3801,2023-07-29,1819,964,NORTH,6,5,7,3801,0,0,0,,0,3E13D,"FRANKLIN ST","GEARY BL",0.00,,Y,A,-,N,,,,,,,,,,N,2,0,1,2,A,-,05,21650,1,N,A,G,A,A,H,-,A,A,0,,Y,,,Y,,L,04,1,0,0,0,0,0,1,0,0,"- ","- ",,,"SAN FRANCISCO","SAN FRANCISCO",-122.42301940917969,37.785484313964844
9468792,2023,2023-09-12,3801,2023-07-29,"937 ",2707,TARAV,6,5,7,3801,0,0,0,,0,6CAR,"SAN JOSE AV","ALEMANY BL",0.00,,Y,A,-,N,,,,,,,,,,Y,3,0,1,2,A,-,12,21453,A,N,D,C,A,A,H,-,A,A,0,,,,,Y,,A,01,0,1,0,0,0,0,0,0,0,"- ","- ",,,"SAN FRANCISCO","SAN FRANCISCO",-122.45709991455078,37.710071563720703
9468808,2023,2023-09-11,3801,2023-07-30,"45  ",1827,MISSI,7,5,7,3801,0,0,0,,0,3D15E,"14TH ST","MISSION ST",0.00,,Y,A,-,N,,,,,,,,,,N,3,0,1,2,A,-,11,21954,A,N,A,B,D,A,H,-,C,A,0,Y,,,,Y,Y,N,60,0,1,0,0,1,0,0,0,0,"- ","- ",,,"SAN FRANCISCO","SAN FRANCISCO",-122.41996765136719,37.768291473388672
9468827,2023,2023-09-13,3801,2023-07-12,1230,1061,SOUTH,3,5,7,3801,0,0,0,,0,3B5A,"BERRY ST","BERRY ST 150",0.00,,N,A,-,N,,,,,,,,,,N,4,0,1,2,D,-,00,,,N,D,C,A,A,H,-,A,D,0,,,Y,,Y,Y,-,"- ",0,0,1,0,0,0,0,0,1,"- ","- ",,,"SAN FRANCISCO","SAN FRANCISCO",,
9469446,2023,2023-09-13,3801,2023-08-29,1523,1557,TARAV,2,5,7,3801,0,0,0,,0,3114A,"SLOAT BL","19TH AV",0.00,,Y,A,-,N,,,,,,,,,,Y,3,0,1,2,A,-,09,21801,A,N,D,C,A,A,H,-,A,A,0,,,Y,,Y,,C,03,0,1,0,0,0,0,0,0,1,"- ","- ",,,"SAN FRANCISCO","SAN FRANCISCO",-122.47511291503906,37.734561920166016
9469455,2023,2023-09-13,3801,2023-07-08,2328,592,TENDE,6,5,7,3801,0,0,0,,0,0J3,"GOLDEN GATE AV","HYDE ST",0.00,,Y,A,-,N,,,,,,,,,,Y,4,0,2,2,A,-,12,21453,A,F,D,C,A,A,H,-,C,A,0,,,,,Y,,A,01,0,0,2,0,0,0,0,0,0,"- ","- ",,,"SAN FRANCISCO","SAN FRANCISCO",-122.41549682617188,37.781650543212891
9469521,2023,2023-12-15,3801,2023-08-28,"659 ",1825,SOUTH,1,5,7,3801,0,0,0,,0,3B2A,"2ND ST","HOWARD ST",0.00,,Y,A,-,N,,,,,,,,,,Y,3,0,1,2,A,-,17,21461,A,N,G,B,B,A,H,-,A,A,0,Y,,,,Y,,A,07,0,1,0,0,1,0,0,0,0,"- ","- ",,,"SAN FRANCISCO","SAN FRANCISCO",-122.39824676513672,37.786788940429688
9469527,2023,2023-10-02,3801,2023-08-26,2229,2186,INGLE,6,5,7,3801,0,0,0,,0,3H15E,"ALEMANY BL","SENECA AV",620.00,S,N,A,-,N,,,,,,,,,,N,3,0,1,2,A,-,11,21954,A,N,G,B,D,A,H,-,C,D,0,Y,,,,Y,,N,60,0,1,0,0,1,0,0,0,0,"- ","- ",,,"SAN FRANCISCO","SAN FRANCISCO",-122.44288635253906,37.717464447021484
9469545,2023,2023-10-03,3801,2023-08-19,2200,1123,SOUTH,6,5,7,3801,0,0,0,,0,3B109,"10TH ST","FOLSOM ST",100.00,S,N,A,-,N,,,,,,,,,,Y,4,0,1,4,A,-,01,23152,A,N,B,E,A,A,H,-,C,D,0,,,,,Y,Y,A,01,0,0,1,0,0,0,0,0,0,"- ","- ",,,"SAN FRANCISCO","SAN FRANCISCO",-122.41257476806641,37.772628784179688
9520937,2023,2025-06-25,3801,2023-06-24,1444,202,TRAFF,6,5,7,3801,0,0,0,,0,4B2D,"3RD ST","ARTHUR AV",72.00,N,N,A,-,N,,,,,,,,,,Y,1,1,0,1,A,-,03,22350,,N,F,I,A,A,H,-,A,D,0,,,,,Y,Y,A,01,0,0,0,0,0,0,0,0,0,"- ","- ",,,"SAN FRANCISCO","SAN FRANCISCO",-122.38733673095703,37.746395111083984
9527063,2023,2023-02-24,3801,2023-01-25,1638,4041,TARAV,3,5,7,3801,0,0,0,,0,3I13D,"SUNSET BL","VICENTE ST",0.00,,Y,A,-,N,,,,,,,,,,N,3,0,2,3,A,-,10,21950,A,N,G,B,B,A,H,-,A,A,0,Y,,,,Y,,A,01,0,2,0,0,2,0,0,0,0,"- ","- ",,,"SAN FRANCISCO","SAN FRANCISCO",-122.49427032470703,37.738502502441406
9527171,2023,2023-03-04,3801,2023-01-25,"950 ",1897,INGLE,3,5,7,3801,0,0,0,,0,3H13A,"29TH ST","TIFFANY AV",0.00,,Y,A,-,N,,,,,,,,,,N,4,0,1,2,A,-,10,21950,A,N,G,B,B,A,H,-,-,D,0,Y,,,,Y,Y,A,01,0,0,1,0,1,0,0,0,0,"- ","- ",,,"SAN FRANCISCO","SAN FRANCISCO",-122.42198944091797,37.743965148925781
9545258,2023,2023-02-27,3801,2023-01-23,1419,1514,MISSI,1,5,7,3801,0,0,0,,0,,"24TH ST","POTRERO AV",0.00,W,N,A,-,N,,,,,,,,,,N,3,0,1,2,A,-,11,21954,A,N,G,B,-,A,H,-,A,D,0,Y,,,,Y,,N,60,0,1,0,0,1,0,0,0,0,"- ","- ",,,"SAN FRANCISCO","SAN FRANCISCO",-122.40631866455078,37.752994537353516
9545270,2023,2023-02-24,3801,2023-01-18,"930 ",1438,INGLE,3,5,7,3801,0,0,0,,0,COB4CA,"MISSION ST","10TH ST",0.00,,Y,F,-,N,,,,,,,,,,N,4,0,1,2,A,-,07,21658,A,F,B,C,A,-,G,-,A,D,0,,,,,Y,Y,D,22,0,0,1,0,0,0,0,0,0,"- ","- ",,,"SAN FRANCISCO","SAN FRANCISCO",-122.41590881347656,37.775276184082031
9545377,2023,2023-02-16,3801,2023-01-22,1740,426,NORTH,7,5,7,3801,0,0,0,,0,3E13D,POLK,"POST ST",3.00,S,N,A,-,N,,,,,,,,,,N,3,0,2,2,A,-,12,21453,,N,D,G,A,A,H,-,C,A,0,,Y,Y,,Y,,L,04,0,1,1,0,0,0,1,0,1,"- ","- ",,,"SAN FRANCISCO","SAN FRANCISCO",-122.41989898681641,37.786823272705078
9545394,2023,2023-02-24,3801,2023-01-17,1838,1572,SOUTH,2,5,7,3801,0,0,0,,0,3B5D,"4TH ST","16TH ST",0.00,,Y,-,-,N,,,,,,,,,,N,4,0,1,2,A,-,08,22107,,N,B,G,A,A,H,-,C,A,0,,Y,,,Y,,A,01,0,0,1,0,0,0,1,0,0,"- ","- ",,,"SAN FRANCISCO","SAN FRANCISCO",-122.39083099365234,37.766845703125
9545398,2023,2023-03-09,3801,2023-01-20,1545,1534,INGLE,5,5,7,3801,0,0,0,,0,3H15D,"VIENNA ST","AVALON AV",0.00,,N,A,-,N,,,,,,,,,,N,4,0,1,2,A,-,12,22450,,F,D,C,A,A,H,-,A,-,0,,,,,Y,,A,01,0,0,1,0,0,0,0,0,0,"- ","- ",,,"SAN FRANCISCO","SAN FRANCISCO",-122.42690277099609,37.725147247314453
9545454,2023,2023-03-01,3801,2023-01-10,1335,257,RICHM,2,5,7,3801,0,0,0,,0,3G4A,"FULTON ST","20TH AV",0.00,,Y,B,-,N,,,,,,,,,,Y,4,0,1,2,C,-,18,,,N,H,J,A,B,H,-,A,D,0,,,,,Y,,-,"- ",0,0,1,0,0,0,0,0,0,"- ","- ",,,"SAN FRANCISCO","SAN FRANCISCO",-122.47882843017578,37.772811889648438