CASE_ID,ACCIDENT_YEAR,PROC_DATE,JURIS,COLLISION_DATE,COLLISION_TIME,OFFICER_ID,REPORTING_DISTRICT,DAY_OF_WEEK,CHP_SHIFT,POPULATION,CNTY_CITY_LOC,SPECIAL_COND,BEAT_TYPE,CHP_BEAT_TYPE,CITY_DIVISION_LAPD,CHP_BEAT_CLASS,BEAT_NUMBER,PRIMARY_RD,SECONDARY_RD,DISTANCE,DIRECTION,INTERSECTION,WEATHER_1,WEATHER_2,STATE_HWY_IND,CALTRANS_COUNTY,CALTRANS_DISTRICT,STATE_ROUTE,ROUTE_SUFFIX,POSTMILE_PREFIX,POSTMILE,LOCATION_TYPE,RAMP_INTERSECTION,SIDE_OF_HWY,TOW_AWAY,COLLISION_SEVERITY,NUMBER_KILLED,NUMBER_INJURED,PARTY_COUNT,PRIMARY_COLL_FACTOR,PCF_CODE_OF_VIOL,PCF_VIOL_CATEGORY,PCF_VIOLATION,PCF_VIOL_SUBSECTION,HIT_AND_RUN,TYPE_OF_COLLISION,MVIW,PED_ACTION,ROAD_SURFACE,ROAD_COND_1,ROAD_COND_2,LIGHTING,CONTROL_DEVICE,CHP_ROAD_TYPE,PEDESTRIAN_ACCIDENT,BICYCLE_ACCIDENT,MOTORCYCLE_ACCIDENT,TRUCK_ACCIDENT,NOT_PRIVATE_PROPERTY,ALCOHOL_INVOLVED,STWD_VEHTYPE_AT_FAULT,CHP_VEHTYPE_AT_FAULT,COUNT_SEVERE_INJ,COUNT_VISIBLE_INJ,COUNT_COMPLAINT_PAIN,COUNT_PED_KILLED,COUNT_PED_INJURED,COUNT_BICYCLIST_KILLED,COUNT_BICYCLIST_INJURED,COUNT_MC_KILLED,COUNT_MC_INJURED,PRIMARY_RAMP,SECONDARY_RAMP,LATITUDE,LONGITUDE,COUNTY,CITY,POINT_X,POINT_Y
9633714,2023,2023-11-13,3801,2023-10-17,"909 ",575,CENTR,2,5,7,3801,0,0,0,,0,3A15A,"WASHINGTON ST","DRUMM ST",126.00,W,N,B,-,N,,,,,,,,,,Y,4,0,1,2,A,-,09,21804,A,N,B,C,A,A,H,-,A,A,0,,,,,Y,,A,01,0,0,1,0,0,0,0,0,0,"- ","- ",,,"SAN FRANCISCO","SAN FRANCISCO",-122.39740753173828,37.796306610107422
9633717,2023,2023-11-13,3801,2023-10-12,1541,1931,NORTH,4,5,7,3801,0,0,0,,0,3E13D,"POLK ST","GROVE ST",0.00,,Y,A,-,N,,,,,,,,,,N,4,0,1,2,A,-,08,22107,,N,D,G,A,A,H,-,A,A,0,,Y,,,Y,Y,A,01,0,0,1,0,0,0,1,0,0,"- ","- ",,,"SAN FRANCISCO","SAN FRANCISCO",-122.41822052001953,37.778480529785156
9633774,2023,2023-11-27,3801,2023-10-02,1600,4023,MISSI,1,5,7,3801,0,0,0,,0,004,"CESAR CHAVEZ ST","ALABAMA ST",0.00,,Y,A,-,N,,,,,,,,,,Y,3,0,1,2,A,-,12,21453,A,N,D,C,A,A,H,-,A,A,0,,,,,Y,,A,01,0,1,0,0,0,0,0,0,0,"- ","- ",,,"SAN FRANCISCO","SAN FRANCISCO",-122.41054534912109,37.748374938964844
9633776,2023,2023-11-27,3801,2023-10-04,1310,2007,CENTR,3,5,7,3801,0,0,0,,0,,BROADWAY,MONTGOMERY,0.00,,Y,A,-,N,,,,,,,,,,Y,2,0,1,2,A,-,03,22350,,N,G,B,F,A,H,-,A,A,0,Y,,,,Y,Y,A,01,1,0,0,0,1,0,0,0,0,"- ","- ",,,"SAN FRANCISCO","SAN FRANCISCO",-122.40383911132812,37.798236846923828
9633782,2023,2024-01-06,3801,2023-10-06,1905,788,CENTR,5,5,7,3801,0,0,0,,0,3A15D,CALIFORNIA,"FRONT ST",0.00,,Y,A,-,N,,,,,,,,,,N,4,0,1,2,A,-,10,21950,A,N,G,B,B,A,H,-,C,A,0,Y,,,,Y,,A,07,0,0,1,0,1,0,0,0,0,"- ","- ",,,"SAN FRANCISCO","SAN FRANCISCO",-122.39881896972656,37.793365478515625
9633797,2023,2024-01-06,3801,2023-10-05,1751,1336,NORTH,4,5,7,3801,0,0,0,,0,0E2,"STEINER ST","EDDY ST",25.00,S,N,A,-,N,,,,,,,,,,N,3,0,1,2,D,-,00,,,N,G,B,D,A,H,-,A,A,0,Y,,,,Y,,-,"- ",0,1,0,0,1,0,0,0,0,"- ","- ",,,"SAN FRANCISCO","SAN FRANCISCO",-122.43394470214844,37.781143188476562
9633808,2023,2023-11-22,3801,2023-10-25,"620 ",2362,PARK,3,5,7,3801,0,0,0,,0,2F2A,"LAGUNA HONDA BL","LAWTON ST",1584.00,S,N,A,-,N,,,,,,,,,,Y,2,0,1,1,A,-,03,22350,,N,F,I,A,A,H,-,C,D,0,,,,,Y,,A,01,1,0,0,0,0,0,0,0,0,"- ","- ",,,"SAN FRANCISCO","SAN FRANCISCO",,
9633822,2023,2023-11-22,3801,2023-10-24,2345,400,SOUTH,2,5,7,3801,0,0,0,,0,3B12E,"MARKET S","FRANKLIN ST",0.00,,Y,A,-,N,,,,,,,,,,N,2,0,1,2,A,-,12,21453,A,F,B,J,A,A,H,-,C,A,0,,Y,,,Y,,L,04,1,0,0,0,0,0,1,0,0,"- ","- ",,,"SAN FRANCISCO","SAN FRANCISCO",-122.42070770263672,37.774017333984375
9633836,2023,2023-11-22,3801,2023-10-23,"914 ",390,PARK,1,5,7,3801,0,0,0,,0,002,"CLAYTON ST","CARMEL ST",0.00,,N,A,-,N,,,,,,,,,,N,4,0,1,2,A,-,09,21801,A,F,F,A,A,A,H,-,A,A,0,,,Y,,Y,,A,01,0,0,1,0,0,0,0,0,1,"- ","- ",,,"SAN FRANCISCO","SAN FRANCISCO",-122.44644927978516,37.761028289794922
9633854,2023,2023-11-28,3801,2023-10-19,1021,1695,NORTH,4,5,7,3801,0,0,0,,0,3E14A,"WEBSTER ST","MCALLISTER ST",0.00,,Y,A,-,N,,,,,,,,,,Y,4,0,1,2,A,-,09,21801,A,N,D,C,A,A,H,-,A,A,0,,,,,Y,,-,"- ",0,0,1,0,0,0,0,0,0,"- ","- ",,,"SAN FRANCISCO","SAN FRANCISCO",-122.43010711669922,37.778839111328125
9634260,2023,2023-11-13,3801,2023-09-30,1243,54,TARAV,6,5,7,3801,0,0,0,,0,3I15A,"HOLLOWAY AV","VARELA AV",0.00,,Y,A,-,N,,,,,,,,,,N,4,0,1,2,A,-,10,21950,A,N,G,B,B,A,H,-,A,A,0,Y,,,,Y,,A,01,0,0,1,0,1,0,0,0,0,"- ","- ",,,"SAN FRANCISCO","SAN FRANCISCO",-122.47608184814453,37.72076416015625
9634274,2023,2023-11-14,3801,2023-09-28,1152,2126,CENTR,4,5,7,3801,0,0,0,,0,3A5A,"DRUMM ST","CLAY ST",0.00,,Y,A,-,N,,,,,,,,,,Y,4,0,3,2,A,-,09,21800,A,N,D,C,A,A,H,-,A,A,0,,,,,Y,,A,01,0,0,3,0,0,0,0,0,0,"- ","- ",,,"SAN FRANCISCO","SAN FRANCISCO",-122.39676666259766,37.795463562011719
9634279,2023,2023-11-14,3801,2023-09-29,1241,4370,INGLE,5,5,7,3801,0,0,0,,0,3H15A,"MISSION ST","ACTON ST",0.00,,Y,B,-,N,,,,,,,,,,Y,4,0,1,2,A,-,12,21453,A,N,D,C,A,A,H,-,A,A,0,,,Y,,Y,,C,03,0,0,1,0,0,0,0,0,1,"- ","- ",,,"SAN FRANCISCO","SAN FRANCISCO",-122.4527587890625,37.70880126953125
9634570,2023,2024-01-12,3801,2023-11-03,1718,1166,INGLE,5,5,7,3801,0,0,0,,0,3H13D,"MISSION ST","SILVER AV",0.00,,Y,A,-,N,,,,,,,,,,N,3,0,1,2,A,-,10,21950,A,F,G,B,B,A,H,-,A,A,0,Y,,,,Y,,A,01,0,1,0,0,1,0,0,0,0,"- ","- ",,,"SAN FRANCISCO","SAN FRANCISCO",-122.43128204345703,37.728736877441406
9634718,2023,2024-01-26,3801,2023-11-07,1651,4175,TRAFF,2,5,7,3801,0,0,0,,0,4B4D,"VAN NESS AV","BUSH ST",84.00,S,N,A,-,N,,,,,,,,,,Y,2,0,1,2,D,-,00,,,N,B,C,A,A,H,-,B,A,0,,,,,Y,,-,"- ",1,0,0,0,0,0,0,0,0,"- ","- ",,,"SAN FRANCISCO","SAN FRANCISCO",-122.42186737060547,37.788261413574219
9634741,2023,2023-12-20,3801,2023-11-13,1255,1530,BAYVI,1,5,7,3801,0,0,0,,0,3C2A,"BAYSHORE BL","INDUSTRIAL ST",0.00,,Y,A,-,N,,,,,,,,,,N,2,0,1,1,C,-,18,,,N,H,J,A,A,G,-,A,A,0,,Y,,,Y,,-,"- ",1,0,0,0,0,0,1,0,0,"- ","- ",,,"SAN FRANCISCO","SAN FRANCISCO",-122.40695953369141,37.737998962402344
9634743,2023,2023-12-20,3801,2023-11-09,"5   ",2705,BAYVI,4,5,7,3801,0,0,0,,0,3C13E,"OAKDALE AV","BARNEVELD AV",0.00,,Y,F,-,N,,,,,,,,,,N,3,0,1,2,A,-,08,22107,,F,D,C,A,-,G,-,D,D,0,,,Y,,Y,,A,01,0,1,0,0,0,0,0,0,1,"- ","- ",,,"SAN FRANCISCO","SAN FRANCISCO",-122.40349578857422,37.742057800292969
9634786,2023,2024-01-20,3801,2023-11-10,1510,2363,RICHM,5,5,7,3801,0,0,0,,0,3G12A,"CALIFORNIA ST","LAUREL ST",145.00,W,N,A,-,N,,,,,,,,,,N,3,0,1,2,A,-,08,22107,,N,B,C,A,A,H,-,A,D,0,,,,,Y,,A,01,0,1,0,0,0,0,0,0,0,"- ","- ",,,"SAN FRANCISCO","SAN FRANCISCO",-122.45063018798828,37.786758422851562
9634799,2023,2024-01-20,3801,2023-11-03,"811 ",1003,INGLE,5,5,7,3801,0,0,0,,0,2CAR,"MISSION ST","VALENCIA ST",0.00,,Y,A,-,N,,,,,,,,,,N,3,0,1,2,A,-,11,21456,,N,D,C,A,A,H,-,A,A,0,,,Y,,Y,,C,02,0,1,0,0,0,0,0,0,1,"- ","- ",,,"SAN FRANCISCO","SAN FRANCISCO",-122.41986846923828,37.745586395263672
9634803,2023,2024-01-20,3801,2023-11-07,1535,2733,TARAV,2,5,7,3801,0,0,0,,0,0I5,"19TH AV","JUNIPERO SERRA BL",0.00,,Y,A,-,N,,,,,,,,,,N,4,0,4,3,A,-,04,21703,,N,C,C,A,A,H,-,A,A,0,,,,,Y,,A,01,0,0,4,0,0,0,0,0,0,"- ","- ",,,"SAN FRANCISCO","SAN FRANCISCO",-122.47271728515625,37.717182159423828
9634853,2023,2023-12-07,3801,2023-10-26,1222,917,TRAFF,4,5,7,3801,0,0,0,,0,3G11A,"GEARY BL","LYON ST",164.00,E,N,A,-,N,,,,,,,,,,N,3,0,1,2,A,-,03,22350,,N,C,C,A,A,H,-,A,D,0,,,,,Y,,A,01,0,1,0,0,0,0,0,0,0,"- ","- ",,,"SAN FRANCISCO","SAN FRANCISCO",-122.44390869140625,37.782810211181641
9635983,2023,2024-02-12,3801,2023-12-21,2022,2222,NORTH,4,5,7,3801,0,0,0,,0,3E12D,"TURK ST","FILLMORE ST",15.00,E,N,A,-,N,,,,,,,,,,N,4,0,1,2,A,-,04,21703,,F,C,C,A,A,H,-,C,A,0,,,,,Y,,A,01,0,0,1,0,0,0,0,0,0,"- ","- ",,,"SAN FRANCISCO","SAN FRANCISCO",-122.43207550048828,37.780494689941406
9635989,2023,2024-02-12,3801,2023-12-19,"610 ",1207,TENDE,2,5,7,3801,0,0,0,,0,0J5,"MASON ST","ELLIS ST",0.00,,-,C,-,N,,,,,,,,,,N,4,0,1,2,A,-,10,21950,A,N,G,B,B,B,H,-,C,A,0,Y,,,,Y,,A,01,0,0,1,0,1,0,0,0,0,"- ","- ",,,"SAN FRANCISCO","SAN FRANCISCO",-122.40946197509766,37.785331726074219
9635991,2023,2024-02-12,3801,2023-12-22,1535,1845,TARAV,5,5,7,3801,0,0,0,,0,3I11D,"LAWTON ST","18TH AV",0.00,,Y,A,-,N,,,,,,,,,,N,3,0,2,3,A,-,10,21950,A,N,G,B,B,A,H,-,A,D,0,Y,,,,Y,,A,01,0,2,0,0,2,0,0,0,0,"- ","- ",,,"SAN FRANCISCO","SAN FRANCISCO",-122.47566223144531,37.757987976074219
9636247,2023,2024-02-12,3801,2023-12-24,1750,2355,,7,5,7,3801,0,0,0,,0,3I1D,"IRVING ST","16TH AV",0.00,,Y,A,-,N,,,,,,,,,,N,4,0,1,2,A,-,10,21950,A,N,G,B,B,A,H,-,C,A,0,Y,,,,Y,,A,07,0,0,1,0,1,0,0,0,0,"- ","- ",,,"SAN FRANCISCO","SAN FRANCISCO",-122.47393035888672,37.763702392578125
9636282,2023,2024-02-27,3801,2023-12-19,"805 ",1157,BAYVI,2,5,7,3801,0,0,0,,0,3C12A,"PAUL ST","BAYSHORE BL",0.00,,Y,C,-,N,,,,,,,,,,N,2,0,1,2,A,-,03,22350,,F,-,B,-,B,H,-,C,A,0,Y,,,,Y,,-,,1,0,0,0,1,0,0,0,0,"- ","- ",,,"SAN FRANCISCO","SAN FRANCISCO",-122.40079498291016,37.723606109619141
9636301,2023,2024-02-14,3801,2023-12-15,1917,2705,BAYVI,5,5,7,3801,0,0,0,,0,3C11D,"ILLINOIS ST","20TH ST",290.00,S,N,A,-,N,,,,,,,,,,N,3,0,1,2,A,-,08,22107,,N,D,C,A,A,H,-,D,D,0,,,,,Y,,A,01,0,1,0,0,0,0,0,0,0,"- ","- ",,,"SAN FRANCISCO","SAN FRANCISCO",-122.38750457763672,37.759765625
9636344,2023,2023-11-15,3801,2023-10-27,2253,1988,INGLE,5,5,7,3801,0,0,0,,0,3H16E,"SICKLES AV","HURON AV",0.00,,Y,A,-,N,,,,,,,,,,Y,4,0,1,2,A,-,09,21801,A,M,H,C,A,A,H,-,C,D,0,,,,,Y,,A,01,0,0,1,0,0,0,0,0,0,"- ","- ",,,"SAN FRANCISCO","SAN FRANCISCO",-122.45323944091797,37.709182739257812
9637571,2023,2023-12-13,3801,2023-10-29,1150,4267,TARAV,7,5,7,3801,0,0,0,,0,3I15A,"SKYLINE BL","HARDING RD",0.00,,Y,A,-,N,,,,,,,,,,Y,4,0,3,2,A,-,09,21802,A,N,D,C,A,A,H,-,A,A,0,,,,,Y,,A,01,0,0,3,0,0,0,0,0,0,"- ","- ",,,"SAN FRANCISCO","SAN FRANCISCO",-122.50252532958984,37.72662353515625
9641594,2023,2024-01-18,3801,2023-11-07,1545,334,BAYVI,2,5,7,3801,0,0,0,,0,0C3,"PALOU AV","CRISP RD",0.00,,Y,A,-,N,,,,,,,,,,N,3,0,1,2,A,-,05,21650,,N,A,C,A,A,H,-,A,D,0,,,Y,,Y,,C,03,0,1,0,0,0,0,0,0,1,"- ","- ",,,"SAN FRANCISCO","SAN FRANCISCO",-122.37989807128906,37.727756500244141
9641870,2023,2024-01-23,3801,2023-11-04,2205,2307,NORTH,6,5,7,3801,0,0,0,,0,3E12E,"HAYES ST","LAGUNA ST",0.00,,Y,A,-,N,,,,,,,,,,N,4,0,2,2,A,-,12,22450,A,F,D,C,A,A,-,-,C,A,0,,,,,Y,,A,01,0,0,2,0,0,0,0,0,0,"- ","- ",,,"SAN FRANCISCO","SAN FRANCISCO",-122.42626190185547,37.776473999023438
9642009,2023,2024-01-05,3801,2023-11-06,"233 ",2142,INGLE,1,5,7,3801,0,0,0,,0,3H15E,"ALEMANY BL","HARRINGTON ST",0.00,,Y,C,-,N,,,,,,,,,,Y,3,0,1,2,A,-,07,21658,A,M,-,E,A,B,H,-,C,A,0,,,,,Y,,A,01,0,1,0,0,0,0,0,0,0,"- ","- ",,,"SAN FRANCISCO","SAN FRANCISCO",-122.43630218505859,37.726055145263672
9642057,2023,2024-01-23,3801,2023-11-05,2049,82,MISSI,7,5,7,3801,0,0,0,,0,3D11D,"CESAR CHAVEZ ST","YORK ST",50.00,W,N,C,-,N,,,,,,,,,,N,3,0,1,2,A,-,11,21954,A,N,G,B,D,B,H,-,C,D,0,Y,,,,Y,Y,N,60,0,1,0,0,1,0,0,0,0,"- ","- ",,,"SAN FRANCISCO","SAN FRANCISCO",-122.40805816650391,37.748298645019531
9647815,2023,2023-12-27,3801,2023-10-31,1440,641,BAYVI,2,5,7,3801,0,0,0,,0,3C13A,"JERROLD AV","EARL ST",100.00,W,N,A,-,N,,,,,,,,,,N,3,0,1,2,A,-,05,21650,,N,B,C,A,A,H,-,A,D,0,,,,,Y,,I,19,0,1,0,0,0,0,0,0,0,"- ","- ",,,"SAN FRANCISCO","SAN FRANCISCO",-122.37287139892578,37.729419708251953
9650192,2023,2024-02-15,3801,2023-12-13,1900,1933,TENDE,3,5,7,3801,0,0,0,,0,3J14D,"MASON ST","EDDY ST",0.00,,Y,A,-,N,,,,,,,,,,N,4,0,1,2,A,-,07,21658,A,N,D,C,A,A,H,-,B,A,0,,,,,Y,,I,19,0,0,1,0,0,0,0,0,0,"- ","- ",,,"SAN FRANCISCO","SAN FRANCISCO",-122.4093017578125,37.784374237060547
9650257,2023,2024-01-11,3801,2023-11-28,"756 ",937,BAYVI,2,5,7,3801,0,0,0,,0,3C12A,"MARIN ST","BAYSHORE BL",50.00,E,N,A,-,N,,,,,,,,,,N,3,0,1,2,A,-,08,22107,,N,B,C,A,A,H,-,A,A,0,,,Y,,Y,,A,01,0,1,0,0,0,0,0,0,1,"- ","- ",,,"SAN FRANCISCO","SAN FRANCISCO",-122.40335083007812,37.748134613037109
9650276,2023,2024-02-13,3801,2023-12-03,1935,4187,NORTH,7,5,7,3801,0,0,0,,0,3E12D,"DIVISADERO ST","FELL ST",0.00,,Y,A,-,N,,,,,,,,,,Y,3,0,1,2,A,-,08,22107,,N,D,C,A,A,H,-,C,A,0,,,Y,,Y,,A,01,0,1,0,0,0,0,0,0,1,"- ","- ",,,"SAN FRANCISCO","SAN FRANCISCO",-122.43759918212891,37.774063110351562
9650278,2023,2024-02-13,3801,2023-12-03,1056,2195,NORTH,7,5,7,3801,0,0,0,,0,003,"GROVE ST","POLK ST",0.00,,Y,A,-,N,,,,,,,,,,N,2,0,1,2,A,-,08,22107,,F,D,G,A,A,H,-,A,D,0,,Y,,,Y,,A,01,1,0,0,0,0,0,1,0,0,"- ","- ",,,"SAN FRANCISCO","SAN FRANCISCO",-122.41822052001953,37.778480529785156
9650290,2023,2024-02-05,3801,2023-12-11,1750,2486,TARAV,1,5,7,3801,0,0,0,,0,03H,"MIRALOMA DR","MIRALOMA DR 2",0.00,,Y,F,-,N,,,,,,,,,,Y,4,0,1,2,D,-,00,,,N,B,C,A,-,H,-,-,D,0,,,,,Y,,-,"- ",0,0,1,0,0,0,0,0,0,"- ","- ",,,"SAN FRANCISCO","SAN FRANCISCO",,
9650308,2023,2024-02-23,3801,2023-12-02,1145,2325,MISSI,6,5,7,3801,0,0,0,,0,,"POTRERO AV","18TH ST",0.00,,Y,A,-,N,,,,,,,,,,Y,3,0,4,3,A,-,09,21801,A,N,D,C,A,A,H,-,A,A,0,,,,,Y,,A,01,0,2,2,0,0,0,0,0,0,"- ","- ",,,"SAN FRANCISCO","SAN FRANCISCO",-122.40721893310547,37.761928558349609
9650310,2023,2024-02-23,3801,2023-12-01,2155,709,BAYVI,5,5,7,3801,0,0,0,,0,3C11E,"RHODE ISLAND ST","RHODE ISLAND ST 1172",0.00,,N,A,-,N,,,,,,,,,,Y,3,0,1,3,A,-,03,22350,,N,F,E,A,B,H,-,C,D,0,,,,,Y,,A,07,0,1,0,0,0,0,0,0,0,"- ","- ",,,"SAN FRANCISCO","SAN FRANCISCO",,
9650461,2023,2024-02-29,3801,2023-12-07,2202,2708,SOUTH,4,5,7,3801,0,0,0,,0,3B12E,"3RD ST",TOWNSEND,0.00,,Y,A,-,N,,,,,,,,,,N,3,0,1,2,A,-,11,21954,A,N,G,B,D,A,H,-,C,A,0,Y,,,,Y,,N,60,0,1,0,0,1,0,0,0,0,"- ","- ",,,"SAN FRANCISCO","SAN FRANCISCO",-122.39275360107422,37.778858184814453
9655736,2023,2024-02-06,3801,2023-11-25,2322,2497,,6,5,7,3801,0,0,0,,0,3C15E,"3RD ST","BANCROFT AV",0.00,,Y,A,-,N,,,,,,,,,,Y,3,0,1,1,A,-,03,22350,,N,A,I,A,-,H,-,C,-,0,,,,,Y,,A,07,0,1,0,0,0,0,0,0,0,"- ","- ",,,"SAN FRANCISCO","SAN FRANCISCO",-122.39400482177734,37.726272583007812
9658630,2023,2024-02-14,3801,2023-12-29,1444,1133,MISSI,5,5,7,3801,0,0,0,,0,0D2,"24TH ST","SAN JOSE AV",0.00,,Y,C,-,N,,,,,,,,,,N,4,0,1,2,A,-,09,21802,,N,D,C,A,B,H,-,A,A,0,,,,,Y,,A,01,0,0,1,0,0,0,0,0,0,"- ","- ",,,"SAN FRANCISCO","SAN FRANCISCO",-122.42160034179688,37.752067565917969
9670930,2023,2024-03-19,3801,2023-12-29,1442,4036,TRAFF,5,5,7,3801,0,0,0,,0,4B1B,"CALIFORNIA ST","LYON ST",0.00,,Y,C,-,N,,,,,,,,,,Y,4,0,3,5,A,-,12,21453,A,N,D,C,A,B,H,-,A,A,0,,,,,Y,,J,43,0,0,3,0,0,0,0,0,0,"- ","- ",,,"SAN FRANCISCO","SAN FRANCISCO",-122.44540405273438,37.787418365478516
91977943,2023,2023-01-26,9335,2023-01-09,"25  ",022860,,1,3,7,3801,0,1,2,,2,013,"US-101 S/B","BLANKEN AVE UNDERCROSSING",400.00,N,N,C,-,Y,SF,,101," "," ",0.256,H,,L,N,4,0,1,3,A,-,08,22107,,N,B,C,A,B,H,-,D,D,0,,,,,Y,,A,01,0,0,1,0,0,0,0,0,0,"- ","- ",37.712028503417969,-122.39598846435547,"SAN FRANCISCO","SAN FRANCISCO",-122.39604949951172,37.712013244628906
91992324,2023,2023-02-13,9335,2023-01-31,1555,023121,,2,2,7,3801,0,1,1,,2,023,"I-280 NB TO US-101 NB","SAN BRUNO AVE",180.00,S,N,A,-,Y,,,,,,,,,,Y,3,0,1,2,A,-,01,23152,A,N,C,2,A,A,H,-,A,D,0,,,,,Y,Y,A,07,0,1,0,0,0,0,0,0,0,"- ","- ",37.735321044921875,-122.40823364257812,"SAN FRANCISCO","SAN FRANCISCO",-122.40823364257812,37.735321044921875
91995017,2023,2023-02-15,9350,2023-02-12,"955 ",022133,,7,1,7,3801,0,1,3,,2,011,"SR-1 N/B","NORTH EDGE OF MACARTHUR TUNNEL",1056.00,N,N,A,-,Y,SF,,1," "," ",6.809,H,,R,Y,4,0,1,2,A,-,03,22350,,N,C,C,A,A,H,-,A,D,0,,,,,Y,,A,08,0,0,1,0,0,0,0,0,0,"- ","- ",37.799331665039062,-122.46942138671875,"SAN FRANCISCO","SAN FRANCISCO",-122.46940612792969,37.799331665039062
91995895,2023,2023-02-16,9335,2023-02-03,"550 ",023044,,5,3,7,3801,0,1,2,,2,015,"US-101 NORTHBOUND","ALAMEDA STREET",115.00,N,N,A,-,Y,SF,,101," ",R,4.455,H,,R,Y,4,0,1,1,A,-,08,22107,,N,E,I,A,A,H,-,C,D,0,,,,,Y,,A,07,0,0,1,0,0,0,0,0,0,"- ","- ",37.768810272216797,-122.40663909912109,"SAN FRANCISCO","SAN FRANCISCO",-122.40664672851562,37.768802642822266
92002581,2023,2023-02-24,9335,2023-01-31,1721,023121,,2,2,7,3801,0,1,1,,2,022,"I-280 S/B TO JOHN DALY BOULEVARD","SAINT CHARLES AVENUE OVERCROSSING",997.00,N,N,A,-,Y,SF,,280," ",R,0.183,H,,L,N,4,0,1,2,A,-,03,22350,,N,B,C,A,A,G,-,A,D,0,,,,,Y,,A,01,0,0,1,0,0,0,0,0,0,"- ","- ",37.710159301757812,-122.46652221679688,"SAN FRANCISCO","SAN FRANCISCO",-122.4664306640625,37.71002197265625
92009063,2023,2023-03-20,9335,2023-02-20,1423,023111,,1,2,7,3801,0,1,1,,2,024,"I-280 N/B","18TH STREET UNDERCROSSING",456.00,S,N,A,-,Y,SF,,280," ",R,6.494,H,,R,Y,4,0,3,2,A,-,03,22350,,N,C,C,A,A,H,-,A,D,0,,,,,Y,,A,07,0,0,3,0,0,0,0,0,0,"- ","- ",37.761520385742188,-122.39240264892578,"SAN FRANCISCO","SAN FRANCISCO",-122.39244079589844,37.761516571044922
92010807,2023,2023-03-06,9335,2023-02-28,"958 ",021957,,2,1,7,3801,0,1,1,,1,083,"I-80 EB","SPEAR ST. UNDERCROSSING",2359.00,E,N,B,C,Y,SF,,80," "," ",6.305,H,,R,N,4,0,1,1,A,-,08,22107,,N,E,I,A,B,H,-,A,D,0,,,,,Y,,D,22,0,0,1,0,0,0,0,0,0,"- ","- ",37.793170928955078,-122.38320922851562,"SAN FRANCISCO","SAN FRANCISCO",-122.3831787109375,37.79315185546875
92023695,2023,2023-03-21,9335,2023-03-14,"800 ",018053,,2,1,7,3801,0,1,1,,1,083,"I-80 E/B","YERBA BUENA ISLAND TUNNEL WEST EDGE",555.00,W,N,C,-,Y,SF,,80," "," ",7.612,H,,R,Y,3,0,2,2,A,-,03,22350,,N,C,C,A,B,H,-,A,D,0,,,,,Y,,A,07,0,1,1,0,0,0,0,0,0,"- ","- ",37.807849884033203,-122.36762237548828,"SAN FRANCISCO","SAN FRANCISCO",-122.36743927001953,37.807727813720703
92023733,2023,2023-03-21,9335,2023-03-14,"801 ",018053,,2,1,7,3801,0,1,1,,1,083,"I-80 E/B","YERBA BUENA ISLAND TUNNEL WEST EDGE",600.00,W,N,C,-,Y,SF,,80," "," ",7.605,H,,R,Y,4,0,2,5,A,-,03,22350,,N,C,C,A,B,H,-,A,D,0,,,,Y,Y,,G,25,0,0,2,0,0,0,0,0,0,"- ","- ",37.807769775390625,-122.36772155761719,"SAN FRANCISCO","SAN FRANCISCO",-122.36753082275391,37.807643890380859
92027002,2023,2023-03-23,9335,2023-03-15,1205,021957,,3,1,7,3801,0,1,1,,2,022,"I-280 TO US-101","SAN BRUNO AVE. UNDERCROSSING",802.00,S,N,A,-,Y,SF,,280," ",R,4.157,H,,R,N,4,0,1,1,A,-,01,23152,A,N,E,I,A,A,H,-,A,D,0,,,,,Y,Y,D,22,0,0,1,0,0,0,0,0,0,"- ","- ",37.734169006347656,-122.40988922119141,"SAN FRANCISCO","SAN FRANCISCO",-122.40986633300781,37.734119415283203
92035704,2023,2023-04-03,9335,2023-03-20,2120,023167,,1,2,7,3801,0,1,1,,2,023,"I-280 S/B","ALEMANY BLVD. OVERPASS",150.00,N,N,B,-,Y,SF,,280," ",R,3.910,H,,L,Y,3,0,2,2,A,-,03,22350,,N,C,C,A,B,C,-,C,D,0,,,,,Y,,A,07,0,1,1,0,0,0,0,0,0,"- ","- ",37.732658386230469,-122.41384124755859,"SAN FRANCISCO","SAN FRANCISCO",-122.41383361816406,37.732654571533203
92037670,2023,2023-04-05,9335,2023-03-28,1140,018053,,2,1,7,3801,0,1,1,,1,083,"I-80 E/B","YERBA BUENA ISLAND TUNNEL WEST EDGE",460.00,W,N,C,-,Y,SF,,80," "," ",7.631,H,,R,Y,3,0,3,3,A,-,03,22350,,N,C,C,A,B,H,-,A,D,0,,,,,Y,,A,01,0,1,2,0,0,0,0,0,0,"- ","- ",37.808040618896484,-122.36740875244141,"SAN FRANCISCO","SAN FRANCISCO",-122.36724090576172,37.807952880859375