CASE_ID,ACCIDENT_YEAR,PROC_DATE,JURIS,COLLISION_DATE,COLLISION_TIME,OFFICER_ID,REPORTING_DISTRICT,DAY_OF_WEEK,CHP_SHIFT,POPULATION,CNTY_CITY_LOC,SPECIAL_COND,BEAT_TYPE,CHP_BEAT_TYPE,CITY_DIVISION_LAPD,CHP_BEAT_CLASS,BEAT_NUMBER,PRIMARY_RD,SECONDARY_RD,DISTANCE,DIRECTION,INTERSECTION,WEATHER_1,WEATHER_2,STATE_HWY_IND,CALTRANS_COUNTY,CALTRANS_DISTRICT,STATE_ROUTE,ROUTE_SUFFIX,POSTMILE_PREFIX,POSTMILE,LOCATION_TYPE,RAMP_INTERSECTION,SIDE_OF_HWY,TOW_AWAY,COLLISION_SEVERITY,NUMBER_KILLED,NUMBER_INJURED,PARTY_COUNT,PRIMARY_COLL_FACTOR,PCF_CODE_OF_VIOL,PCF_VIOL_CATEGORY,PCF_VIOLATION,PCF_VIOL_SUBSECTION,HIT_AND_RUN,TYPE_OF_COLLISION,MVIW,PED_ACTION,ROAD_SURFACE,ROAD_COND_1,ROAD_COND_2,LIGHTING,CONTROL_DEVICE,CHP_ROAD_TYPE,PEDESTRIAN_ACCIDENT,BICYCLE_ACCIDENT,MOTORCYCLE_ACCIDENT,TRUCK_ACCIDENT,NOT_PRIVATE_PROPERTY,ALCOHOL_INVOLVED,STWD_VEHTYPE_AT_FAULT,CHP_VEHTYPE_AT_FAULT,COUNT_SEVERE_INJ,COUNT_VISIBLE_INJ,COUNT_COMPLAINT_PAIN,COUNT_PED_KILLED,COUNT_PED_INJURED,COUNT_BICYCLIST_KILLED,COUNT_BICYCLIST_INJURED,COUNT_MC_KILLED,COUNT_MC_INJURED,PRIMARY_RAMP,SECONDARY_RAMP,LATITUDE,LONGITUDE,COUNTY,CITY,POINT_X,POINT_Y
92039008,2023,2023-04-06,9335,2023-03-28,1135,022032,,2,1,7,3801,0,1,1,,1,083,"I-80 E/B","YERBA BUENA ISLAND TUNNEL",180.00,W,N,B,C,Y,SF,,80," "," ",7.663,H,,R,Y,3,0,2,2,A,-,07,21658,A,N,B,2,A,B,H,-,A,D,0,,,,,Y,,A,01,0,1,1,0,0,0,0,0,0,"- ","- ",37.80841064453125,-122.36702728271484,"SAN FRANCISCO","SAN FRANCISCO",-122.36690521240234,37.808345794677734
92044402,2023,2023-04-13,9335,2023-02-22,2140,021672,,3,2,7,3801,0,1,1,,2,022,"I-280 N/B","GENEVA AVE",232.00,S,N,B,-,Y,SF,,280," ",R,1.595,H,,R,N,4,0,2,2,A,-,08,22107,,F,B,C,A,A,H,-,C,D,0,,,,,Y,,-,99,0,0,2,0,0,0,0,0,0,"- ","- ",37.720481872558594,-122.44808959960938,"SAN FRANCISCO","SAN FRANCISCO",-122.44816589355469,37.720485687255859
92044681,2023,2023-04-14,9335,2023-04-08,"250 ",023167,,6,3,7,3801,0,1,1,,2,080,"I-80 E/B","BRANNAN ST.",470.00,E,N,A,-,Y,SF,,80," "," ",4.286,H,,R,Y,4,0,1,1,A,-,01,23152,A,M,E,I,A,A,H,-,C,D,0,,,,,Y,Y,A,01,0,0,1,0,0,0,0,0,0,"- ","- ",37.772228240966797,-122.40656280517578,"SAN FRANCISCO","SAN FRANCISCO",-122.40647125244141,37.772251129150391
92048894,2023,2023-04-19,9335,2023-04-16,1715,023119,,7,2,7,3801,0,1,1,,1,081,"I-80 W/B","FOREST HILL ROAD",530.00,E,N,A,-,Y,SF,,80," ",R,7.902,H,,L,N,4,0,1,2,A,-,03,22350,,N,C,2,A,A,H,-,A,D,0,,,,,Y,,A,07,0,0,1,0,0,0,0,0,0,"- ","- ",37.811050415039062,-122.36399078369141,"SAN FRANCISCO","SAN FRANCISCO",-122.36408996582031,37.811107635498047
92049966,2023,2023-04-21,9335,2023-04-09,"441 ",023044,,7,3,7,3801,0,1,2,,2,014,"US-101 SOUTHBOUND","17TH STREET UNDERCROSSING",301.00,S,N,A,-,Y,SF,,101," "," ",4.074,H,,L,Y,4,0,1,2,A,-,08,22107,,N,C,2,A,A,H,-,C,D,0,,,,,Y,,A,01,0,0,1,0,0,0,0,0,0,"- ","- ",37.763759613037109,-122.4051513671875,"SAN FRANCISCO","SAN FRANCISCO",-122.40516662597656,37.763763427734375
92059361,2023,2023-05-02,9335,2023-04-24,1355,023111,,1,1,7,3801,0,1,2,,2,013,"US-101 N/B","17TH STREET UNDERCROSSING",1683.00,S,N,A,-,Y,SF,,101," "," ",3.809,H,,R,N,4,0,1,2,A,-,03,22350,,N,C,C,A,A,H,-,A,D,0,,,Y,,Y,,C,02,0,0,1,0,0,0,0,0,1,"- ","- ",37.760120391845703,-122.40634155273438,"SAN FRANCISCO","SAN FRANCISCO",-122.40626525878906,37.7601318359375
92060324,2023,2023-05-03,9335,2023-05-02,"810 ",020610,,2,1,7,3801,0,1,1,,2,023,"I-280 N/B","ALEMANY BLVD N/B O/C",525.00,N,N,C,-,Y,SF,,280," ",R,3.976,H,,R,N,4,0,2,2,A,-,03,22350,,N,C,C,A,B,H,-,A,D,0,,,,,Y,,A,01,0,0,2,0,0,0,0,0,0,"- ","- ",37.732898712158203,-122.41282653808594,"SAN FRANCISCO","SAN FRANCISCO",-122.41282653808594,37.732898712158203
92061414,2023,2023-05-04,9335,2023-05-02,1520,017667,,2,2,7,3801,0,1,1,,2,023,"I-280 N/B","MISSION STREET",95.00,N,N,B,C,Y,SF,,280," ",R,3.138,H,,R,N,3,0,2,2,A,-,08,22107,,N,C,C,A,B,H,-,A,D,0,,,,,Y,,A,07,0,2,0,0,0,0,0,0,0,"- ","- ",37.731769561767578,-122.42777252197266,"SAN FRANCISCO","SAN FRANCISCO",-122.42777252197266,37.731754302978516
92072225,2023,2023-05-18,9335,2023-05-07,1345,023119,,7,1,7,3801,0,1,1,,1,081,"I-80 W/B","BEALE STREET",127.00,W,N,A,-,Y,SF,,80," "," ",5.693,H,,L,Y,3,0,2,4,A,-,03,22350,,F,C,C,A,A,H,-,A,D,0,,,,,Y,,-,99,0,1,1,0,0,0,0,0,0,"- ","- ",37.786380767822266,-122.39060974121094,"SAN FRANCISCO","SAN FRANCISCO",-122.39057922363281,37.786361694335938
92074059,2023,2023-05-22,9335,2023-05-14,1008,023119,,7,1,7,3801,0,1,2,,2,013,"US-101 S/B TO SILVER AVE","SAN BRUNO AVE",48.00,N,N,A,-,Y,SF,,101," "," ",1.687,H,,L,N,4,0,3,2,A,-,07,21658,A,N,B,C,A,A,H,-,A,A,0,,,,,Y,,I,20,0,0,3,0,0,0,0,0,0,"- ","- ",37.731399536132812,-122.40492248535156,"SAN FRANCISCO","SAN FRANCISCO",-122.40464019775391,37.731479644775391
92084826,2023,2023-06-02,9335,2023-05-28,1240,018053,,7,1,7,3801,0,1,1,,2,024,"I-280 N/B","16TH STREET UNDER CROSSING",375.00,N,N,A,-,Y,SF,,280," ",R,6.949,H,,R,N,3,0,2,3,A,-,03,22350,,N,C,C,A,A,H,-,A,D,0,,,,,Y,,A,01,0,1,1,0,0,0,0,0,0,"- ","- ",37.767429351806641,-122.39546966552734,"SAN FRANCISCO","SAN FRANCISCO",-122.39549255371094,37.767414093017578
92088127,2023,2023-06-07,9335,2023-05-27,1156,021957,,6,1,7,3801,0,1,1,,1,081,"I-80 WB","TREASURE ISLAND RD. OVERCROSSING",1023.00,W,N,A,-,Y,SF,,80," "," ",7.527,H,,L,N,3,0,1,3,A,-,03,22350,,N,C,C,A,A,H,-,A,D,0,,,,,Y,,A,01,0,1,0,0,0,0,0,0,0,"- ","- ",37.806911468505859,-122.36865997314453,"SAN FRANCISCO","SAN FRANCISCO",-122.36845397949219,37.806774139404297
92089396,2023,2023-06-08,9335,2023-05-09,1033,018804,,2,1,7,3801,0,1,2,,2,013,"US 101 S/B","ALEMANY BLVD.",202.00,N,N,A,-,Y,SF,,101," "," ",2.185,H,,L,N,3,0,1,2,C,-,18,,,N,E,8,A,A,H,-,A,D,0,,,,Y,Y,,-,"- ",0,1,0,0,0,0,0,0,0,"- ","- ",37.738319396972656,-122.40805816650391,"SAN FRANCISCO","SAN FRANCISCO",-122.40811157226562,37.738315582275391
92089547,2023,2023-06-08,9335,2023-06-07,1555,022703,,3,2,7,3801,0,1,2,,2,013,"US-101 NORTHBOUND","ALEMANY BLVD",45.00,N,N,A,-,Y,SF,,101," "," ",2.051,H,,R,Y,4,0,2,2,A,-,08,22107,,N,C,C,A,A,H,-,A,D,0,,,,,Y,,A,01,0,0,2,0,0,0,0,0,0,"- ","- ",37.736370086669922,-122.40744018554688,"SAN FRANCISCO","SAN FRANCISCO",-122.40737152099609,37.736392974853516
92092596,2023,2023-06-13,9335,2023-06-06,"830 ",022032,,2,1,7,3801,0,1,1,,2,023,"I-280 N/B","ST MARY'S PARK FOOTBRIDGE",1610.00,N,N,B,-,Y,SF,,280," ",R,3.842,H,,R,N,4,0,1,2,A,-,03,22350,,N,C,C,A,B,H,-,A,D,0,,,,,Y,,A,07,0,0,1,0,0,0,0,0,0,"- ","- ",37.732051849365234,-122.41504669189453,"SAN FRANCISCO","SAN FRANCISCO",-122.41506195068359,37.732078552246094
92095817,2023,2023-06-16,9335,2023-06-07,"238 ",019210,,3,3,7,3801,0,1,2,,2,013,"US-101 S/B TO I-280 S/B, TO ALEMANY BLVD","ALEMANY BLVD",10.00,S,N,B,-,Y,,,,,,,,,,Y,3,0,1,1,A,-,08,22107,,M,E,8,A,A,H,-,C,A,0,,,,,Y,,A,01,0,1,0,0,0,0,0,0,0,"- ","- ",37.734619140625,-122.41066741943359,"SAN FRANCISCO","SAN FRANCISCO",-122.40807342529297,37.737972259521484
92098846,2023,2023-06-21,9335,2023-06-13,2045,021588,,2,2,7,3801,0,1,1,,2,021,"I-280 NORTHBOUND","JUNIPERO SERRA BLVD",950.00,N,N,B,-,Y,SM,,280," ",R,26.690,H,,R,N,4,0,1,2,A,-,03,22350,,N,C,C,A,A,H,-,C,D,0,,,,,Y,,A,01,0,0,1,0,0,0,0,0,0,"- ","- ",37.698299407958984,-122.47133636474609,"SAN FRANCISCO","SAN FRANCISCO",-122.47132110595703,37.698299407958984
92102849,2023,2023-06-27,9335,2023-06-15,2225,021754,,4,3,7,3801,0,1,2,,2,013,"US-101 S/B","PAUL AVE. UNDERCROSS",380.00,S,N,A,-,Y,SF,,101," "," ",1.051,H,,L,Y,4,0,1,3,A,-,03,22350,,N,C,C,A,A,H,-,C,D,0,,,,,Y,,A,01,0,0,1,0,0,0,0,0,0,"- ","- ",37.722751617431641,-122.40087127685547,"SAN FRANCISCO","SAN FRANCISCO",-122.40094757080078,37.722728729248047
92105098,2023,2023-06-29,9335,2023-06-19,2125,023167,,1,2,7,3801,0,1,2,,2,013,"US 101 N/B","BACON ST",50.00,S,N,A,-,Y,SF,,101," "," ",1.406,H,,R,Y,3,0,1,1,A,-,08,22107,,N,E,I,A,A,H,-,C,D,0,,,,,Y,,A,07,0,1,0,0,0,0,0,0,0,"- ","- ",37.727718353271484,-122.40268707275391,"SAN FRANCISCO","SAN FRANCISCO",-122.40262603759766,37.727737426757812
92109301,2023,2023-07-04,9335,2023-06-25,2330,023044,,7,3,7,3801,0,1,2,,2,014,"US-101 SOUTHBOUND","CESAR CHAVEZ STREET",329.00,N,N,A,-,Y,SF,,101," "," ",3.069,H,,L,Y,3,0,1,1,A,-,01,23152,A,N,E,I,A,A,H,-,C,D,0,,,,,Y,Y,A,01,0,1,0,0,0,0,0,0,0,"- ","- ",37.750339508056641,-122.40377044677734,"SAN FRANCISCO","SAN FRANCISCO",-122.40352630615234,37.750289916992188
92111553,2023,2023-07-07,9335,2023-07-06,1415,018688,,4,2,7,3801,0,1,1,,2,080,"I-80 E/B","7TH ST.",375.00,W,N,B,-,Y,SF,,80," "," ",4.407,H,,R,N,4,0,1,2,A,-,07,21658,A,N,B,C,A,A,H,-,A,D,0,,,Y,,Y,,A,01,0,0,1,0,0,0,0,0,1,"- ","- ",37.774040222167969,-122.40632629394531,"SAN FRANCISCO","SAN FRANCISCO",-122.40633392333984,37.774040222167969
92118978,2023,2023-07-17,9335,2023-07-12,1515,019434,,3,2,7,3801,0,1,1,,2,080,"EB I-80","5TH STREET UNDER-CROSSING",120.00,W,N,A,-,Y,SF,,80," "," ",4.805,H,,R,N,4,0,2,2,A,-,03,22350,,N,C,C,A,A,H,-,A,D,0,,,,,Y,,A,01,0,0,2,0,0,0,0,0,0,"- ","- ",37.778030395507812,-122.40133666992188,"SAN FRANCISCO","SAN FRANCISCO",-122.40129852294922,37.777984619140625
92132117,2023,2023-07-31,9335,2023-07-22,1335,023119,,6,1,7,3801,0,1,1,,1,083,"I-80 E/B","TREASURE ISLAND RD",555.00,W,N,A,-,Y,SF,,80," "," ",7.616,H,,R,N,4,0,1,2,A,-,08,22107,,N,E,I,A,A,H,-,A,D,0,,,,,Y,,A,01,0,0,1,0,0,0,0,0,0,"- ","- ",37.807899475097656,-122.36765289306641,"SAN FRANCISCO","SAN FRANCISCO",-122.36740112304688,37.807765960693359
92134991,2023,2023-08-03,9335,2023-07-26,1753,023312,,3,2,7,3801,0,1,1,,1,083,"I-80 E/B","BEALE ST U/C",250.00,E,N,A,-,Y,SF,,80," "," ",5.672,H,,R,N,3,0,1,2,A,-,03,22350,,N,C,C,A,A,H,-,A,D,0,,,,,Y,,A,07,0,1,0,0,0,0,0,0,0,"- ","- ",37.786079406738281,-122.39077758789062,"SAN FRANCISCO","SAN FRANCISCO",-122.39083862304688,37.786121368408203
92135589,2023,2023-08-03,9335,2023-05-14,1442,022186,,7,2,7,3801,0,1,2,,2,013,"US-101 N/B TO CESAR CHAVEZ","FAITH STREET PEDESTRIAN O/C",1220.00,N,N,A,-,Y,,,,,,,,,,N,4,0,1,2,A,-,03,22350,,M,C,C,A,A,H,-,A,D,0,,,,,Y,,-,99,0,0,1,0,0,0,0,0,0,"- ","- ",37.746959686279297,-122.40389251708984,"SAN FRANCISCO","SAN FRANCISCO",-122.40389251708984,37.746959686279297
92140388,2023,2023-08-10,9335,2023-07-30,2245,022860,,7,3,7,3801,0,1,2,,2,014,"US-101 S/B","15TH STREET UNDERCROSSING",150.00,N,N,A,-,Y,SF,,101," ",R,4.347,H,,L,N,2,0,1,1,A,-,03,22350,,N,E,I,A,A,H,-,C,D,0,,,Y,,Y,,C,02,1,0,0,0,0,0,0,0,1,"- ","- ",37.767681121826172,-122.40556335449219,"SAN FRANCISCO","SAN FRANCISCO",-122.40559387207031,37.767665863037109
92143247,2023,2023-08-14,9335,2023-08-05,"250 ",023119,,6,3,7,3801,0,1,1,,2,080,"I-80 W/B","9TH STREET OFF RAMP PHYSICAL GORE POINT",25.00,E,N,A,-,Y,SF,,80," "," ",4.476,H,,L,Y,4,0,1,1,A,-,01,23152,A,N,E,I,A,A,H,-,C,D,0,,,,,Y,Y,A,07,0,0,1,0,0,0,0,0,0,"- ","- ",37.775131225585938,-122.40632629394531,"SAN FRANCISCO","SAN FRANCISCO",-122.40627288818359,37.775100708007812
92143423,2023,2023-09-18,9335,2023-08-11,"905 ",023373,,5,1,7,3801,0,1,1,,2,024,"I-280 N/B TO KING STREET","5TH ST",350.00,S,N,A,-,Y,,,,,,,,,,N,4,0,2,2,A,-,03,22350,,N,C,C,A,A,H,-,A,D,0,,,,,Y,,A,01,0,0,2,0,0,0,0,0,0,"- ","- ",37.773708343505859,-122.39714813232422,"SAN FRANCISCO","SAN FRANCISCO",-122.39714813232422,37.773708343505859
92145233,2023,2023-08-16,9335,2023-08-08,"821 ",023367,,2,1,7,3801,0,1,2,,2,014,"US-101 S/B","23RD ST OVER-CROSSING",162.00,N,N,A,-,Y,SF,,101," "," ",3.339,H,,L,N,4,0,1,2,A,-,03,22350,,N,C,C,A,A,H,-,A,A,0,,,,,Y,,A,01,0,0,1,0,0,0,0,0,0,"- ","- ",37.754119873046875,-122.40316009521484,"SAN FRANCISCO","SAN FRANCISCO",-122.40310668945312,37.754123687744141
92148519,2023,2023-11-06,9335,2023-08-10,1700,023378,,4,2,7,3801,0,1,1,,1,081,"US-101 N/B","SILVER AVE O/C",670.00,N,N,A,-,Y,SF,,101," "," ",1.901,H,,R,N,4,0,2,2,A,-,07,21658,A,N,B,C,A,A,H,-,A,D,0,,,,,Y,,-,"- ",0,0,2,0,0,0,0,0,0,"- ","- ",37.734409332275391,-122.40615081787109,"SAN FRANCISCO","SAN FRANCISCO",-122.40618133544922,37.734397888183594
92151027,2023,2023-08-23,9335,2023-08-15,2340,023111,,2,3,7,3801,0,1,1,,1,083,"E/B I-80","THE EMBARCADERO UNDERCROSSING",1540.00,E,N,A,-,Y,SF,,80," "," ",6.214,H,,R,Y,4,0,1,2,A,-,03,22350,,N,C,C,A,A,H,-,C,D,0,,,,,Y,,A,01,0,0,1,0,0,0,0,0,0,"- ","- ",37.792171478271484,-122.38432312011719,"SAN FRANCISCO","SAN FRANCISCO",-122.38427734375,37.792140960693359
92151655,2023,2023-08-23,9335,2023-08-22,"945 ",021957,,2,1,7,3801,0,1,1,,2,080,"I-80 WB TO FREMONT ST.","2ND ST UNDERCROSSING",388.00,E,N,A,-,Y,,,,,,,,,,N,4,0,1,2,A,-,03,22350,,N,C,C,A,A,H,-,A,D,0,,,,,Y,,A,07,0,0,1,0,0,0,0,0,0,"- ","- ",37.78533935546875,-122.39447021484375,"SAN FRANCISCO","SAN FRANCISCO",-122.39447021484375,37.78533935546875
92163934,2023,2023-09-06,9335,2023-08-29,1645,023373,,2,2,7,3801,0,1,1,,1,081,"I-80 W/B","THE EMBARCADERO UNDERCROSSING",4805.00,E,N,A,-,Y,SF,,80," "," ",6.818,H,,L,N,3,0,1,2,A,-,04,21703,,M,C,C,A,A,H,-,A,D,0,,,,,Y,,A,01,0,1,0,0,0,0,0,0,0,"- ","- ",37.798919677734375,-122.37705993652344,"SAN FRANCISCO","SAN FRANCISCO",-122.37696075439453,37.798854827880859
92166741,2023,2023-09-11,9350,2023-09-01,"455 ",021739,,5,3,7,3801,0,1,3,,2,011,"SR-1 NB TO US-101 NB","US-101 N/B OVERCROSSING",175.00,N,N,B,-,Y,,,,,,,,,,N,4,0,1,1,A,-,03,22350,,N,E,I,A,B,H,-,C,D,0,,,,,Y,,-,"- ",0,0,1,0,0,0,0,0,0,"- ","- ",37.803890228271484,-122.4698486328125,"SAN FRANCISCO","SAN FRANCISCO",-122.4698486328125,37.803890228271484
92178552,2023,2023-09-25,9335,2023-09-01,"410 ",023338,,5,3,7,3801,0,1,1,,2,023,"I-280 NB","ALEMANY BLVD OVERCROSSING",525.00,N,N,C,-,Y,SF,,280," ",R,3.968,H,,R,Y,4,0,1,1,A,-,08,22107,,N,F,I,A,B,H,-,C,D,0,,,,,Y,,A,01,0,0,1,0,0,0,0,0,0,"- ","- ",37.732658386230469,-122.41284942626953,"SAN FRANCISCO","SAN FRANCISCO",-122.41297149658203,37.732841491699219
92186797,2023,2023-10-02,9335,2023-09-13,1140,023378,,3,1,7,3801,0,1,2,,2,013,"US-101 N/B  TO I-280 S/B","SAN BRUNO AVENUE UNDERCROSSING",1368.00,N,N,A,-,Y,SF,,280," ",R,4.065,H,,L,N,4,0,1,2,A,-,11,21954,A,N,G,B,D,A,H,-,A,D,0,Y,,,,Y,,N,60,0,0,1,0,1,0,0,0,0,"- ","- ",37.733779907226562,-122.41143035888672,"SAN FRANCISCO","SAN FRANCISCO",-122.41146087646484,37.733818054199219
92191681,2023,2023-10-05,9335,2023-08-10,1318,022920,,4,1,7,3801,0,1,2,,2,013,"US-101 S/B FROM ALEMANY BLVD","ALEMANY BLVD",90.00,S,N,A,-,Y,,,,,,,,,,Y,3,0,2,1,A,-,08,22107,,N,F,8,A,A,H,-,A,A,0,,,,Y,Y,,G,77,0,1,1,0,0,0,0,0,0,"- ","- ",37.737270355224609,-122.40831756591797,"SAN FRANCISCO","SAN FRANCISCO",-122.40831756591797,37.737270355224609
92222531,2023,2023-10-30,9335,2023-10-18,2245,023312,,3,3,7,3801,0,1,2,,2,013,"US-101 N/B","BACON ST U/C",1373.00,S,N,A,-,Y,SF,,101," "," ",1.160,H,,R,N,4,0,1,2,A,-,07,21658,A,N,B,C,A,A,H,-,C,D,0,,,,,Y,,-,"- ",0,0,1,0,0,0,0,0,0,"- ","- ",37.724220275878906,-122.40131378173828,"SAN FRANCISCO","SAN FRANCISCO",-122.40129089355469,37.724224090576172
92232423,2023,2023-11-09,9335,2023-11-01,"950 ",019175,,3,1,7,3801,0,1,1,,2,080,"I-80 W/B","4TH STREET UNDERCROSSING",25.00,W,N,A,-,Y,SF,,80," "," ",5.050,H,,L,N,3,0,1,2,A,-,07,21658,A,M,B,C,A,A,H,-,A,D,0,,,Y,,Y,,-,99,0,1,0,0,0,0,0,0,1,"- ","- ",37.780231475830078,-122.39917755126953,"SAN FRANCISCO","SAN FRANCISCO",-122.39923858642578,37.7802734375
92244570,2023,2023-11-27,9335,2023-11-13,"518 ",018053,,1,3,7,3801,0,1,2,,2,013,"US-101 S/B","ALANA WAY UNDER CROSSING",639.00,N,N,A,-,Y,SF,,101," "," ",0.155,H,,L,Y,4,0,1,3,A,-,03,22350,,N,C,C,A,A,H,-,B,D,0,,,,,Y,,A,01,0,0,1,0,0,0,0,0,0,"- ","- ",37.710609436035156,-122.39555358886719,"SAN FRANCISCO","SAN FRANCISCO",-122.39563751220703,37.710597991943359
92249838,2023,2023-12-01,9335,2023-11-21,1905,023312,,2,2,7,3801,0,1,2,,2,015,"US-101 S/B","BRYANT ST U/C",81.00,S,N,A,-,Y,SF,,101," ",R,4.705,H,,L,Y,4,0,1,2,A,-,03,22350,,N,C,C,A,A,H,-,C,D,0,,,,,Y,,A,01,0,0,1,0,0,0,0,0,0,"- ","- ",37.769309997558594,-122.41049957275391,"SAN FRANCISCO","SAN FRANCISCO",-122.41050720214844,37.769268035888672
92249904,2023,2023-12-01,9335,2023-11-22,1118,023357,,3,1,7,3801,0,1,2,,2,013,"US-101 N/B","SILVER AVE",251.00,N,N,A,-,Y,SF,,101," "," ",1.826,H,,R,N,4,0,1,3,A,-,03,22350,,N,C,C,A,A,H,-,A,D,0,,,,,Y,,A,01,0,0,1,0,0,0,0,0,0,"- ","- ",37.733390808105469,-122.40558624267578,"SAN FRANCISCO","SAN FRANCISCO",-122.40556335449219,37.733402252197266
92251248,2023,2023-12-04,9335,2023-10-25,1715,023373,,3,2,7,3801,0,1,1,,1,081,"I-80 W/B","TREASURE ISLAND RD",3960.00,W,N,A,-,Y,,,,,,,,,,Y,3,0,3,4,A,-,08,22107,,N,B,C,A,A,H,-,A,D,0,,,,,Y,,A,01,0,3,0,0,0,0,0,0,0,"- ","- ",37.800849914550781,-122.37525939941406,"SAN FRANCISCO","SAN FRANCISCO",-122.37512969970703,37.800708770751953
92257400,2023,2023-12-08,9335,2023-12-02,1330,023593,,6,1,7,3801,0,1,1,,1,083,"I-80 E/B FROM HILLCREST RD.","FOREST RD",1108.00,E,N,A,-,Y,,,,,,,,,,Y,4,0,1,2,A,-,03,22350,,N,C,C,A,B,H,-,A,A,0,,,,,Y,,A,07,0,0,1,0,0,0,0,0,0,"- ","- ",37.812210083007812,-122.36260223388672,"SAN FRANCISCO","SAN FRANCISCO",-122.36260223388672,37.812210083007812
92263639,2023,2023-12-18,9335,2023-12-05,1740,023593,,2,2,7,3801,0,1,2,,2,013,"US-101 SOUTHBOUND","CORTLAND AVE UNDERCROSSING",153.00,S,N,A,-,Y,SF,,101," "," ",2.249,H,,L,Y,4,0,2,4,A,-,03,22350,,N,C,C,A,A,H,-,D,D,0,,,,,Y,,A,01,0,0,2,0,0,0,0,0,0,"- ","- ",37.739269256591797,-122.40828704833984,"SAN FRANCISCO","SAN FRANCISCO",-122.40817260742188,37.739269256591797
92269409,2023,2023-12-22,9335,2023-12-09,2047,023063,,6,2,7,3801,0,1,1,,1,081,"I-80 WESTBOUND","TRASURE ISLAND ROAD",670.00,W,N,A,-,Y,SF,,80," "," ",7.593,H,,L,N,4,0,3,2,A,-,03,22350,,M,C,C,A,A,H,-,C,D,0,,,,,Y,,-,99,0,0,3,0,0,0,0,0,0,"- ","- ",37.807651519775391,-122.36788177490234,"SAN FRANCISCO","SAN FRANCISCO",-122.36766815185547,37.807510375976562
92273940,2023,2023-12-28,9335,2023-12-19,2040,023593,,2,2,7,3801,0,1,1,,1,083,"I-80 E/B","NORTH GATE RD",644.00,E,N,C,-,Y,SF,,80," ",R,8.230,H,,R,Y,4,0,1,1,A,-,03,22350,,N,E,8,A,B,H,-,C,D,0,,,,,Y,,A,01,0,0,1,0,0,0,0,0,0,"- ","- ",37.814380645751953,-122.35977935791016,"SAN FRANCISCO","SAN FRANCISCO",-122.35984039306641,37.814449310302734
92285207,2023,2024-01-11,9335,2023-12-29,1925,023536,,5,2,7,3801,0,1,1,,1,081,"I-80 W/B","THE EMBARCADERO UNDERCROSSING",310.00,E,N,C,-,Y,SF,,80," "," ",5.980,H,,L,Y,4,0,1,3,A,-,07,21658,A,N,B,C,A,B,H,-,C,D,0,,,,,Y,Y,A,01,0,0,1,0,0,0,0,0,0,"- ","- ",37.78955078125,-122.38712310791016,"SAN FRANCISCO","SAN FRANCISCO",-122.38711547851562,37.789543151855469
92288067,2023,2024-01-16,9335,2023-10-29,1940,022920,,7,2,7,3801,0,1,1,,2,080,"I-80 E/B","THE BRANNAN STREET UNDERCROSSING",140.00,E,N,A,-,Y,SF,,80," "," ",4.225,H,,R,N,4,0,1,2,A,-,03,22350,,N,C,C,A,A,H,-,C,D,0,,,,,Y,,A,07,0,0,1,0,0,0,0,0,0,"- ","- ",37.771438598632812,-122.40609741210938,"SAN FRANCISCO","SAN FRANCISCO",-122.40607452392578,37.771450042724609
92301893,2023,2024-01-31,9335,2023-09-05,"155 ",023067,,2,3,7,3801,0,1,1,,2,023,"I-280 N/B","ST. MARY'S PARK FOOTBRIDGE",110.00,N,N,A,-,Y,SF,,280," ",R,3.547,H,,R,Y,4,0,1,2,A,-,07,21658,A,M,B,C,A,A,H,-,B,D,0,,,,,Y,Y,-,99,0,0,1,0,0,0,0,0,0,"- ","- ",37.731788635253906,-122.42024993896484,"SAN FRANCISCO","SAN FRANCISCO",-122.42025756835938,37.731822967529297