CASE_ID,ACCIDENT_YEAR,PROC_DATE,JURIS,COLLISION_DATE,COLLISION_TIME,OFFICER_ID,REPORTING_DISTRICT,DAY_OF_WEEK,CHP_SHIFT,POPULATION,CNTY_CITY_LOC,SPECIAL_COND,BEAT_TYPE,CHP_BEAT_TYPE,CITY_DIVISION_LAPD,CHP_BEAT_CLASS,BEAT_NUMBER,PRIMARY_RD,SECONDARY_RD,DISTANCE,DIRECTION,INTERSECTION,WEATHER_1,WEATHER_2,STATE_HWY_IND,CALTRANS_COUNTY,CALTRANS_DISTRICT,STATE_ROUTE,ROUTE_SUFFIX,POSTMILE_PREFIX,POSTMILE,LOCATION_TYPE,RAMP_INTERSECTION,SIDE_OF_HWY,TOW_AWAY,COLLISION_SEVERITY,NUMBER_KILLED,NUMBER_INJURED,PARTY_COUNT,PRIMARY_COLL_FACTOR,PCF_CODE_OF_VIOL,PCF_VIOL_CATEGORY,PCF_VIOLATION,PCF_VIOL_SUBSECTION,HIT_AND_RUN,TYPE_OF_COLLISION,MVIW,PED_ACTION,ROAD_SURFACE,ROAD_COND_1,ROAD_COND_2,LIGHTING,CONTROL_DEVICE,CHP_ROAD_TYPE,PEDESTRIAN_ACCIDENT,BICYCLE_ACCIDENT,MOTORCYCLE_ACCIDENT,TRUCK_ACCIDENT,NOT_PRIVATE_PROPERTY,ALCOHOL_INVOLVED,STWD_VEHTYPE_AT_FAULT,CHP_VEHTYPE_AT_FAULT,COUNT_SEVERE_INJ,COUNT_VISIBLE_INJ,COUNT_COMPLAINT_PAIN,COUNT_PED_KILLED,COUNT_PED_INJURED,COUNT_BICYCLIST_KILLED,COUNT_BICYCLIST_INJURED,COUNT_MC_KILLED,COUNT_MC_INJURED,PRIMARY_RAMP,SECONDARY_RAMP,LATITUDE,LONGITUDE,COUNTY,CITY,POINT_X,POINT_Y
92320652,2023,2024-02-22,9335,2023-11-07,2020,023474,,2,2,7,3801,0,1,1,,2,024,"I-280 N/B","20TH ST UNDERCROSSING",177.00,S,N,A,-,Y,SF,,280," ",R,6.431,H,,R,N,3,0,2,2,A,-,03,22350,,N,C,C,A,A,H,-,D,D,0,,,,,Y,,D,22,0,1,1,0,0,0,0,0,0,"- ","- ",37.760768890380859,-122.39227294921875,"SAN FRANCISCO","SAN FRANCISCO",-122.39235687255859,37.760761260986328
92320660,2023,2024-02-22,9335,2023-10-23,1225,018804,,1,1,7,3801,0,1,1,,2,080,"I-80 W/B","5TH STREET",178.00,E,N,A,-,Y,SF,,80," "," ",4.868,H,,L,N,3,0,1,2,A,-,03,22350,,F,G,B,E,A,H,-,A,A,0,Y,,,,Y,,-,99,0,1,0,0,1,0,0,0,0,"- ","- ",37.77899169921875,-122.4010009765625,"SAN FRANCISCO","SAN FRANCISCO",-122.40090942382812,37.778919219970703
92321362,2023,2024-02-23,9335,2023-11-05,"440 ",023119,,7,3,7,3801,0,1,1,,1,081,"I-80 W/B","BEALE ST",102.00,E,N,A,-,Y,SF,,80," "," ",5.747,H,,L,Y,3,0,1,2,A,-,03,22350,,F,C,C,A,A,H,-,C,D,0,,,,,Y,Y,-,99,0,1,0,0,0,0,0,0,0,"- ","- ",37.786949157714844,-122.38992309570312,"SAN FRANCISCO","SAN FRANCISCO",-122.38993072509766,37.786956787109375
92321379,2023,2024-02-23,9335,2023-08-27,"735 ",018399,,7,1,7,3801,0,1,1,,1,081,"I-80 W/B","CECTER ANCHORAGE",752.00,E,N,A,-,Y,,,,,,,,,,N,2,0,3,3,A,-,03,22350,,N,C,C,A,A,H,-,C,D,0,,,,,Y,,A,01,1,1,1,0,0,0,0,0,0,"- ","- ",37.800498962402344,-122.37563323974609,"SAN FRANCISCO","SAN FRANCISCO",-122.37551116943359,37.800369262695312
92337531,2023,2024-03-13,9335,2023-12-30,"655 ",023366,,6,1,7,3801,0,1,1,,2,080,"I-80 W/B","BRANNAN STREET",55.00,E,N,C,-,Y,SF,,80," "," ",4.191,H,,L,Y,3,0,1,2,A,-,08,22107,,N,E,J,F,B,H,-,B,D,0,Y,,,,Y,,D,22,0,1,0,0,1,0,0,0,0,"- ","- ",37.771068572998047,-122.40605926513672,"SAN FRANCISCO","SAN FRANCISCO",-122.4061279296875,37.771049499511719
92341196,2023,2024-03-19,9335,2023-12-26,1455,023593,,2,2,7,3801,0,1,1,,2,080,"I-80 WESTBOUND","BRANNAN ST UNDERCROSSING",32.00,W,N,A,-,Y,SF,,80," "," ",4.164,H,,L,N,4,0,2,2,A,-,03,22350,,N,C,C,A,A,H,-,A,D,0,,,,Y,Y,,F,26,0,0,2,0,0,0,0,0,0,"- ","- ",37.770671844482422,-122.40602874755859,"SAN FRANCISCO","SAN FRANCISCO",-122.40596008300781,37.770687103271484
92343323,2023,2024-03-21,9335,2023-11-25,"620 ",021200,,6,1,7,3801,0,1,2,,2,013,"US101 SB","ALEMANY BOULEVARD",140.00,N,N,A,-,Y,SF,,101," "," ",2.311,H,,L,N,4,0,1,1,A,-,08,22107,,F,E,C,A,A,H,-,D,D,0,,,,,Y,,A,01,0,0,1,0,0,0,0,0,0,"- ","- ",37.740161895751953,-122.408203125,"SAN FRANCISCO","SAN FRANCISCO",-122.40807342529297,37.740142822265625
92348946,2023,2024-03-28,9335,2023-11-07,1750,023366,,2,2,7,3801,0,1,2,,2,014,"US-101 S/B","CESAR CHAVEZ ST",196.00,N,N,A,-,Y,SF,,101," "," ",3.046,H,,L,Y,4,0,2,4,A,-,03,22350,,N,C,C,A,A,H,-,C,D,0,,,,,Y,,A,01,0,0,2,0,0,0,0,0,0,"- ","- ",37.749980926513672,-122.40370178222656,"SAN FRANCISCO","SAN FRANCISCO",-122.40362548828125,37.749965667724609
9468621,2023,2023-09-08,3801,2023-08-01,"600 ",4333,NORTH,2,5,7,3801,0,0,0,,0,,"OCTAVIA ST","MARKET ST",0.00,,Y,A,-,N,,,,,,,,,,,4,0,1,2,A,-,04,21703,,F,C,C,A,A,G,-,B,A,0,,,,,Y,,A,01,0,0,1,0,0,0,0,0,0,"- ","- ",,,"SAN FRANCISCO","SAN FRANCISCO",-122.42359161376953,37.771774291992188
9468639,2023,2023-09-08,3801,2023-08-23,1502,319,CENTR,3,5,7,3801,0,0,0,,0,3A12D,"2ND ST","BRYANT ST",0.00,,Y,A,-,N,,,,,,,,,,N,3,0,1,2,A,-,03,22350,,N,B,G,A,A,H,-,A,-,0,,Y,,,Y,,A,01,0,1,0,0,0,0,1,0,0,"- ","- ",,,"SAN FRANCISCO","SAN FRANCISCO",-122.39363098144531,37.7830810546875
9468641,2023,2023-09-21,3801,2023-08-16,1720,2372,INGLE,3,5,7,3801,0,0,0,,0,3H00,"MISSION ST","MISSION ST 5901",0.00,,-,A,-,N,,,,,,,,,,N,4,0,1,2,A,-,"- ",,,N,C,C,A,A,H,-,A,D,0,,,,,Y,,A,01,0,0,1,0,0,0,0,0,0,"- ","- ",,,"SAN FRANCISCO","SAN FRANCISCO",-122.41979217529297,37.7705078125
9468645,2023,2023-09-20,3801,2023-08-18,2010,821,SOUTH,5,5,7,3801,0,0,0,,0,0B2,"3RD ST","HOWARD ST",0.00,,Y,A,-,N,,,,,,,,,,N,4,0,2,2,A,-,03,22350,,N,C,D,A,-,H,-,B,A,0,,,,,Y,Y,-,"- ",0,0,2,0,0,0,0,0,0,"- ","- ",,,"SAN FRANCISCO","SAN FRANCISCO",-122.40049743652344,37.785007476806641
9468670,2023,2023-09-11,3801,2023-08-14,1225,1457,TARAV,1,5,7,3801,0,0,0,,0,002,"PACHECO ST","21ST AV",0.00,,Y,A,-,N,,,,,,,,,,Y,4,0,1,2,A,-,09,21802,A,N,D,-,A,A,H,-,A,-,0,,,,,Y,,A,01,0,0,1,0,0,0,0,0,0,"- ","- ",,,"SAN FRANCISCO","SAN FRANCISCO",-122.47837829589844,37.750419616699219
9468671,2023,2023-09-08,3801,2023-08-14,"640 ",2474,BAYVI,1,5,7,3801,0,0,0,,0,3C14A,"PHELPS ST","WILLIAMS AV",0.00,,Y,A,-,N,,,,,,,,,,N,3,0,1,2,A,-,10,21950,A,N,G,B,B,A,H,-,B,D,0,Y,,,,Y,,A,01,0,1,0,0,1,0,0,0,0,"- ","- ",,,"SAN FRANCISCO","SAN FRANCISCO",-122.39984893798828,37.730304718017578
9468675,2023,2023-09-08,3801,2023-08-17,"925 ",2453,MISSI,4,5,7,3801,0,0,0,,0,3D13A,"FOLSOM ST","23RD ST",40.00,N,N,A,-,N,,,,,,,,,,N,4,0,1,2,A,-,17,22517,,N,B,G,A,A,H,-,A,D,0,,Y,,,Y,,A,01,0,0,1,0,0,0,1,0,0,"- ","- ",,,"SAN FRANCISCO","SAN FRANCISCO",-122.41426086425781,37.754230499267578
9468686,2023,2023-09-27,3801,2023-08-11,"955 ",2707,TARAV,5,5,7,3801,0,0,0,,0,002,"JACKSON ST","FILLMORE ST",0.00,,Y,-,-,N,,,,,,,,,,N,3,0,1,2,D,-,00,,,N,H,J,A,-,-,-,A,-,0,,Y,,,Y,Y,-,"- ",0,1,0,0,0,0,1,0,0,"- ","- ",,,"SAN FRANCISCO","SAN FRANCISCO",-122.43454742431641,37.792465209960938
9468691,2023,2023-09-15,3801,2023-08-08,"218 ",276,NORTH,2,5,7,3801,0,0,0,,0,3E13E,"MCALLISTER ST","POLK ST",0.00,,Y,A,-,N,,,,,,,,,,N,4,0,1,2,A,-,12,21453,A,N,B,G,A,A,H,-,C,A,0,,Y,,,Y,,L,04,0,0,1,0,0,0,1,0,0,"- ","- ",,,"SAN FRANCISCO","SAN FRANCISCO",-122.41860198974609,37.7802734375
9468697,2023,2023-09-14,3801,2023-08-11,"802 ",1706,SOUTH,5,5,7,3801,0,0,0,,0,3B12A,"SOUTH VAN NESS AV","MARKET ST",0.00,,Y,A,-,N,,,,,,,,,,Y,4,0,1,2,A,-,04,21703,,N,C,C,A,A,H,-,A,A,0,,,,,Y,,D,22,0,0,1,0,0,0,0,0,0,"- ","- ",,,"SAN FRANCISCO","SAN FRANCISCO",-122.41925811767578,37.775169372558594
9468701,2023,2023-09-15,3801,2023-08-08,"209 ",2089,TENDE,2,5,7,3801,0,0,0,,0,COJ4CA,"EDDY ST","LEAVENWORTH ST",0.00,,Y,A,-,N,,,,,,,,,,N,4,0,1,2,A,-,03,22350,,F,G,B,D,A,H,-,C,A,0,Y,,,,Y,,A,01,0,0,1,0,1,0,0,0,0,"- ","- ",,,"SAN FRANCISCO","SAN FRANCISCO",-122.41423797607422,37.783729553222656
9468787,2023,2023-09-12,3801,2023-07-13,1820,2712,MISSI,4,5,7,3801,0,0,0,,0,0D6,"16TH ST","HARRISON ST",0.00,,Y,A,-,N,,,,,,,,,,N,4,0,1,2,A,-,12,21453,A,N,D,G,A,A,H,-,A,A,0,,Y,,,Y,,L,04,0,0,1,0,0,0,1,0,0,"- ","- ",,,"SAN FRANCISCO","SAN FRANCISCO",-122.41314697265625,37.765449523925781
9468788,2023,2023-09-12,3801,2023-07-23,1618,2228,CENTR,7,5,7,3801,0,0,0,,0,3A11D,"BUSH ST","LEAVENWORTH ST",0.00,,Y,A,-,N,,,,,,,,,,Y,4,0,3,2,A,-,08,22100,B,N,D,C,A,A,H,-,A,A,0,,,,,Y,,A,01,0,0,3,0,0,0,0,0,0,"- ","- ",,,"SAN FRANCISCO","SAN FRANCISCO",-122.41538238525391,37.789344787597656
9468802,2023,2023-09-11,3801,2023-07-27,1305,1123,SOUTH,4,5,7,3801,0,0,0,,0,3B14A,"OCTAVIA BL","MARKET ST",0.00,,Y,A,-,N,,,,,,,,,,N,4,0,1,2,A,-,04,21703,,N,C,C,A,A,H,-,A,A,0,,,,,Y,,A,01,0,0,1,0,0,0,0,0,0,"- ","- ",,,"SAN FRANCISCO","SAN FRANCISCO",-122.42359161376953,37.771774291992188
9468807,2023,2023-09-11,3801,2023-07-25,1817,1352,MISSI,2,5,7,3801,0,0,0,,0,3D2C,"DOLORES ST","19TH ST",0.00,,Y,A,-,N,,,,,,,,,,N,2,0,1,1,A,-,03,22350,,N,H,G,A,A,H,-,A,A,0,,Y,,,Y,Y,L,04,1,0,0,0,0,0,1,0,0,"- ","- ",,,"SAN FRANCISCO","SAN FRANCISCO",-122.42600250244141,37.759849548339844
9468848,2023,2023-09-12,3801,2023-06-24,2320,4115,SOUTH,6,5,7,3801,0,0,0,,0,3B14E,"TOWNSEND ST","5TH ST",0.00,,Y,A,-,N,,,,,,,,,,Y,4,0,1,2,A,-,04,21703,,N,C,C,A,A,H,-,C,A,0,,,,,Y,,A,01,0,0,1,0,0,0,0,0,0,"- ","- ",,,"SAN FRANCISCO","SAN FRANCISCO",-122.39722442626953,37.775348663330078
9469457,2023,2023-09-13,3801,2023-08-07,"158 ",2391,NORTH,1,5,7,3801,0,0,0,,0,3E12E,"HAYES ST","POLK ST",0.00,,Y,A,G,N,,,,,,,,,,N,3,0,1,2,A,-,12,21453,A,N,D,G,A,A,H,-,C,A,0,,Y,,,Y,,L,04,0,1,0,0,0,0,1,0,0,"- ","- ",,,"SAN FRANCISCO","SAN FRANCISCO",-122.41803741455078,37.777507781982422
9469534,2023,2023-10-02,3801,2023-08-25,1923,2355,TARAV,5,5,7,3801,0,0,0,,0,0I2,"ORTEGA ST","30TH AV",0.00,,Y,B,-,N,,,,,,,,,,N,2,0,2,3,A,-,10,21950,A,N,G,B,B,A,H,-,A,A,0,Y,,,,Y,,A,01,2,0,0,0,2,0,0,0,0,"- ","- ",,,"SAN FRANCISCO","SAN FRANCISCO",-122.48812103271484,37.751857757568359
9469535,2023,2023-10-02,3801,2023-08-25,1520,1215,MISSI,5,5,7,3801,0,0,0,,0,001,"VALENCIA ST","SYCAMORE ST",0.00,,Y,A,-,N,,,,,,,,,,N,3,0,1,2,A,-,08,22107,,N,D,G,A,A,H,-,A,D,0,,Y,,,Y,,A,01,0,1,0,0,0,0,1,0,0,"- ","- ",,,"SAN FRANCISCO","SAN FRANCISCO",-122.42164611816406,37.762550354003906
9469543,2023,2023-10-03,3801,2023-08-22,2500,50,TENDE,2,5,7,3801,0,0,0,,0,003,"EDDY ST","POLK ST",102.00,E,N,A,-,N,,,,,,,,,,N,4,0,1,2,A,-,21,22106,,F,H,J,A,A,H,-,C,D,0,,,Y,,Y,,A,01,0,0,1,0,0,0,0,0,1,"- ","- ",,,"SAN FRANCISCO","SAN FRANCISCO",-122.41883087158203,37.783126831054688
9469550,2023,2023-10-03,3801,2023-08-12,1415,764,MISSI,6,5,7,3801,0,0,0,,0,3D14C,"MISSION ST","25TH ST",0.00,,Y,A,-,N,,,,,,,,,,N,4,0,1,2,A,-,04,21703,,N,C,C,A,A,H,-,A,A,0,,,,,Y,,A,01,0,0,1,0,0,0,0,0,0,"- ","- ",,,"SAN FRANCISCO","SAN FRANCISCO",-122.41830444335938,37.750663757324219
9469611,2023,2023-11-27,3801,2023-07-11,1322,2088,INGLE,2,5,7,3801,0,0,0,,0,3HI3A,"MISSION ST","HARRINGTON ST",123.00,S,N,A,-,N,,,,,,,,,,N,3,0,1,2,A,-,08,22107,,F,D,C,A,A,H,-,A,D,0,,,Y,,Y,,A,01,0,1,0,0,0,0,0,0,1,"- ","- ",,,"SAN FRANCISCO","SAN FRANCISCO",-122.43466949462891,37.724895477294922
9469617,2023,2023-10-05,3801,2023-08-11,1203,1374,TARAV,5,5,7,3801,0,0,0,,0,3I1B,"19TH AV","19TH AV 1863",0.00,,N,A,-,N,,,,,,,,,,N,4,0,1,2,A,-,07,21658,A,F,B,E,A,A,G,-,A,D,0,,,,,Y,,-,,0,0,1,0,0,0,0,0,0,"- ","- ",,,"SAN FRANCISCO","SAN FRANCISCO",-122.47480010986328,37.729907989501953
9469618,2023,2023-10-11,3801,2023-08-29,1330,704,BAYVI,2,5,7,3801,0,0,0,,0,3C2D,"QUESADA AV","KEITH ST",0.00,,Y,A,-,N,,,,,,,,,,N,3,0,1,2,A,-,10,21950,A,N,G,B,B,A,H,-,A,A,0,Y,,,,Y,,A,01,0,1,0,0,1,0,0,0,0,"- ","- ",,,"SAN FRANCISCO","SAN FRANCISCO",-122.38772583007812,37.731239318847656
9469621,2023,2023-09-14,3801,2023-08-15,2500,2249,PARK,2,5,7,3801,0,0,0,,0,3F13E,"MASONIC AV","TURK BL",0.00,,Y,A,-,N,,,,,,,,,,Y,4,0,3,2,A,-,09,21801,,N,D,-,A,A,-,-,C,A,0,,,,,Y,,-,,0,0,3,0,0,0,0,0,0,"- ","- ",,,"SAN FRANCISCO","SAN FRANCISCO",-122.44705200195312,37.778633117675781
9470025,2023,2023-12-13,3801,2023-04-26,"615 ",1796,RICHM,3,5,7,3801,0,0,0,,0,3G14A,"24TH AV","BALBOA ST",0.00,,Y,B,E,N,,,,,,,,,,Y,4,0,1,2,A,-,09,21802,A,N,D,C,A,A,H,-,A,-,0,,,,,Y,,A,07,0,0,1,0,0,0,0,0,0,"- ","- ",,,"SAN FRANCISCO","SAN FRANCISCO",-122.48342132568359,37.776355743408203
9470703,2023,2023-10-09,3801,2023-08-31,2347,1078,NORTH,4,5,7,3801,0,0,0,,0,3E12E,"FILLMORE ST","FULTON ST",0.00,,Y,A,-,N,,,,,,,,,,Y,4,0,1,2,A,-,12,21453,A,N,D,C,A,A,H,-,C,A,0,,,Y,,Y,,C,03,0,0,1,0,0,0,0,0,1,"- ","- ",,,"SAN FRANCISCO","SAN FRANCISCO",-122.43155670166016,37.777690887451172
9471347,2023,2023-11-04,3801,2023-09-05,1539,104,TRAFF,2,5,7,3801,0,0,0,,0,104,"FOLSOM ST","HALLAM ST",32.00,E,N,A,-,N,,,,,,,,,,N,4,0,3,2,A,-,17,22517,,N,B,C,A,A,H,-,A,D,0,,,,,Y,,A,01,0,0,3,0,0,0,0,0,0,"- ","- ",,,"SAN FRANCISCO","SAN FRANCISCO",-122.40878295898438,37.776012420654297
9514145,2023,2023-02-22,3801,2023-01-04,"722 ",2039,TARAV,3,5,7,3801,0,0,0,,0,005,"JUNIPERO SERRA BL","19TH AV",0.00,,Y,C,-,Y,SF,4,1,-,R,0.680,I,5,N,Y,3,0,1,1,A,-,03,22350,,N,A,I,A,B,H,-,A,A,0,,,,,Y,,A,01,0,1,0,0,0,0,0,0,0,"- ","- ",,,"SAN FRANCISCO","SAN FRANCISCO",-122.47254943847656,37.717258453369141
9520819,2023,2023-08-14,3801,2023-05-24,1636,1435,TRAFF,3,5,7,3801,0,0,0,,0,4B4C,"LAGUNA ST","FRANCISCO ST",15.00,N,N,A,-,N,,,,,,,,,,N,1,1,0,2,A,-,21,22106,,N,G,B,B,A,H,-,A,A,0,Y,,,,Y,,A,01,0,0,0,1,0,0,0,0,0,"- ","- ",,,"SAN FRANCISCO","SAN FRANCISCO",-122.43149566650391,37.802410125732422
9527172,2023,2023-03-04,3801,2023-01-18,2150,1308,SOUTH,3,5,7,3801,0,0,0,,0,3B14E,"MARKET ST","GOUGH ST",0.00,,Y,C,-,N,,,,,,,,,,N,4,0,1,2,A,-,12,21453,A,F,D,B,B,B,-,-,C,A,0,Y,,,,Y,Y,-,,0,0,1,0,1,0,0,0,0,"- ","- ",,,"SAN FRANCISCO","SAN FRANCISCO",-122.42221069335938,37.772872924804688
9545382,2023,2023-02-28,3801,2023-01-21,"20  ",2023,PARK,6,5,7,3801,0,0,0,,0,003,"OFARRELL ST","DIVISADERO ST",20.00,W,N,A,-,N,,,,,,,,,,Y,4,0,1,2,A,-,00,21561,B,F,A,D,A,A,H,-,C,D,0,,,,,Y,,-,,0,0,1,0,0,0,0,0,0,"- ","- ",,,"SAN FRANCISCO","SAN FRANCISCO",-122.43936920166016,37.782421112060547
9545386,2023,2023-02-28,3801,2023-01-23,1310,1561,MISSI,1,5,7,3801,0,0,0,,0,MISSIO,"GUERRERO ST","25TH ST",0.00,,Y,A,-,N,,,,,,,,,,N,4,0,1,2,A,-,09,21801,,N,A,C,A,A,-,-,A,A,0,,,,,Y,,A,01,0,0,1,0,0,0,0,0,0,"- ","- ",,,"SAN FRANCISCO","SAN FRANCISCO",-122.42272186279297,37.750392913818359
9545404,2023,2023-03-02,3801,2023-01-19,"648 ",1503,BAYVI,4,5,7,3801,0,0,0,,0,3C13A,"EVANS AV","MENDELL ST",0.00,,Y,A,-,N,,,,,,,,,,Y,4,0,1,2,A,-,12,21453,A,N,D,C,A,A,H,-,C,A,0,,,,,Y,,A,01,0,0,1,0,0,0,0,0,0,"- ","- ",,,"SAN FRANCISCO","SAN FRANCISCO",-122.38475799560547,37.740852355957031
9545409,2023,2023-03-07,3801,2023-01-30,1954,1038,RICHM,1,5,7,3801,0,0,0,,0,3G2D,"GEARY BL","LYON ST",0.00,,Y,A,-,N,,,,,,,,,,N,3,0,1,1,A,-,03,22411,,N,-,-,A,A,H,-,C,D,0,,,,,Y,,M,94,0,1,0,0,0,0,0,0,0,"- ","- ",,,"SAN FRANCISCO","SAN FRANCISCO",-122.44446563720703,37.782783508300781
9545425,2023,2023-02-24,3801,2023-01-12,1431,4375,TRAFF,4,5,7,3801,0,0,0,,0,4B1F,"OCTAVIA BL","PAGE ST",119.00,S,N,A,-,N,,,,,,,,,,Y,4,0,1,2,A,-,03,22350,,N,B,C,A,A,H,-,A,A,0,,,,,Y,,A,07,0,0,1,0,0,0,0,0,0,"- ","- ",,,"SAN FRANCISCO","SAN FRANCISCO",-122.42404937744141,37.773555755615234
9545430,2023,2023-02-24,3801,2023-01-23,1356,624,NORTH,1,5,7,3801,0,0,0,,0,002,"GEARY BL","LAGUNA ST",6.00,E,N,A,-,N,,,,,,,,,,N,3,0,1,2,A,-,12,21453,A,F,G,B,-,A,H,-,A,A,0,Y,,,,Y,,A,01,0,1,0,0,1,0,0,0,0,"- ","- ",,,"SAN FRANCISCO","SAN FRANCISCO",-122.427978515625,37.785041809082031
9545445,2023,2023-03-08,3801,2023-01-05,1629,282,TARAV,4,5,7,3801,0,0,0,,0,3I15B,"LAKE MERCED BL","MIDDLEFIELD DR",80.00,E,N,A,-,N,,,,,,,,,,N,4,0,1,2,A,-,04,21703,,N,C,C,A,A,H,-,B,A,0,,,,,Y,,A,01,0,0,1,0,0,0,0,0,0,"- ","- ",,,"SAN FRANCISCO","SAN FRANCISCO",-122.486328125,37.729515075683594
9545462,2023,2023-02-27,3801,2023-01-01,1541,4115,CENTR,7,5,7,3801,0,0,0,,0,3A12C,"NORTH POINT ST","NORTH POINT ST 870",0.00,,N,A,-,N,,,,,,,,,,N,3,0,2,2,A,-,06,21756,A,N,G,B,E,-,H,-,A,D,0,Y,Y,,,Y,,L,04,0,1,1,0,1,0,1,0,0,"- ","- ",,,"SAN FRANCISCO","SAN FRANCISCO",,
9545467,2023,2023-03-06,3801,2023-01-04,"129 ",1182,TENDE,3,5,7,3801,0,0,0,,0,901,"LEAVENWORTH ST","ELLIS ST",72.00,N,N,A,-,N,,,,,,,,,,Y,4,0,1,4,A,-,07,21658,A,N,B,E,A,A,H,-,C,D,0,,,,,Y,,A,01,0,0,1,0,0,0,0,0,0,"- ","- ",,,"SAN FRANCISCO","SAN FRANCISCO",-122.41445922851562,37.784866333007812
9545474,2023,2023-02-24,3801,2023-01-01,1706,2293,NORTH,7,5,7,3801,0,0,0,,0,0E1,"OCTAVIA ST","HAIGHT ST",0.00,,Y,A,-,N,,,,,,,,,,N,4,0,1,2,A,-,12,21453,A,N,D,G,A,A,H,-,A,A,0,,Y,,,Y,,L,04,0,0,1,0,0,0,1,0,0,"- ","- ",,,"SAN FRANCISCO","SAN FRANCISCO",-122.42392730712891,37.772964477539062
9545477,2023,2023-02-24,3801,2023-01-09,1854,540,TARAV,1,5,7,3801,0,0,0,,0,0I6,"SAN JOSE AV","DE LONG ST",30.00,N,N,B,-,N,,,,,,,,,,Y,4,0,1,2,A,-,09,21802,A,N,D,C,A,A,H,-,C,A,0,,,,,Y,,A,01,0,0,1,0,0,0,0,0,0,"- ","- ",,,"SAN FRANCISCO","SAN FRANCISCO",-122.45761108398438,37.7095947265625
9545478,2023,2023-02-24,3801,2023-01-08,1146,1540,TARAV,7,5,7,3801,0,0,0,,0,3I11A,"TARAVAL ST","20TH AV",81.00,E,N,B,-,N,,,,,,,,,,N,4,0,1,2,A,-,11,21954,A,N,D,B,D,B,H,-,A,A,0,Y,,,,Y,,N,60,0,0,1,0,1,0,0,0,0,"- ","- ",,,"SAN FRANCISCO","SAN FRANCISCO",-122.47650909423828,37.7430419921875
9545483,2023,2023-02-17,3801,2023-01-04,1033,1118,SOUTH,3,5,7,3801,0,0,0,,0,3B14A,"MARKET ST","VALENCIA ST",49.00,W,N,C,-,N,,,,,,,,,,N,4,0,1,2,A,-,04,21703,,N,C,C,A,B,H,-,A,A,0,,,,,Y,,A,01,0,0,1,0,0,0,0,0,0,"- ","- ",,,"SAN FRANCISCO","SAN FRANCISCO",-122.42273712158203,37.772453308105469
9545524,2023,2023-02-25,3801,2023-01-01,1312,2001,INGLE,7,5,7,3801,0,0,0,,0,0H5,"ALEMANY BL","SENECA AV",0.00,,Y,A,-,N,,,,,,,,,,N,3,0,1,2,A,-,08,22107,,N,-,J,A,A,H,-,A,A,0,,,,,Y,,A,01,0,1,0,0,0,0,0,0,0,"- ","- ",,,"SAN FRANCISCO","SAN FRANCISCO",-122.44136047363281,37.718658447265625
9545527,2023,2023-02-25,3801,2023-01-02,1911,1857,RICHM,1,5,7,3801,0,0,0,,0,3G4D,"17TH AV","GEARY BL",0.00,,Y,C,-,N,,,,,,,,,,N,3,0,1,2,A,-,10,21950,A,F,D,C,A,B,H,-,C,A,0,,,Y,,Y,,A,01,0,1,0,0,0,0,0,0,1,"- ","- ",,,"SAN FRANCISCO","SAN FRANCISCO",-122.47617340087891,37.780532836914062
9545532,2023,2023-02-25,3801,2023-01-01,"707 ",993,SOUTH,7,5,7,3801,0,0,0,,0,SECTOR,"EMBARCADERO SOUTH","2ND ST",0.00,,Y,A,-,N,,,,,,,,,,,3,0,1,1,A,-,07,21658,,N,E,I,A,A,H,-,B,D,0,,,,,Y,,A,01,0,1,0,0,0,0,0,0,0,"- ","- ",,,"SAN FRANCISCO","SAN FRANCISCO",-122.38970184326172,37.779956817626953
9545537,2023,2023-02-25,3801,2023-01-13,"713 ",2713,TARAV,5,5,7,3801,0,0,0,,0,6CAR,"GENEVA AV","RT 280",0.00,,Y,C,G,N,,,,,,,,,,N,4,0,1,2,A,-,10,21950,A,F,G,B,-,B,H,-,A,A,0,Y,,,,Y,,A,01,0,0,1,0,1,0,0,0,0,"- ",SO,,,"SAN FRANCISCO","SAN FRANCISCO",-122.447998046875,37.721267700195312
9545540,2023,2023-02-25,3801,2023-01-15,1015,1273,CENTR,7,5,7,3801,0,0,0,,0,3A2A,"PINE ST","KEARNY ST",0.00,,Y,C,-,N,,,,,,,,,,N,4,0,1,2,A,-,03,22350,,N,C,C,A,B,H,-,A,A,0,,,,,Y,Y,A,01,0,0,1,0,0,0,0,0,0,"- ","- ",,,"SAN FRANCISCO","SAN FRANCISCO",-122.40421295166016,37.791694641113281
9545550,2023,2023-02-24,3801,2023-01-14,1733,2407,MISSI,6,5,7,3801,0,0,0,,0,3D11D,"15TH ST","SANCHEZ ST",0.00,,Y,C,-,N,,,,,,,,,,N,3,0,1,2,A,-,10,21950,A,F,D,B,B,B,H,-,B,A,0,Y,,,,Y,,A,01,0,1,0,0,1,0,0,0,0,"- ","- ",,,"SAN FRANCISCO","SAN FRANCISCO",-122.43100738525391,37.765979766845703