CASE_ID,ACCIDENT_YEAR,PROC_DATE,JURIS,COLLISION_DATE,COLLISION_TIME,OFFICER_ID,REPORTING_DISTRICT,DAY_OF_WEEK,CHP_SHIFT,POPULATION,CNTY_CITY_LOC,SPECIAL_COND,BEAT_TYPE,CHP_BEAT_TYPE,CITY_DIVISION_LAPD,CHP_BEAT_CLASS,BEAT_NUMBER,PRIMARY_RD,SECONDARY_RD,DISTANCE,DIRECTION,INTERSECTION,WEATHER_1,WEATHER_2,STATE_HWY_IND,CALTRANS_COUNTY,CALTRANS_DISTRICT,STATE_ROUTE,ROUTE_SUFFIX,POSTMILE_PREFIX,POSTMILE,LOCATION_TYPE,RAMP_INTERSECTION,SIDE_OF_HWY,TOW_AWAY,COLLISION_SEVERITY,NUMBER_KILLED,NUMBER_INJURED,PARTY_COUNT,PRIMARY_COLL_FACTOR,PCF_CODE_OF_VIOL,PCF_VIOL_CATEGORY,PCF_VIOLATION,PCF_VIOL_SUBSECTION,HIT_AND_RUN,TYPE_OF_COLLISION,MVIW,PED_ACTION,ROAD_SURFACE,ROAD_COND_1,ROAD_COND_2,LIGHTING,CONTROL_DEVICE,CHP_ROAD_TYPE,PEDESTRIAN_ACCIDENT,BICYCLE_ACCIDENT,MOTORCYCLE_ACCIDENT,TRUCK_ACCIDENT,NOT_PRIVATE_PROPERTY,ALCOHOL_INVOLVED,STWD_VEHTYPE_AT_FAULT,CHP_VEHTYPE_AT_FAULT,COUNT_SEVERE_INJ,COUNT_VISIBLE_INJ,COUNT_COMPLAINT_PAIN,COUNT_PED_KILLED,COUNT_PED_INJURED,COUNT_BICYCLIST_KILLED,COUNT_BICYCLIST_INJURED,COUNT_MC_KILLED,COUNT_MC_INJURED,PRIMARY_RAMP,SECONDARY_RAMP,LATITUDE,LONGITUDE,COUNTY,CITY,POINT_X,POINT_Y
9545563,2023,2023-03-04,3801,2023-01-07,2007,539,NORTH,6,5,7,3801,0,0,0,,0,,"VAN NESS AV","EDDY ST",0.00,,Y,B,C,N,,,,,,,,,,Y,4,0,1,2,A,-,12,21453,A,F,-,C,A,B,H,-,C,A,0,,,,,Y,,A,01,0,0,1,0,0,0,0,0,0,"- ","- ",,,"SAN FRANCISCO","SAN FRANCISCO",-122.42076110839844,37.782890319824219
9545571,2023,2023-03-04,3801,2023-01-06,"817 ",5,NORTH,5,5,7,3801,0,0,0,,0,3E12A,"EDDY ST","BUCHANAN ST",0.00,,N,A,-,N,,,,,,,,,,N,3,0,1,2,A,-,17,21235,G,N,D,C,A,A,H,-,A,D,0,,,,,Y,,M,94,0,1,0,0,0,0,0,0,0,"- ","- ",,,"SAN FRANCISCO","SAN FRANCISCO",-122.42903137207031,37.781837463378906
9545576,2023,2023-03-04,3801,2023-01-23,1947,4047,MISSI,1,5,7,3801,0,0,0,,0,3D16D,"CASTRO ST","21ST ST",0.00,,Y,A,-,N,,,,,,,,,,Y,4,0,1,2,A,-,03,22350,,N,D,C,A,A,H,-,C,A,0,,,,,Y,,A,01,0,0,1,0,0,0,0,0,0,"- ","- ",,,"SAN FRANCISCO","SAN FRANCISCO",-122.43453979492188,37.756134033203125
9545579,2023,2023-03-04,3801,2023-01-04,1803,359,TARAV,3,5,7,3801,0,0,0,,0,3I60,"OCEAN AV","LEE AV",0.00,,Y,C,-,N,,,,,,,,,,N,4,0,1,2,A,-,10,21950,A,N,G,B,B,B,H,-,C,A,0,Y,,,,Y,,A,01,0,0,1,0,1,0,0,0,0,"- ","- ",,,"SAN FRANCISCO","SAN FRANCISCO",-122.4541015625,37.723491668701172
9545583,2023,2023-02-17,3801,2023-01-12,1409,1530,BAYVI,4,5,7,3801,0,0,0,,0,3C13A,"25TH ST","3RD ST",0.00,,Y,A,-,N,,,,,,,,,,N,3,0,1,2,A,-,12,21453,A,F,D,J,A,A,H,-,A,A,0,,,,,Y,,A,01,0,1,0,0,0,0,0,0,0,"- ","- ",,,"SAN FRANCISCO","SAN FRANCISCO",-122.38787841796875,37.752838134765625
9545586,2023,2023-02-17,3801,2023-01-14,"645 ",1897,INGLE,6,5,7,3801,0,0,0,,0,3H12A,"SAN JOSE AV","SAN JOSE AV 1785",0.00,,Y,C,-,N,,,,,,,,,,Y,4,0,1,1,A,-,07,21658,A,N,E,I,A,B,H,-,C,A,0,,,,,Y,,A,01,0,0,1,0,0,0,0,0,0,"- ","- ",,,"SAN FRANCISCO","SAN FRANCISCO",-122.45581817626953,37.71124267578125
9545588,2023,2023-02-23,3801,2023-01-27,1239,2706,MISSI,5,5,7,3801,0,0,0,,0,3D15A,"DUBOCE AV","WOODWARD ST",0.00,,Y,A,-,N,,,,,,,,,,N,4,0,2,3,A,-,07,21658,A,N,D,G,A,A,H,-,A,D,0,,Y,Y,,Y,,L,04,0,0,2,0,0,0,1,0,1,"- ","- ",,,"SAN FRANCISCO","SAN FRANCISCO",-122.42092132568359,37.769939422607422
9545596,2023,2023-02-21,3801,2023-01-18,1129,1605,NORTH,3,5,7,3801,0,0,0,,0,3E1A,"FELL ST","VAN NESS AV",0.00,,Y,A,-,N,,,,,,,,,,N,3,0,1,2,A,-,08,22100,A,N,D,C,A,A,H,-,A,A,0,,,Y,,Y,,A,01,0,1,0,0,0,0,0,0,1,"- ","- ",,,"SAN FRANCISCO","SAN FRANCISCO",-122.41950225830078,37.776382446289062
9545598,2023,2023-02-21,3801,2023-01-28,1533,2118,SOUTH,6,5,7,3801,0,0,0,,0,3B12D,"HAWTHORNE ST","FOLSOM ST",0.00,,Y,A,-,N,,,,,,,,,,Y,4,0,2,2,A,-,12,21453,A,N,D,C,A,A,H,-,A,A,0,,,,,Y,,A,01,0,0,2,0,0,0,0,0,0,"- ","- ",,,"SAN FRANCISCO","SAN FRANCISCO",-122.39783477783203,37.784683227539062
9553508,2023,2023-03-29,3801,2023-02-20,2331,1741,SOUTH,1,5,7,3801,0,0,0,,0,901,MISSION,"8TH ST",0.00,,Y,A,-,N,,,,,,,,,,,4,0,1,2,A,-,11,21954,A,N,G,C,D,A,-,-,C,A,0,Y,,,,Y,,N,60,0,0,1,0,1,0,0,0,0,"- ","- ",,,"SAN FRANCISCO","SAN FRANCISCO",-122.41315460205078,37.7774658203125
9553665,2023,2023-03-16,3801,2023-01-27,"909 ",380,CENTR,5,5,7,3801,0,0,0,,0,,"JACKSON ST","DAVIS CT",0.00,,-,A,-,N,,,,,,,,,,N,2,0,1,2,C,-,18,,,N,H,A,A,A,H,-,A,D,0,,,,,Y,,-,"- ",1,0,0,0,0,0,0,0,0,"- ","- ",,,"SAN FRANCISCO","SAN FRANCISCO",-122.39833068847656,37.797084808349609
9553821,2023,2023-04-07,3801,2023-02-08,1230,1496,INGLE,3,5,7,3801,0,0,0,,0,0D6,"25TH ST","25TH ST 2829",0.00,,-,A,-,N,,,,,,,,,,Y,4,0,1,2,A,-,03,22350,,N,C,E,A,A,H,-,A,A,0,,,,,Y,,A,01,0,0,1,0,0,0,0,0,0,"- ","- ",,,"SAN FRANCISCO","SAN FRANCISCO",-122.48495483398438,37.788864135742188
9553877,2023,2023-03-16,3801,2023-01-14,1407,1931,NORTH,6,5,7,3801,0,0,0,,0,3E12C,"HAYES ST","LARKIN ST",0.00,,Y,A,-,N,,,,,,,,,,N,4,0,1,2,A,-,08,22107,,N,C,C,A,A,H,-,A,A,0,,,,,Y,,A,01,0,0,1,0,0,0,0,0,0,"- ","- ",,,"SAN FRANCISCO","SAN FRANCISCO",-122.41641998291016,37.777744293212891
9553884,2023,2023-03-16,3801,2023-01-11,2145,4115,CENTR,3,5,7,3801,0,0,0,,0,3A12E,"CALIFORNIA ST","GRANT AV",0.00,,Y,A,-,N,,,,,,,,,,Y,3,0,1,2,A,-,08,22107,,N,B,C,A,A,H,-,C,A,0,,,,,Y,,A,01,0,1,0,0,0,0,0,0,0,"- ","- ",,,"SAN FRANCISCO","SAN FRANCISCO",-122.40589141845703,37.792457580566406
9553886,2023,2023-03-15,3801,2023-01-26,1735,713,CENTR,4,5,7,3801,0,0,0,,0,3A13D,"3RD ST","JESSIE ST",6.00,N,N,A,-,N,,,,,,,,,,N,3,0,1,2,A,-,08,22107,,N,B,G,A,A,H,-,C,D,0,,Y,,,Y,,A,01,0,1,0,0,0,0,1,0,0,"- ","- ",,,"SAN FRANCISCO","SAN FRANCISCO",-122.40254211425781,37.786712646484375
9553923,2023,2023-03-25,3801,2023-02-03,1621,2100,MISSI,5,5,7,3801,0,0,0,,0,3D11D,"CESAR CHAVEZ ST","CHURCH ST",188.00,W,N,A,-,N,,,,,,,,,,N,3,0,1,1,A,-,03,22350,,N,F,A,A,A,H,-,A,D,0,,Y,,,Y,,L,04,0,1,0,0,0,0,1,0,0,"- ","- ",,,"SAN FRANCISCO","SAN FRANCISCO",-122.42768859863281,37.747692108154297
9553926,2023,2023-03-25,3801,2023-02-12,"50  ",4040,SOUTH,7,5,7,3801,0,0,0,,0,3B13E,"HOWARD ST","RAUSCH ST",0.00,,Y,A,-,N,,,,,,,,,,N,4,0,1,2,D,-,00,,,N,B,C,A,A,H,-,C,A,0,,,,,Y,,-,"- ",0,0,1,0,0,0,0,0,0,"- ","- ",,,"SAN FRANCISCO","SAN FRANCISCO",-122.41046905517578,37.777103424072266
9553928,2023,2023-03-25,3801,2023-02-03,"913 ",2310,BAYV,5,5,7,3801,0,0,0,,0,3C12A,"PHELPS ST","GALVEZ AV",20.00,S,N,C,-,N,,,,,,,,,,Y,4,0,2,2,A,-,03,22350,,N,D,C,A,B,H,-,A,A,0,,,,,Y,,A,01,0,0,2,0,0,0,0,0,0,"- ","- ",,,"SAN FRANCISCO","SAN FRANCISCO",-122.38958740234375,37.741683959960938
9553931,2023,2023-03-25,3801,2023-02-01,2144,2150,RICHM,3,5,7,3801,0,0,0,,0,3G13D,"PARK PRESIDIO BL","ANZA AV",17.00,N,N,A,-,N,,,,,,,,,,Y,3,0,1,2,A,-,03,22350,,N,C,C,A,A,H,-,C,A,0,,,,,Y,,A,01,0,1,0,0,0,0,0,0,0,"- ","- ",,,"SAN FRANCISCO","SAN FRANCISCO",-122.47219085693359,37.778766632080078
9553938,2023,2023-03-25,3801,2023-02-01,"904 ",1150,PARK,3,5,7,3801,0,0,0,,0,3F13A,"BRODERICK ST","EDDY ST",0.00,,Y,A,-,N,,,,,,,,,,N,4,0,2,2,A,-,09,21802,A,N,D,D,A,A,D,-,A,A,0,,,,,Y,,A,07,0,0,2,0,0,0,0,0,0,"- ","- ",,,"SAN FRANCISCO","SAN FRANCISCO",-122.44058990478516,37.780353546142578
9553955,2023,2023-04-11,3801,2023-02-15,1110,1540,TARAV,3,5,7,3801,0,0,0,,0,3I11A,"8TH AV","LINCOLN AV",12.00,S,N,A,-,N,,,,,,,,,,N,4,0,1,2,A,-,10,21950,A,N,-,B,B,A,H,-,A,D,0,Y,,,,Y,,A,07,0,0,1,0,1,0,0,0,0,"- ","- ",,,"SAN FRANCISCO","SAN FRANCISCO",-122.46534729003906,37.765945434570312
9553982,2023,2023-03-25,3801,2023-02-21,"740 ",229,MISSI,2,5,7,3801,0,0,0,,0,0D4,"23RD ST","23RD ST 3116",0.00,,-,B,-,N,,,,,,,,,,N,4,0,1,2,A,-,03,22350,,F,B,C,A,A,H,-,A,A,0,,,,,Y,,A,01,0,0,1,0,0,0,0,0,0,"- ","- ",,,"SAN FRANCISCO","SAN FRANCISCO",-122.414682,37.754077000000002
9553989,2023,2023-03-30,3801,2023-02-17,2347,2357,TARAV,5,5,7,3801,0,0,0,,0,3I16E,"GENEVA AV","RT 280",0.00,,Y,A,-,Y,SF,4,280,-,R,1.834,R,4,S,N,4,0,2,2,A,-,12,21453,A,N,D,C,A,A,H,-,C,A,0,,,,,Y,,A,01,0,0,2,0,0,0,0,0,0,"- ",SF,,,"SAN FRANCISCO","SAN FRANCISCO",-122.44756317138672,37.723918914794922
9553992,2023,2023-03-25,3801,2023-02-22,"743 ",2097,BAYVI,3,5,7,3801,0,0,0,,0,3C12A,"BAYSHORE BL","BAYSHORE BL 1575",0.00,,N,A,-,N,,,,,,,,,,N,4,0,1,2,A,-,08,22100,5,N,B,C,A,A,H,-,A,D,0,,,,,Y,,A,01,0,0,1,0,0,0,0,0,0,"- ","- ",,,"SAN FRANCISCO","SAN FRANCISCO",-122.40431213378906,37.745937347412109
9553994,2023,2023-03-25,3801,2023-02-03,1551,481,CENTR,5,5,7,3801,0,0,0,,0,3A11D,"TAYLOR ST","POST ST",0.00,,Y,A,-,N,,,,,,,,,,N,3,0,1,2,A,-,03,22350,,N,D,G,A,A,H,-,A,D,0,,Y,,,Y,,L,04,0,1,0,0,0,0,1,0,0,"- ","- ",,,"SAN FRANCISCO","SAN FRANCISCO",-122.41169738769531,37.787860870361328
9553996,2023,2023-03-25,3801,2023-02-20,1401,93,NORTH,1,5,7,3801,0,0,0,,0,3E76,"WEBSTER ST","FULTON ST",0.00,,Y,A,-,N,,,,,,,,,,N,3,0,1,2,A,-,12,21453,A,F,D,B,E,A,H,-,A,A,0,Y,,,,Y,,A,01,0,1,0,0,1,0,0,0,0,"- ","- ",,,"SAN FRANCISCO","SAN FRANCISCO",-122.42990875244141,37.777912139892578
9553998,2023,2023-03-25,3801,2023-02-22,1356,1837,CENTR,3,5,7,3801,0,0,0,,0,901,"GRANT AV","BROADWAY ST",0.00,,Y,A,-,N,,,,,,,,,,N,4,0,1,2,A,-,10,21950,A,N,G,B,B,A,H,-,A,A,0,Y,,,,Y,,A,01,0,0,1,0,1,0,0,0,0,"- ","- ",,,"SAN FRANCISCO","SAN FRANCISCO",-122.40699005126953,37.797859191894531
9554081,2023,2023-03-17,3801,2023-02-13,2005,2272,BAYVI,1,5,7,3801,0,0,0,,0,3C15D,"BAYSHORE BL","CORTLAND AV",0.00,,Y,A,-,N,,,,,,,,,,N,4,0,1,2,A,-,12,21453,A,N,D,G,A,A,H,-,C,D,0,,Y,,,Y,,L,04,0,0,1,0,0,0,1,0,0,"- ","- ",,,"SAN FRANCISCO","SAN FRANCISCO",-122.40699005126953,37.739582061767578
9554084,2023,2023-03-17,3801,2023-02-12,1416,2289,NORTH,7,5,7,3801,0,0,0,,0,,"GOUGH ST","JACKSON ST",0.00,,Y,A,-,N,,,,,,,,,,N,4,0,1,2,A,-,10,21950,A,N,G,B,B,A,H,-,A,A,0,Y,,,,Y,,A,01,0,0,1,0,1,0,0,0,0,"- ","- ",,,"SAN FRANCISCO","SAN FRANCISCO",-122.42632293701172,37.793529510498047
9554112,2023,2023-03-16,3801,2023-02-12,1040,1148,MISSI,7,5,7,3801,0,0,0,,0,3D15A,"17TH ST","SOUTH VAN NESS AV",0.00,,-,-,-,N,,,,,,,,,,N,3,0,1,2,A,-,09,21801,A,N,D,G,A,A,H,-,-,A,0,,Y,,,Y,,A,01,0,1,0,0,0,0,1,0,0,"- ","- ",,,"SAN FRANCISCO","SAN FRANCISCO",-122.41733551025391,37.763557434082031
9554121,2023,2023-03-25,3801,2023-02-01,"213 ",1037,CENTR,3,5,7,3801,0,0,0,,0,3A11E,"LEAVENWORTH ST",GEARY,15.00,N,N,A,-,N,,,,,,,,,,N,4,0,1,2,A,-,10,21950,A,F,G,B,B,A,H,-,C,A,0,Y,,,,Y,,A,01,0,0,1,0,1,0,0,0,0,"- ","- ",,,"SAN FRANCISCO","SAN FRANCISCO",-122.41481018066406,37.786579132080078
9554132,2023,2023-03-25,3801,2023-02-07,1325,4286,RICHM,2,5,7,3801,0,0,0,,0,0G2,"PINE ST","LYON ST",0.00,,Y,A,-,N,,,,,,,,,,N,4,0,3,2,A,-,08,22100,B,N,B,C,A,A,H,-,A,A,0,,,,,Y,,A,07,0,0,3,0,0,0,0,0,0,"- ","- ",,,"SAN FRANCISCO","SAN FRANCISCO",-122.44521331787109,37.786483764648438
9554143,2023,2023-03-25,3801,2023-02-18,1521,1860,TARAV,6,5,7,3801,0,0,0,,0,3I11D,"20TH AV","IRVING ST",27.00,S,N,A,-,N,,,,,,,,,,N,4,0,1,2,A,-,08,22103,,N,D,G,A,A,H,-,A,D,0,,Y,,,Y,,A,01,0,0,1,0,0,0,1,0,0,"- ","- ",,,"SAN FRANCISCO","SAN FRANCISCO",-122.47820281982422,37.763435363769531
9554145,2023,2023-03-25,3801,2023-02-18,2356,679,NORTH,6,5,7,3801,0,0,0,,0,0E5,"LOMBARD ST","FILLMORE ST",0.00,,Y,A,-,N,,,,,,,,,,N,2,0,1,2,A,-,12,21453,,F,G,B,B,A,H,-,C,A,0,Y,,,,Y,,A,01,1,0,0,0,1,0,0,0,0,"- ","- ",,,"SAN FRANCISCO","SAN FRANCISCO",-122.43605041503906,37.799846649169922
9554156,2023,2023-03-25,3801,2023-02-10,2307,1902,INGLE,5,5,7,3801,0,0,0,,0,3H15E,"MISSION ST","29TH ST",0.00,,Y,A,-,N,,,,,,,,,,N,3,0,2,3,A,-,10,21950,A,N,G,B,B,A,-,-,C,A,0,Y,,,,Y,Y,A,01,0,2,0,0,2,0,0,0,0,"- ","- ",,,"SAN FRANCISCO","SAN FRANCISCO",-122.42092132568359,37.744083404541016
9554157,2023,2023-03-25,3801,2023-02-12,1954,1806,NORTH,7,5,7,3801,0,0,0,,0,3E12D,"LAGUNA ST","GEARY BL",170.00,S,N,A,-,N,,,,,,,,,,N,4,0,1,2,A,-,00,21955,A,N,-,B,D,A,H,-,D,D,0,Y,,,,Y,,N,60,0,0,1,0,1,0,0,0,0,"- ","- ",,,"SAN FRANCISCO","SAN FRANCISCO",-122.42790222167969,37.784580230712891
9557572,2023,2023-06-13,3801,2023-05-10,"550 ",4375,TRAFF,3,5,7,3801,0,0,0,,0,4B1F,"5TH AV","GEARY BL",0.00,,Y,A,-,N,,,,,,,,,,Y,2,0,1,2,A,-,08,22101,D,N,D,C,A,A,H,-,B,A,0,,,,,Y,,D,22,1,0,0,0,0,0,0,0,0,"- ","- ",,,"SAN FRANCISCO","SAN FRANCISCO",-122.46322631835938,37.781135559082031
9560859,2023,2023-04-28,3801,2023-03-20,1850,2433,SOUTH,1,5,7,3801,0,0,0,,0,3B12D,"BLUXOME ST","5TH ST",220.00,W,N,A,-,N,,,,,,,,,,N,4,0,1,2,A,-,08,22107,,N,B,E,A,A,H,-,A,D,0,,,,,Y,,M,97,0,0,1,0,0,0,0,0,0,"- ","- ",,,"SAN FRANCISCO","SAN FRANCISCO",-122.39854431152344,37.775535583496094
9560986,2023,2023-06-02,3801,2023-02-27,1659,4310,TENDE,1,5,7,3801,0,0,0,,0,3J12D,"LASKIE ST","MISSION ST",0.00,,Y,A,-,N,,,,,,,,,,Y,4,0,1,1,C,-,18,,,N,E,I,A,B,H,-,A,D,0,,,,,Y,,-,"- ",0,0,1,0,0,0,0,0,0,"- ","- ",,,"SAN FRANCISCO","SAN FRANCISCO",-122.41412353515625,37.776718139648438
9561211,2023,2023-04-24,3801,2023-03-21,"758 ",1825,SOUTH,2,5,7,3801,0,0,0,,0,3B2A,"4TH ST","HARRISON ST",0.00,,Y,C,-,N,,,,,,,,,,N,3,0,1,2,A,-,17,21461,A,N,B,G,A,B,H,-,A,A,0,,Y,,,Y,,L,04,0,1,0,0,0,0,1,0,0,"- ","- ",,,"SAN FRANCISCO","SAN FRANCISCO",-122.39962768554688,37.780776977539062
9561218,2023,2023-05-01,3801,2023-03-22,1331,1457,TARAV,3,5,7,3801,0,0,0,,0,3I16A,"GENEVA AV","RT 280",0.00,,Y,A,-,Y,SF,4,280,-,R,1.834,R,4,S,Y,4,0,3,2,A,-,12,21453,A,N,D,C,A,A,H,-,A,A,0,,,,,Y,,A,07,0,0,3,0,0,0,0,0,0,"- ",SF,,,"SAN FRANCISCO","SAN FRANCISCO",-122.44756317138672,37.723918914794922
9561224,2023,2023-04-28,3801,2023-03-22,1650,2748,MISSI,3,5,7,3801,0,0,0,,0,3D15E,"FILLMORE ST","DUBOCE AV",0.00,,Y,F,-,N,,,,,,,,,,N,3,0,1,2,A,-,21,22106,,N,H,G,A,-,G,-,-,-,0,,Y,,,Y,,-,,0,1,0,0,0,0,1,0,0,"- ","- ",,,"SAN FRANCISCO","SAN FRANCISCO",-122.42987823486328,37.7694091796875
9561225,2023,2023-04-28,3801,2023-03-27,1005,4286,RICHM,1,5,7,3801,0,0,0,,0,0G2,"EUCLID AV","JORDAN AV",0.00,,Y,A,-,N,,,,,,,,,,N,4,0,1,2,A,-,10,21950,A,N,G,B,B,A,H,-,A,D,0,Y,,,,Y,,A,07,0,0,1,0,1,0,0,0,0,"- ","- ",,,"SAN FRANCISCO","SAN FRANCISCO",-122.45680999755859,37.783908843994141
9561227,2023,2023-04-28,3801,2023-03-26,"312 ",2379,INGLE,7,5,7,3801,0,0,0,,0,3H2E,"SAN JOSE AV","RANDALL ST",0.00,,Y,A,-,N,,,,,,,,,,Y,3,0,1,1,A,-,03,22350,,N,E,I,A,-,H,-,C,D,0,,,,,Y,,A,01,0,1,0,0,0,0,0,0,0,"- ","- ",,,"SAN FRANCISCO","SAN FRANCISCO",-122.42426300048828,37.739860534667969
9561228,2023,2023-06-28,3801,2023-03-27,"626 ",624,NORTH,1,5,7,3801,0,0,0,,0,002,"LAGUNA ST","EDDY ST",0.00,,Y,A,-,N,,,,,,,,,,N,4,0,1,2,A,-,12,21453,A,N,D,G,A,A,H,-,C,A,0,,Y,,,Y,,L,04,0,0,1,0,0,0,1,0,0,"- ","- ",,,"SAN FRANCISCO","SAN FRANCISCO",-122.42739868164062,37.782062530517578
9561233,2023,2023-04-28,3801,2023-03-06,1940,1823,MISSI,1,5,7,3801,0,0,0,,0,006,"FOLSOM ST","13TH ST",0.00,,Y,C,-,N,,,,,,,,,,N,4,0,1,2,A,-,11,21453,D,N,G,B,B,B,H,-,C,A,0,Y,,,,Y,,N,60,0,0,1,0,1,0,0,0,0,"- ","- ",,,"SAN FRANCISCO","SAN FRANCISCO",-122.41558837890625,37.769515991210938
9561246,2023,2023-04-08,3801,2023-03-03,1501,A23182,INGLE,5,5,7,3801,0,0,0,,0,5CAR,"MISSION ST","SICKLES AV",0.00,,Y,A,-,N,,,,,,,,,,Y,4,0,1,5,A,-,01,23152,A,N,D,C,A,A,H,-,A,A,0,,,,,Y,Y,A,01,0,0,1,0,0,0,0,0,0,"- ","- ",,,"SAN FRANCISCO","SAN FRANCISCO",-122.4527587890625,37.70880126953125
9561252,2023,2023-04-08,3801,2023-03-05,2300,1183,MISSI,7,5,7,3801,0,0,0,,0,3D12E,"SOUTH VAN NESS AV","26TH ST",206.00,N,N,-,-,N,,,,,,,,,,Y,4,0,1,2,A,-,03,22350,,N,B,C,A,A,H,-,C,D,0,,,,,Y,,A,07,0,0,1,0,0,0,0,0,0,"- ","- ",,,"SAN FRANCISCO","SAN FRANCISCO",-122.41606140136719,37.749732971191406
9561261,2023,2023-04-08,3801,2023-03-14,1715,307,NORTH,2,5,7,3801,0,0,0,,0,3E13D,"EDDY ST","VAN NESS AV",0.00,,-,B,C,N,,,,,,,,,,,4,0,1,2,A,-,09,21801,A,N,D,D,A,B,H,-,A,A,0,,,,,Y,,A,01,0,0,1,0,0,0,0,0,0,"- ","- ",,,"SAN FRANCISCO","SAN FRANCISCO",-122.42076110839844,37.782890319824219
9561266,2023,2023-04-08,3801,2023-03-14,1635,1909,NORTH,2,5,7,3801,0,0,0,,0,NORTH,"LOMBARD ST","FILLMORE ST",0.00,,Y,C,-,N,,,,,,,,,,N,4,0,1,2,A,-,10,21950,A,N,G,B,B,B,H,-,A,A,0,Y,,,,Y,,A,01,0,0,1,0,1,0,0,0,0,"- ","- ",,,"SAN FRANCISCO","SAN FRANCISCO",-122.43605041503906,37.799846649169922
9561276,2023,2023-04-08,3801,2023-03-18,1227,1442,NORTH,6,5,7,3801,0,0,0,,0,3E13A,"LOMBARD ST","SCOTT ST",0.00,,Y,A,-,N,,,,,,,,,,,2,0,1,2,A,-,09,21801,A,N,D,C,A,A,H,-,A,A,0,,,,,Y,,A,01,1,0,0,0,0,0,0,0,0,"- ","- ",,,"SAN FRANCISCO","SAN FRANCISCO",-122.44100189208984,37.799209594726562
9561285,2023,2023-04-12,3801,2023-02-24,1757,1931,NORTH,5,5,7,3801,0,0,0,,0,3E13A,"EDDY ST","VAN NESS AV",0.00,,Y,A,-,N,,,,,,,,,,N,4,0,1,2,B,-,22,,,F,D,G,A,A,H,-,C,A,0,,Y,,,Y,,A,01,0,0,1,0,0,0,1,0,0,"- ","- ",,,"SAN FRANCISCO","SAN FRANCISCO",-122.42076110839844,37.782890319824219
9561288,2023,2023-04-12,3801,2023-02-09,1037,1936,TRAFF,4,5,7,3801,0,0,0,,0,4B1D,"FREMONT ST","MISSION ST",0.00,,Y,A,-,N,,,,,,,,,,Y,2,0,1,2,A,-,06,21750,,N,B,C,A,A,B,D,A,A,0,,,Y,Y,Y,,C,02,1,0,0,0,0,0,0,0,1,"- ","- ",,,"SAN FRANCISCO","SAN FRANCISCO",-122.39669036865234,37.790470123291016
9561294,2023,2023-04-12,3801,2023-02-26,1601,1534,INGLE,7,5,7,3801,0,0,0,,0,3H15D,"GENEVA AV","MADRID ST",0.00,,Y,A,C,N,,,,,,,,,,,4,0,1,2,A,-,10,21950,A,N,G,B,B,D,H,-,A,A,0,Y,,,,Y,,A,01,0,0,1,0,1,0,0,0,0,"- ","- ",,,"SAN FRANCISCO","SAN FRANCISCO",-122.43781280517578,37.714950561523438
9561297,2023,2023-04-13,3801,2023-02-24,1843,417,TARAV,5,5,7,3801,0,0,0,,0,3I16D,"20TH AV","WINSTON DR",0.00,,Y,A,-,N,,,,,,,,,,N,4,0,1,2,A,-,12,21453,A,N,G,B,B,A,H,-,C,A,0,Y,,,,Y,,N,60,0,0,1,0,1,0,0,0,0,"- ","- ",,,"SAN FRANCISCO","SAN FRANCISCO",-122.47597503662109,37.730087280273438
9561312,2023,2023-04-28,3801,2023-03-23,2041,158,NORTH,4,5,7,3801,0,0,0,,0,3E14D,"POLK ST","PINE ST",0.00,,Y,A,-,N,,,,,,,,,,N,4,0,1,2,A,-,08,22107,,N,B,G,A,A,H,-,C,A,0,,Y,,,Y,,A,01,0,0,1,0,0,0,1,0,0,"- ","- ",,,"SAN FRANCISCO","SAN FRANCISCO",-122.42050170898438,37.789642333984375
9561313,2023,2023-04-28,3801,2023-03-24,1806,2118,SOUTH,5,5,7,3801,0,0,0,,0,3B12D,"FOLSOM ST","11TH ST",0.00,,Y,A,-,N,,,,,,,,,,N,4,0,1,2,A,-,09,21804,A,N,H,C,A,A,G,-,A,A,0,,,,,Y,,-,,0,0,1,0,0,0,0,0,0,"- ","- ",,,"SAN FRANCISCO","SAN FRANCISCO",-122.41400909423828,37.771884918212891
9561320,2023,2023-04-28,3801,2023-03-22,2059,2272,BAYVI,3,5,7,3801,0,0,0,,0,3C110,"MARIPOSA ST","MISSISSIPPI ST",0.00,,Y,A,-,N,,,,,,,,,,N,4,0,1,2,A,-,12,22450,A,F,D,C,A,A,H,-,C,A,0,,,,,Y,,A,01,0,0,1,0,0,0,0,0,0,"- ","- ",,,"SAN FRANCISCO","SAN FRANCISCO",-122.39473724365234,37.763980865478516
9561326,2023,2023-04-19,3801,2023-03-14,1357,359,TARAV,2,5,7,3801,0,0,0,,0,312D,"LINCOLN WY","30TH AV",0.00,,Y,A,-,N,,,,,,,,,,Y,2,0,3,2,A,-,08,22107,,N,D,B,A,A,H,-,A,A,0,,,,,Y,,I,09,2,0,1,0,0,0,0,0,0,"- ","- ",,,"SAN FRANCISCO","SAN FRANCISCO",-122.48904418945312,37.764934539794922
9561345,2023,2023-04-26,3801,2023-03-08,"939 ",937,BAYVI,3,5,7,3801,0,0,0,,0,3C13A,"EVANS AV","MENDELL ST",0.00,,Y,A,-,N,,,,,,,,,,Y,4,0,2,2,A,-,12,21453,A,N,D,C,A,A,H,-,A,A,0,,,,,Y,,-,"- ",0,0,2,0,0,0,0,0,0,"- ","- ",,,"SAN FRANCISCO","SAN FRANCISCO",-122.38475799560547,37.740852355957031
9561348,2023,2023-04-17,3801,2023-03-07,2208,709,BAYVI,2,5,7,3801,0,0,0,,0,3A92A,"GEARY ST","POWELL ST",67.00,E,N,A,-,N,,,,,,,,,,N,4,0,1,2,A,-,10,21950,A,N,G,B,D,A,H,-,C,D,0,Y,,,,Y,,A,01,0,0,1,0,1,0,0,0,0,"- ","- ",,,"SAN FRANCISCO","SAN FRANCISCO",-122.40798187255859,37.787387847900391