CASE_ID,ACCIDENT_YEAR,PROC_DATE,JURIS,COLLISION_DATE,COLLISION_TIME,OFFICER_ID,REPORTING_DISTRICT,DAY_OF_WEEK,CHP_SHIFT,POPULATION,CNTY_CITY_LOC,SPECIAL_COND,BEAT_TYPE,CHP_BEAT_TYPE,CITY_DIVISION_LAPD,CHP_BEAT_CLASS,BEAT_NUMBER,PRIMARY_RD,SECONDARY_RD,DISTANCE,DIRECTION,INTERSECTION,WEATHER_1,WEATHER_2,STATE_HWY_IND,CALTRANS_COUNTY,CALTRANS_DISTRICT,STATE_ROUTE,ROUTE_SUFFIX,POSTMILE_PREFIX,POSTMILE,LOCATION_TYPE,RAMP_INTERSECTION,SIDE_OF_HWY,TOW_AWAY,COLLISION_SEVERITY,NUMBER_KILLED,NUMBER_INJURED,PARTY_COUNT,PRIMARY_COLL_FACTOR,PCF_CODE_OF_VIOL,PCF_VIOL_CATEGORY,PCF_VIOLATION,PCF_VIOL_SUBSECTION,HIT_AND_RUN,TYPE_OF_COLLISION,MVIW,PED_ACTION,ROAD_SURFACE,ROAD_COND_1,ROAD_COND_2,LIGHTING,CONTROL_DEVICE,CHP_ROAD_TYPE,PEDESTRIAN_ACCIDENT,BICYCLE_ACCIDENT,MOTORCYCLE_ACCIDENT,TRUCK_ACCIDENT,NOT_PRIVATE_PROPERTY,ALCOHOL_INVOLVED,STWD_VEHTYPE_AT_FAULT,CHP_VEHTYPE_AT_FAULT,COUNT_SEVERE_INJ,COUNT_VISIBLE_INJ,COUNT_COMPLAINT_PAIN,COUNT_PED_KILLED,COUNT_PED_INJURED,COUNT_BICYCLIST_KILLED,COUNT_BICYCLIST_INJURED,COUNT_MC_KILLED,COUNT_MC_INJURED,PRIMARY_RAMP,SECONDARY_RAMP,LATITUDE,LONGITUDE,COUNTY,CITY,POINT_X,POINT_Y
9561351,2023,2023-04-17,3801,2023-03-06,"240 ",1857,NORTH,1,5,7,3801,0,0,0,,0,3E13E,"FRANKLIN ST","TURK ST",18.00,N,N,-,-,N,,,,,,,,,,Y,3,0,1,1,A,-,03,22350,,N,E,I,A,B,H,-,D,A,0,,,,,Y,,A,01,0,1,0,0,0,0,0,0,0,"- ","- ",,,"SAN FRANCISCO","SAN FRANCISCO",-122.42225646972656,37.781780242919922
9561352,2023,2023-06-28,3801,2023-03-13,"28  ",2457,SOUTH,1,5,7,3801,0,0,0,,0,3B11E,"KING ST","4TH ST",0.00,,Y,B,-,N,,,,,,,,,,N,4,0,1,2,A,-,03,22350,,F,C,C,A,B,H,-,C,A,0,,,,,Y,,A,01,0,0,1,0,0,0,0,0,0,"- ","- ",,,"SAN FRANCISCO","SAN FRANCISCO",-122.39414978027344,37.77642822265625
9565823,2023,2023-04-10,3801,2023-03-21,1553,34,TRAFF,2,5,7,3801,0,0,0,,0,4B4A,"LAKE MERCED BL","BROTHERHOOD WY",34.00,S,N,C,G,N,,,,,,,,,,Y,2,0,1,1,C,-,18,,,N,E,J,A,B,H,-,A,A,0,,,,,Y,,-,"- ",1,0,0,0,0,0,0,0,0,"- ","- ",,,"SAN FRANCISCO","SAN FRANCISCO",-122.48532104492188,37.714653015136719
9567996,2023,2023-06-29,3801,2023-05-24,1640,4201,TENDE,3,5,7,3801,0,0,0,,0,3J12D,"LARKIN ST","MCALLISTER ST",0.00,,Y,A,-,N,,,,,,,,,,N,4,0,1,2,A,-,09,21453,C,N,H,-,A,A,H,-,A,A,0,,,,,Y,,M,94,0,0,1,0,0,0,0,0,0,"- ","- ",,,"SAN FRANCISCO","SAN FRANCISCO",-122.41693878173828,37.780498504638672
9572289,2023,2023-06-16,3801,2023-05-13,2125,2461,MISSI,6,5,7,3801,0,0,0,,0,3D16E,"SOUTH VAN NESS AV","13TH ST",0.00,,Y,A,-,N,,,,,,,,,,Y,4,0,5,5,B,-,22,,,N,H,C,A,A,H,-,C,D,0,,,,,Y,,A,01,0,0,5,0,0,0,0,0,0,"- ","- ",,,"SAN FRANCISCO","SAN FRANCISCO",-122.41777801513672,37.7696533203125
9572295,2023,2023-06-12,3801,2023-05-08,2233,1217,MISSI,1,5,7,3801,0,0,0,,0,4CAR,"24TH ST","SAN BRUNO AV",24.00,W,N,A,-,N,,,,,,,,,,N,4,0,1,2,A,-,03,22350,,F,C,C,A,A,H,-,C,D,0,,,,,Y,,A,01,0,0,1,0,0,0,0,0,0,"- ","- ",,,"SAN FRANCISCO","SAN FRANCISCO",-122.40444183349609,37.753128051757812
9572422,2023,2023-06-23,3801,2023-05-06,1527,2089,TENDE,6,5,7,3801,0,0,0,,0,COJ5CA,"LARKIN ST","MYRTLE ST",0.00,,Y,A,-,N,,,,,,,,,,N,3,0,1,2,A,-,11,21954,A,N,G,B,D,A,H,-,A,A,0,Y,,,,Y,,N,60,0,1,0,0,1,0,0,0,0,"- ","- ",,,"SAN FRANCISCO","SAN FRANCISCO",-122.41800689697266,37.785636901855469
9572438,2023,2023-06-16,3801,2023-05-01,1015,4325,TARAV,1,5,7,3801,0,0,0,,0,005,"LAKE MERCED BL","JOHN MUIR DR",0.00,,Y,A,-,N,,,,,,,,,,Y,3,0,2,3,A,-,05,21650,,N,A,C,A,A,H,-,A,A,0,,,Y,,Y,,A,01,0,1,1,0,0,0,0,0,0,"- ","- ",,,"SAN FRANCISCO","SAN FRANCISCO",-122.48574066162109,37.708110809326172
9572443,2023,2023-06-13,3801,2023-05-30,1150,004326,SOUTH,2,5,7,3801,0,0,0,,0,004,"MISSION ST","WASHBURN ST",50.00,W,N,A,-,N,,,,,,,,,,N,3,0,1,2,A,-,08,22102,,N,D,J,A,A,H,-,A,D,0,,,,,Y,,A,01,0,1,0,0,0,0,0,0,0,"- ","- ",,,"SAN FRANCISCO","SAN FRANCISCO",-122.41526031494141,37.775791168212891
9572445,2023,2023-06-13,3801,2023-05-13,1231,4274,RICHM,6,5,7,3801,0,0,0,,0,3G13C,"FUNSTON ST","BALBOA ST",0.00,,Y,A,-,N,,,,,,,,,,Y,4,0,1,2,A,-,09,21804,A,N,D,C,A,A,H,-,A,A,0,,,,,Y,,A,01,0,0,1,0,0,0,0,0,0,"- ","- ",,,"SAN FRANCISCO","SAN FRANCISCO",-122.47151184082031,37.776878356933594
9572448,2023,2023-06-13,3801,2023-05-18,1030,2417,BAYVI,4,5,7,3801,0,0,0,,0,3C12A,"WILLIAMS AV","LUCY ST",0.00,,Y,A,-,N,,,,,,,,,,N,4,0,1,2,A,-,04,21703,,F,C,C,A,A,H,-,A,D,0,,,,,Y,,A,01,0,0,1,0,0,0,0,0,0,"- ","- ",,,"SAN FRANCISCO","SAN FRANCISCO",-122.39357757568359,37.729404449462891
9572461,2023,2023-06-14,3801,2023-05-09,"754 ",189,NORTH,2,5,7,3801,0,0,0,,0,001,"FELL ST","SCOTT ST",0.00,,Y,A,-,N,,,,,,,,,,Y,4,0,1,2,A,-,12,21453,A,F,D,C,A,A,H,-,A,A,0,,,,,Y,,A,01,0,0,1,0,0,0,0,0,0,"- ","- ",,,"SAN FRANCISCO","SAN FRANCISCO",-122.43594360351562,37.774269104003906
9573157,2023,2023-06-29,3801,2023-04-27,1419,764,MISSI,4,5,7,3801,0,0,0,,0,3D16C,"MISSION ST","18TH ST",262.00,S,N,A,-,N,,,,,,,,,,N,2,0,5,1,C,-,18,,,N,H,A,A,A,H,-,A,A,0,,,,,Y,,-,"- ",1,1,3,0,0,0,0,0,0,"- ","- ",,,"SAN FRANCISCO","SAN FRANCISCO",-122.41930389404297,37.761123657226562
9573283,2023,2023-05-13,3801,2023-04-22,1642,2723,TENDE,6,5,7,3801,0,0,0,,0,3J14D,"OFARRELL ST","TAYLOR ST",87.00,E,N,A,-,N,,,,,,,,,,N,3,0,1,2,A,-,03,22350,,N,H,C,A,A,H,-,A,D,0,,,,,Y,,-,,0,1,0,0,0,0,0,0,0,"- ","- ",,,"SAN FRANCISCO","SAN FRANCISCO",-122.41102600097656,37.786056518554688
9573284,2023,2023-05-13,3801,2023-04-19,1245,504,NORTH,3,5,7,3801,0,0,0,,0,3E15A,"CHESTNUT ST","BUCHANAN ST",95.00,E,N,A,-,N,,,,,,,,,,N,4,0,1,1,A,-,"- ",,,N,F,A,A,A,H,-,A,A,0,,Y,,,Y,,L,04,0,0,1,0,0,0,1,0,0,"- ","- ",,,"SAN FRANCISCO","SAN FRANCISCO",-122.43263244628906,37.801273345947266
9573287,2023,2023-05-13,3801,2023-04-26,1420,2091,NORTH,3,5,7,3801,0,0,0,,0,3E15D,"MARINA BL","DIVISADERO ST",45.00,E,N,A,-,N,,,,,,,,,,N,2,0,2,2,A,-,17,21461,A,N,G,B,F,A,H,-,A,D,0,Y,Y,,,Y,,L,04,1,0,1,0,1,0,1,0,0,"- ","- ",,,"SAN FRANCISCO","SAN FRANCISCO",-122.44384765625,37.805606842041016
9573289,2023,2023-05-13,3801,2023-04-01,2045,2080,CENTR,6,5,7,3801,0,0,0,,0,3A14D,"STOCKTON ST","WASHINGTON ST",0.00,,Y,A,-,N,,,,,,,,,,N,4,0,1,2,A,-,10,21950,A,N,G,B,B,A,H,-,C,A,0,Y,,,,Y,,D,22,0,0,1,0,1,0,0,0,0,"- ","- ",,,"SAN FRANCISCO","SAN FRANCISCO",-122.40802764892578,37.794960021972656
9573326,2023,2023-05-11,3801,2023-04-14,2105,1096,CENTR,5,5,7,3801,0,0,0,,0,3A12E,"KEARNY ST","POST ST",1.00,N,N,A,-,N,,,,,,,,,,N,4,0,1,2,A,-,03,22350,,N,G,B,B,A,H,-,C,A,0,Y,,,,Y,,A,01,0,0,1,0,1,0,0,0,0,"- ","- ",,,"SAN FRANCISCO","SAN FRANCISCO",-122.40366363525391,37.788902282714844
9573329,2023,2023-05-11,3801,2023-04-01,"115 ",4115,CENTR,6,5,7,3801,0,0,0,,0,3A12E,"POST ST","KEARNY ST",0.00,,Y,A,-,N,,,,,,,,,,N,4,0,1,2,A,-,09,21453,B,N,D,G,A,A,H,-,C,A,0,,Y,,,Y,,A,07,0,0,1,0,0,0,1,0,0,"- ","- ",,,"SAN FRANCISCO","SAN FRANCISCO",-122.40365600585938,37.788902282714844
9573343,2023,2023-05-13,3801,2023-04-06,"808 ",2263,TARAV,4,5,7,3801,0,0,0,,0,313A,"36TH AV","ORTEGA ST",0.00,,-,A,-,N,,,,,,,,,,N,4,0,1,2,A,-,09,21801,A,N,B,C,A,-,H,-,A,D,0,,,,,Y,,-,,0,0,1,0,0,0,0,0,0,"- ","- ",,,"SAN FRANCISCO","SAN FRANCISCO",-122.49456024169922,37.751571655273438
9573349,2023,2023-05-13,3801,2023-04-16,"148 ",1217,MISSI,7,5,7,3801,0,0,0,,0,1CAR,"18TH ST","SAN CARLOS ST",0.00,,Y,A,-,N,,,,,,,,,,Y,3,0,1,2,A,-,12,22450,,F,D,C,A,-,H,-,C,D,0,,,,,Y,,A,01,0,1,0,0,0,0,0,0,0,"- ","- ",,,"SAN FRANCISCO","SAN FRANCISCO",-122.42008972167969,37.761787414550781
9573407,2023,2023-05-01,3801,2023-03-17,1526,341,NORTH,5,5,7,3801,0,0,0,,0,3E14D,"STEINER ST","CLAY ST",23.00,S,N,A,-,N,,,,,,,,,,N,3,0,1,2,A,-,11,21954,A,N,A,B,D,A,H,-,A,D,0,Y,,,,Y,,-,"- ",0,1,0,0,1,0,0,0,0,"- ","- ",,,"SAN FRANCISCO","SAN FRANCISCO",-122.43582916259766,37.790435791015625
9573410,2023,2023-05-01,3801,2023-03-18,"330 ",1406,INGLE,6,5,7,3801,0,0,0,,0,3H2,"SAN JOSE AV","ROUSSEAU ST",906.00,S,N,A,-,N,,,,,,,,,,Y,4,0,2,1,A,-,03,22350,,N,E,I,A,A,H,-,C,D,0,,,,,Y,,A,07,0,0,2,0,0,0,0,0,0,"- ","- ",,,"SAN FRANCISCO","SAN FRANCISCO",-122.43296813964844,37.732437133789062
9573417,2023,2023-05-02,3801,2023-03-15,2240,2715,NORTH,3,5,7,3801,0,0,0,,0,3E12E,"DIVISADERO BL","MCALLISTER ST",0.00,,Y,A,-,N,,,,,,,,,,N,4,0,1,2,A,-,17,22517,,N,H,E,A,A,H,-,C,A,0,,,Y,,Y,,A,01,0,0,1,0,0,0,0,0,1,"- ","- ",,,"SAN FRANCISCO","SAN FRANCISCO",-122.4383544921875,37.777786254882812
9573806,2023,2023-04-18,3801,2023-02-21,1940,A09968,PARK,2,5,7,3801,0,0,0,,0,3F13D,"ANZA ST","COLLINS ST",0.00,,Y,A,G,N,,,,,,,,,,N,4,0,1,1,A,-,03,22350,,N,H,J,A,A,H,-,C,A,0,,,Y,,Y,,C,02,0,0,1,0,0,0,0,0,1,"- ","- ",,,"SAN FRANCISCO","SAN FRANCISCO",-122.44981384277344,37.780757904052734
9574285,2023,2023-05-01,3801,2023-03-09,"533 ",539,NORTH,4,5,7,3801,0,0,0,,0,003,"VAN NESS AV","EDDY ST",0.00,,Y,A,-,N,,,,,,,,,,N,3,0,1,2,A,-,11,21954,A,F,A,B,E,A,H,-,A,A,0,Y,,,,Y,,N,60,0,1,0,0,1,0,0,0,0,"- ","- ",,,"SAN FRANCISCO","SAN FRANCISCO",-122.42076110839844,37.782890319824219
9575943,2023,2023-06-16,3801,2023-04-30,2123,1857,NORTH,7,5,7,3801,0,0,0,,0,3E61,"GOUGH ST","GROVE ST",71.00,N,N,A,-,N,,,,,,,,,,Y,3,0,1,3,A,-,01,23152,,M,B,E,A,A,H,-,C,D,0,,,,,Y,Y,D,22,0,1,0,0,0,0,0,0,0,"- ","- ",,,"SAN FRANCISCO","SAN FRANCISCO",-122.42320251464844,37.778003692626953
9576001,2023,2023-05-10,3801,2023-04-03,1500,1420,INGLE,1,5,7,3801,0,0,0,,0,3H11D,"ALEMANY BL","OCEAN AV",0.00,,Y,A,-,N,,,,,,,,,,Y,4,0,3,4,A,-,12,21453,A,F,D,C,A,A,H,-,A,A,0,,,,,Y,Y,A,01,0,0,3,0,0,0,0,0,0,"- ","- ",,,"SAN FRANCISCO","SAN FRANCISCO",-122.43753814697266,37.723697662353516
9576002,2023,2023-05-10,3801,2023-04-02,"100 ",2097,BAYVI,7,5,7,3801,0,0,0,,0,3C5A,"3RD ST","ARMSTRONG AV",0.00,,Y,A,-,N,,,,,,,,,,N,3,0,1,2,A,-,03,22350,,F,C,E,A,A,H,-,C,D,0,,,,,Y,,D,22,0,1,0,0,0,0,0,0,0,"- ","- ",,,"SAN FRANCISCO","SAN FRANCISCO",-122.39366912841797,37.727035522460938
9576006,2023,2023-05-10,3801,2023-04-05,1805,1207,SOUTH,3,5,7,3801,0,0,0,,0,0B3,"BRYANT ST","8TH ST",0.00,,Y,A,-,N,,,,,,,,,,Y,4,0,1,2,A,-,12,21453,A,N,D,C,A,A,H,-,A,A,0,,,,,Y,,A,01,0,0,1,0,0,0,0,0,0,"- ","- ",,,"SAN FRANCISCO","SAN FRANCISCO",-122.406982421875,37.772514343261719
9576022,2023,2023-05-17,3801,2023-04-20,1840,1897,TARAV,4,5,7,3801,0,0,0,,0,3I15D,"TARAVAL ST","24TH AV",0.00,,Y,A,-,N,,,,,,,,,,Y,4,0,2,2,A,-,12,22450,A,N,H,C,A,A,H,-,A,D,0,,,,,Y,,A,01,0,0,2,0,0,0,0,0,0,"- ","- ",,,"SAN FRANCISCO","SAN FRANCISCO",-122.48105621337891,37.7427978515625
9576041,2023,2023-05-13,3801,2023-04-12,"908 ",1396,SOUTH,3,5,7,3801,0,0,0,,0,3B3A,"6TH ST","BRANNAN ST",100.00,N,N,A,-,N,,,,,,,,,,N,3,0,1,2,A,-,11,21950,B,N,D,B,F,A,H,-,A,D,0,Y,,,,Y,,N,60,0,1,0,0,1,0,0,0,0,"- ","- ",,,"SAN FRANCISCO","SAN FRANCISCO",-122.40119934082031,37.7750244140625
9576069,2023,2023-06-27,3801,2023-04-09,1556,1207,SOUTH,7,5,7,3801,0,0,0,,0,0B2,"HARRISON ST","4TH ST",0.00,,Y,A,-,N,,,,,,,,,,N,4,0,2,2,A,-,02,22400,A,N,D,J,A,A,H,-,A,D,0,,,,,Y,,M,94,0,0,2,0,0,0,0,0,0,"- ","- ",,,"SAN FRANCISCO","SAN FRANCISCO",-122.39962768554688,37.780776977539062
9576085,2023,2023-05-10,3801,2023-04-14,2059,2094,TENDE,5,5,7,3801,0,0,0,,0,3J12D,"6TH ST","STEVENSON ST",0.00,,Y,A,-,N,,,,,,,,,,N,3,0,1,3,A,-,12,22450,A,N,A,C,A,A,H,-,C,B,0,,Y,,,Y,,L,04,0,1,0,0,0,0,1,0,0,"- ","- ",,,"SAN FRANCISCO","SAN FRANCISCO",-122.40966796875,37.781764984130859
9576091,2023,2023-05-10,3801,2023-04-13,"130 ",1967,NORTH,4,5,7,3801,0,0,0,,0,3E2A,"MASON ST","ELLIS ST",0.00,,Y,A,-,N,,,,,,,,,,N,4,0,1,2,A,-,05,21651,B,F,B,C,A,A,H,-,C,A,0,,,,,Y,Y,A,01,0,0,1,0,0,0,0,0,0,"- ","- ",,,"SAN FRANCISCO","SAN FRANCISCO",-122.40946197509766,37.785331726074219
9576096,2023,2023-05-10,3801,2023-04-03,"840 ",1796,RICHM,1,5,7,3801,0,0,0,,0,3G14A,ANZA,"17TH AV",0.00,,Y,A,-,N,,,,,,,,,,N,4,0,1,3,A,-,10,21950,A,N,G,G,B,A,H,-,A,D,0,Y,Y,,,Y,,A,01,0,0,1,0,0,0,1,0,0,"- ","- ",,,"SAN FRANCISCO","SAN FRANCISCO",-122.47602844238281,37.778545379638672
9576106,2023,2023-05-10,3801,2023-04-15,"203 ",250,TENDE,6,5,7,3801,0,0,0,,0,3J4E,"TURK ST","TAYLOR ST",0.00,,Y,A,-,N,,,,,,,,,,N,4,0,1,2,A,-,12,21453,A,F,D,C,A,A,H,-,C,A,0,,,,,Y,,A,01,0,0,1,0,0,0,0,0,0,"- ","- ",,,"SAN FRANCISCO","SAN FRANCISCO",-122.41078186035156,37.783206939697266
9576112,2023,2023-05-10,3801,2023-04-24,1043,4001,MISSI,1,5,7,3801,0,0,0,,0,3D15A,"BRYANT ST","16TH ST",86.00,N,N,A,-,N,,,,,,,,,,N,4,0,1,2,A,-,08,22107,,M,G,B,A,A,H,-,A,D,0,,,Y,,Y,,A,01,0,0,1,0,0,0,0,0,1,"- ","- ",,,"SAN FRANCISCO","SAN FRANCISCO",-122.41053771972656,37.765827178955078
9576118,2023,2023-05-10,3801,2023-04-22,"619 ",1288,NORTH,6,5,7,3801,0,0,0,,0,3E15A,"GOUGH ST","GROVE ST",0.00,,Y,A,-,N,,,,,,,,,,N,4,0,1,2,A,-,12,21453,A,N,D,C,A,A,H,-,A,A,0,,,,,Y,,A,01,0,0,1,0,0,0,0,0,0,"- ","- ",,,"SAN FRANCISCO","SAN FRANCISCO",-122.42316436767578,37.777805328369141
9576119,2023,2023-05-10,3801,2023-04-12,1806,4201,TENDE,3,5,7,3801,0,0,0,,0,3J15D,ELLIS,"CYRIL MAGNIN ST",0.00,,Y,A,-,N,,,,,,,,,,N,2,0,1,2,A,-,12,21453,,N,D,G,A,A,H,-,A,A,0,,Y,,,Y,,L,04,1,0,0,0,0,0,1,0,0,"- ","- ",,,"SAN FRANCISCO","SAN FRANCISCO",-122.40866088867188,37.785427093505859
9576311,2023,2023-05-09,3801,2023-03-17,"711 ",1796,RICHM,5,5,7,3801,0,0,0,,0,3G14A,"CABRILLO ST","30TH AV",0.00,,Y,A,-,N,,,,,,,,,,N,4,0,1,2,A,-,12,22450,,N,-,G,A,A,H,-,A,D,0,,Y,,,Y,,A,01,0,0,1,0,0,0,1,0,0,"- ","- ",,,"SAN FRANCISCO","SAN FRANCISCO",-122.48967742919922,37.774188995361328
9576544,2023,2023-05-24,3801,2023-04-15,1826,2499,TARAV,6,5,7,3801,0,0,0,,0,3I16D,"JUNIPERO SERRA BL","19TH AV",0.00,,Y,A,-,N,,,,,,,,,,N,4,0,1,2,A,-,08,22107,,N,B,C,A,A,H,-,A,A,0,,,,,Y,,-,,0,0,1,0,0,0,0,0,0,"- ","- ",,,"SAN FRANCISCO","SAN FRANCISCO",-122.47271728515625,37.717182159423828
9576678,2023,2023-05-10,3801,2023-04-26,1705,19,BAYVI,3,5,7,3801,0,0,0,,0,901,"PHELPS ST","OAKDALE AV",0.00,,Y,A,-,N,,,,,,,,,,N,4,0,1,2,A,-,03,22350,,F,D,C,A,A,H,-,A,A,0,,,,,Y,,-,99,0,0,1,0,0,0,0,0,0,"- ","- ",,,"SAN FRANCISCO","SAN FRANCISCO",-122.39408874511719,37.736721038818359
9576689,2023,2023-05-09,3801,2023-03-30,1504,2401,MISSI,4,5,7,3801,0,0,0,,0,3D44C,"SOUTH VAN NESS AV","14TH ST",0.00,,Y,A,-,N,,,,,,,,,,N,4,0,1,2,A,-,06,21751,,N,D,C,A,A,H,-,A,A,0,,,,,Y,,-,,0,0,1,0,0,0,0,0,0,"- ","- ",,,"SAN FRANCISCO","SAN FRANCISCO",-122.41780090332031,37.768417358398438
9576696,2023,2023-05-08,3801,2023-03-28,1935,2452,CENTR,2,5,7,3801,0,0,0,,0,3A4D,BROADWAY,MONTGOMERY,0.00,,Y,A,-,N,,,,,,,,,,Y,4,0,1,2,A,-,12,21453,A,N,D,C,A,A,H,-,C,A,0,,,Y,,Y,,A,01,0,0,1,0,0,0,0,0,1,"- ","- ",,,"SAN FRANCISCO","SAN FRANCISCO",-122.40383911132812,37.798236846923828
9578557,2023,2023-05-22,3801,2023-04-20,"744 ",2706,MISSI,4,5,7,3801,0,0,0,,0,3D15A,"CAPP ST","16TH ST",0.00,,Y,A,-,N,,,,,,,,,,,3,0,1,2,A,-,17,22517,,N,B,J,A,A,H,-,A,A,0,,,Y,,Y,,A,01,0,1,0,0,0,0,0,0,1,"- ","- ",,,"SAN FRANCISCO","SAN FRANCISCO",-122.418701171875,37.765098571777344
9578723,2023,2023-05-15,3801,2023-04-27,1600,1015,PARK,4,5,7,3801,0,0,0,,0,"3 CAR","MASONIC AV","FULTON ST",0.00,,Y,A,-,N,,,,,,,,,,N,2,0,1,2,A,-,08,22107,,F,B,G,A,A,H,-,A,A,0,,Y,,,Y,,A,01,1,0,0,0,0,0,1,0,0,"- ","- ",,,"SAN FRANCISCO","SAN FRANCISCO",-122.44647216796875,37.775791168212891
9579922,2023,2023-06-21,3801,2023-05-21,1511,158,NORTH,7,5,7,3801,0,0,0,,0,3E14D,"CHESTNUT ST","FRANKLIN ST",0.00,,Y,A,-,N,,,,,,,,,,N,4,0,2,2,A,-,12,21453,A,N,D,C,A,A,H,-,A,A,0,,,,,Y,,A,01,0,0,2,0,0,0,0,0,0,"- ","- ",,,"SAN FRANCISCO","SAN FRANCISCO",-122.42637634277344,37.802070617675781
9579926,2023,2023-06-21,3801,2023-05-20,1752,2118,SOUTH,6,5,7,3801,0,0,0,,0,3B12D,"MISSION ST","MINT PLZ",0.00,,Y,A,-,N,,,,,,,,,,N,4,0,1,2,A,-,04,21703,,N,D,C,A,A,H,-,A,D,0,,,Y,,Y,,C,02,0,0,1,0,0,0,0,0,1,"- ","- ",,,"SAN FRANCISCO","SAN FRANCISCO",-122.40716552734375,37.782188415527344
9579934,2023,2023-06-21,3801,2023-05-11,1645,1696,NORTH,4,5,7,3801,0,0,0,,0,3E12D,"STEINER ST","OFARRELL ST",0.00,,Y,A,-,N,,,,,,,,,,N,4,0,1,2,A,-,09,21804,,N,D,D,A,A,H,-,A,A,0,,,,,Y,,M,94,0,0,1,0,0,0,0,0,0,"- ","- ",,,"SAN FRANCISCO","SAN FRANCISCO",-122.43433380126953,37.783069610595703
9579944,2023,2023-06-21,3801,2023-05-15,"829 ",2707,TARAV,1,5,7,3801,0,0,0,,0,2CAR,"SUNSET BL","ULLOA ST",232.00,S,N,A,-,N,,,,,,,,,,N,4,0,1,4,A,-,04,21703,,N,C,C,A,A,H,-,A,A,0,,,,,Y,,A,01,0,0,1,0,0,0,0,0,0,"- ","- ",,,"SAN FRANCISCO","SAN FRANCISCO",-122.49435424804688,37.739723205566406
9579949,2023,2023-06-23,3801,2023-05-21,2100,1150,PARK,7,5,7,3801,0,0,0,,0,,"MARKET ST","SANCHEZ ST",0.00,,Y,B,-,N,,,,,,,,,,N,4,0,2,2,A,-,03,22350,,N,C,C,A,A,H,-,C,A,0,,,,,Y,,A,01,0,0,2,0,0,0,0,0,0,"- ","- ",,,"SAN FRANCISCO","SAN FRANCISCO",-122.43100738525391,37.765979766845703
9579968,2023,2023-06-22,3801,2023-05-13,"754 ",4305,NORTH,6,5,7,3801,0,0,0,,0,,"POLK ST","TURK ST",0.00,,Y,A,-,N,,,,,,,,,,,4,0,1,2,A,-,03,22350,,N,C,C,A,A,H,-,A,A,0,,,,,Y,,M,94,0,0,1,0,0,0,0,0,0,"- ","- ",,,"SAN FRANCISCO","SAN FRANCISCO",-122.41899871826172,37.782169342041016
9579974,2023,2023-06-16,3801,2023-05-21,2338,1480,MISSI,7,5,7,3801,0,0,0,,0,3D15E,MISSION,"16TH ST",0.00,,Y,A,-,N,,,,,,,,,,Y,4,0,2,2,A,-,09,21801,A,N,-,C,A,A,H,-,-,A,0,,,,,Y,,A,01,0,0,2,0,0,0,0,0,0,"- ","- ",,,"SAN FRANCISCO","SAN FRANCISCO",-122.41967010498047,37.765052795410156
9580078,2023,2023-06-14,3801,2023-05-24,1833,2705,BAYVI,3,5,7,3801,0,0,0,,0,3C11D,"MISSOURI ST","20TH ST",150.00,N,N,A,-,N,,,,,,,,,,N,4,0,1,1,-,-,"- ",,,N,H,A,A,A,H,-,A,D,0,,,Y,,Y,,-,"- ",0,0,1,0,0,0,0,0,1,"- ","- ",,,"SAN FRANCISCO","SAN FRANCISCO",-122.39633178710938,37.760440826416016
9580136,2023,2023-06-13,3801,2023-04-25,"945 ",621,CENTR,2,5,7,3801,0,0,0,,0,3A13A,"BROADWAY ST","LARKIN ST",0.00,,Y,A,-,N,,,,,,,,,,Y,3,0,1,2,A,-,08,22101,D,N,D,C,A,A,H,-,A,A,0,,,Y,,Y,,A,01,0,1,0,0,0,0,0,0,1,"- ","- ",,,"SAN FRANCISCO","SAN FRANCISCO",-122.42012786865234,37.796218872070312
9580561,2023,2023-06-19,3801,2023-05-15,1150,1826,CENTR,1,5,7,3801,0,0,0,,0,0A5,"WASHINGTON ST","BATTERY ST",0.00,,-,A,-,N,,,,,,,,,,N,3,0,1,3,A,-,08,22107,,F,B,C,A,A,H,-,A,D,0,,,,,Y,,A,08,0,1,0,0,0,0,0,0,0,"- ","- ",,,"SAN FRANCISCO","SAN FRANCISCO",-122.40049743652344,37.795886993408203
9580595,2023,2023-07-07,3801,2023-05-06,1426,4006,TARAV,6,5,7,3801,0,0,0,,0,3116B,"JUNIPERO SERRA BL","PALMETTO AV",0.00,,Y,A,-,Y,SF,4,1,-,R,0.180,I,5,N,Y,4,0,1,2,A,-,03,22350,,N,C,C,A,A,-,-,A,D,0,,,,,Y,,I,11,0,0,1,0,0,0,0,0,0,"- ","- ",,,"SAN FRANCISCO","SAN FRANCISCO",-122.47105407714844,37.710659027099609
9580670,2023,2023-06-16,3801,2023-05-28,"232 ",1226,SOUTH,7,5,7,3801,0,0,0,,0,0600,"BRANNA ST","4TH ST",60.00,,N,A,-,N,,,,,,,,,,N,3,0,1,2,A,-,17,21663,,N,G,B,G,A,H,-,C,A,0,Y,,,,Y,,A,01,0,1,0,0,1,0,0,0,0,"- ","- ",,,"SAN FRANCISCO","SAN FRANCISCO",-122.39653778076172,37.778327941894531
9580679,2023,2023-06-19,3801,2023-05-17,1955,1911,RICHM,3,5,7,3801,0,0,0,,0,RICHMO,"GEARY BL","FUNSTON AV",0.00,,Y,A,-,N,,,,,,,,,,,4,0,1,2,A,-,08,22107,A,N,B,C,A,A,H,-,B,A,0,,,Y,,Y,,C,02,0,0,1,0,0,0,0,0,1,"- ","- ",,,"SAN FRANCISCO","SAN FRANCISCO",-122.47178649902344,37.780750274658203