CASE_ID,ACCIDENT_YEAR,PROC_DATE,JURIS,COLLISION_DATE,COLLISION_TIME,OFFICER_ID,REPORTING_DISTRICT,DAY_OF_WEEK,CHP_SHIFT,POPULATION,CNTY_CITY_LOC,SPECIAL_COND,BEAT_TYPE,CHP_BEAT_TYPE,CITY_DIVISION_LAPD,CHP_BEAT_CLASS,BEAT_NUMBER,PRIMARY_RD,SECONDARY_RD,DISTANCE,DIRECTION,INTERSECTION,WEATHER_1,WEATHER_2,STATE_HWY_IND,CALTRANS_COUNTY,CALTRANS_DISTRICT,STATE_ROUTE,ROUTE_SUFFIX,POSTMILE_PREFIX,POSTMILE,LOCATION_TYPE,RAMP_INTERSECTION,SIDE_OF_HWY,TOW_AWAY,COLLISION_SEVERITY,NUMBER_KILLED,NUMBER_INJURED,PARTY_COUNT,PRIMARY_COLL_FACTOR,PCF_CODE_OF_VIOL,PCF_VIOL_CATEGORY,PCF_VIOLATION,PCF_VIOL_SUBSECTION,HIT_AND_RUN,TYPE_OF_COLLISION,MVIW,PED_ACTION,ROAD_SURFACE,ROAD_COND_1,ROAD_COND_2,LIGHTING,CONTROL_DEVICE,CHP_ROAD_TYPE,PEDESTRIAN_ACCIDENT,BICYCLE_ACCIDENT,MOTORCYCLE_ACCIDENT,TRUCK_ACCIDENT,NOT_PRIVATE_PROPERTY,ALCOHOL_INVOLVED,STWD_VEHTYPE_AT_FAULT,CHP_VEHTYPE_AT_FAULT,COUNT_SEVERE_INJ,COUNT_VISIBLE_INJ,COUNT_COMPLAINT_PAIN,COUNT_PED_KILLED,COUNT_PED_INJURED,COUNT_BICYCLIST_KILLED,COUNT_BICYCLIST_INJURED,COUNT_MC_KILLED,COUNT_MC_INJURED,PRIMARY_RAMP,SECONDARY_RAMP,LATITUDE,LONGITUDE,COUNTY,CITY,POINT_X,POINT_Y
9580690,2023,2023-06-14,3801,2023-05-06,1055,2196,MISSI,6,5,7,3801,0,0,0,,0,3D11A,"16TH ST","POTRERO AV",315.00,W,N,A,-,N,,,,,,,,,,Y,4,0,1,2,A,-,09,21801,A,N,F,D,A,A,H,-,A,D,0,,,,,Y,,A,01,0,0,1,0,0,0,0,0,0,"- ","- ",,,"SAN FRANCISCO","SAN FRANCISCO",-122.40864562988281,37.765697479248047
9584166,2023,2023-05-17,3801,2023-03-18,1125,1273,RICHM,6,5,7,3801,0,0,0,,0,3G4A,"CLEMENT ST","22ND AV",0.00,,Y,A,-,N,,,,,,,,,,N,4,0,1,2,A,-,12,22450,A,N,C,C,A,A,H,-,A,A,0,,,,,Y,,A,01,0,0,1,0,0,0,0,0,0,"- ","- ",,,"SAN FRANCISCO","SAN FRANCISCO",-122.48167419433594,37.782154083251953
9586596,2023,2023-06-09,3801,2023-05-29,2229,141,INGLE,1,5,7,3801,0,0,0,,0,3H15E,"GENEVA AV","CARTER ST",0.00,,Y,A,-,N,,,,,,,,,,N,4,0,2,2,A,-,03,22350,,N,C,-,A,A,H,-,C,A,0,,,,,Y,,A,01,0,0,2,0,0,0,0,0,0,"- ","- ",,,"SAN FRANCISCO","SAN FRANCISCO",-122.42338562011719,37.709270477294922
9586610,2023,2023-06-09,3801,2023-04-30,"415 ",2175,BAYVI,7,5,7,3801,0,0,0,,0,2C12E,"SILVER AV","BAYSHORE BL",0.00,,Y,A,-,N,,,,,,,,,,Y,4,0,1,2,A,-,03,22350,,N,D,C,A,A,H,-,C,A,0,,,,,Y,,J,43,0,0,1,0,0,0,0,0,0,"- ","- ",,,"SAN FRANCISCO","SAN FRANCISCO",-122.40464782714844,37.732959747314453
9590166,2023,2023-06-22,3801,2023-03-09,2229,2498,NORTH,4,5,7,3801,0,0,0,,0,,LOMBARD,"BRODERICK ST",0.00,,Y,C,-,N,,,,,,,,,,Y,4,0,2,2,A,-,01,23152,A,F,D,C,A,B,H,-,C,A,0,,,,,Y,Y,A,01,0,0,2,0,0,0,0,0,0,"- ","- ",,,"SAN FRANCISCO","SAN FRANCISCO",-122.44432830810547,37.798801422119141
9591063,2023,2023-07-17,3801,2023-06-10,"127 ",1688,BAYVI,6,5,7,3801,0,0,0,,0,3C15E,"FITZGERALD AV","INGALLS ST",45.00,E,N,A,-,N,,,,,,,,,,Y,4,0,1,5,A,-,21,22106,,N,H,C,-,A,G,-,C,D,0,Y,,,,Y,,A,01,0,0,1,0,1,0,0,0,0,"- ","- ",,,"SAN FRANCISCO","SAN FRANCISCO",-122.39121246337891,37.720890045166016
9591064,2023,2023-07-14,3801,2023-06-09,1827,1350,BAYVI,5,5,7,3801,0,0,0,,0,3C12D,"BAYSHORE BL","HESTER AV",300.00,N,N,A,-,N,,,,,,,,,,N,4,0,3,3,A,-,03,22350,,N,C,C,A,A,H,-,A,A,0,,,,,Y,,A,01,0,0,3,0,0,0,0,0,0,"- ","- ",,,"SAN FRANCISCO","SAN FRANCISCO",-122.39939117431641,37.714279174804688
9591069,2023,2023-07-14,3801,2023-06-08,1845,312,TARAV,4,5,7,3801,0,0,0,,0,3CAR,"LINCOLN WY","39TH AV",0.00,,Y,A,-,N,,,,,,,,,,N,4,0,3,2,A,-,09,21801,A,N,B,C,A,A,H,-,A,D,0,,,,,Y,,A,01,0,0,3,0,0,0,0,0,0,"- ","- ",,,"SAN FRANCISCO","SAN FRANCISCO",-122.4986572265625,37.764511108398438
9591073,2023,2023-07-14,3801,2023-06-10,2007,2733,TARAV,6,5,7,3801,0,0,0,,0,016,"JUNIPERO SERRA BL","ALEMANY BL",0.00,,Y,A,-,N,,,,,,,,,,Y,3,0,4,2,A,-,08,22107,,N,B,C,A,A,H,-,A,D,0,,,,,Y,,A,07,0,1,3,0,0,0,0,0,0,"- ","- ",,,"SAN FRANCISCO","SAN FRANCISCO",-122.47073364257812,37.709918975830078
9591089,2023,2023-07-24,3801,2023-06-06,1722,1987,TENDE,2,5,7,3801,0,0,0,,0,3J91D,"TURK ST","JONES ST",0.00,,Y,A,-,N,,,,,,,,,,N,3,0,2,2,A,-,17,21209,,N,A,B,E,A,H,-,A,A,0,Y,,,,Y,Y,M,94,0,2,0,0,1,0,0,0,0,TO,"- ",,,"SAN FRANCISCO","SAN FRANCISCO",-122.41241455078125,37.782997131347656
9591104,2023,2023-07-11,3801,2023-06-08,2235,1463,SOUTH,4,5,7,3801,0,0,0,,0,0B4,"MARKET ST","SOUTH VAN NESS",0.00,,Y,A,-,N,,,,,,,,,,N,3,0,2,2,D,-,00,,,N,D,B,B,A,H,-,C,A,0,Y,,Y,,Y,,-,"- ",0,1,1,0,1,0,0,0,1,"- ","- ",,,"SAN FRANCISCO","SAN FRANCISCO",-122.41925811767578,37.775169372558594
9591107,2023,2023-08-08,3801,2023-06-04,1216,1453,CENTR,7,5,7,3801,0,0,0,,0,3A2C,"HYDE ST","LARKIN ST",0.00,,Y,A,-,N,,,,,,,,,,N,4,0,2,2,A,-,12,21453,A,N,D,C,A,A,H,-,A,A,0,,,,,Y,,-,"- ",0,0,2,0,0,0,0,0,0,"- ","- ",,,"SAN FRANCISCO","SAN FRANCISCO",,
9591109,2023,2023-07-11,3801,2023-06-01,1348,2196,MISSI,4,5,7,3801,0,0,0,,0,3D14A,"13TH ST","FOLSOM ST",0.00,,Y,A,-,N,,,,,,,,,,N,3,0,1,2,A,-,00,21960,A,N,D,B,B,A,H,-,A,A,0,Y,,,,Y,,A,01,0,1,0,0,1,0,0,0,0,"- ","- ",,,"SAN FRANCISCO","SAN FRANCISCO",-122.41558837890625,37.769515991210938
9591113,2023,2023-07-11,3801,2023-06-08,"821 ",681,SOUTH,4,5,7,3801,0,0,0,,0,3B13A,"FOLSOM ST","SHERMAN ST",0.00,,Y,A,-,N,,,,,,,,,,N,3,0,1,2,A,-,05,21650,,N,D,G,A,A,H,-,A,D,0,,Y,,,Y,,L,04,0,1,0,0,0,0,1,0,0,"- ","- ",,,"SAN FRANCISCO","SAN FRANCISCO",-122.40702056884766,37.777408599853516
9591114,2023,2023-07-11,3801,2023-06-21,"848 ",2161,MISSI,3,5,7,3801,0,0,0,,0,3D13A,"SOUTH VAN NESS","23RD ST",80.00,N,N,A,-,N,,,,,,,,,,Y,4,0,1,2,A,-,21,22106,,M,D,C,A,A,H,-,A,D,0,,,,,Y,,-,,0,0,1,0,0,0,0,0,0,"- ","- ",,,"SAN FRANCISCO","SAN FRANCISCO",-122.41645812988281,37.754180908203125
9591119,2023,2023-08-08,3801,2023-06-22,1622,1144,RICHM,4,5,7,3801,0,0,0,,0,3G13D,"GEARY BL","20TH AV",0.00,,Y,A,-,N,,,,,,,,,,N,4,0,1,2,D,-,00,,,N,D,C,A,A,H,-,A,A,0,,,,,Y,,-,"- ",0,0,1,0,0,0,0,0,0,"- ","- ",,,"SAN FRANCISCO","SAN FRANCISCO",-122.47938537597656,37.780387878417969
9591235,2023,2023-07-13,3801,2023-05-08,"810 ",2088,INGLE,1,5,7,3801,0,0,0,,0,3H12A,"MISSION ST","RICHLAND AV",80.00,S,N,A,-,N,,,,,,,,,,N,4,0,1,2,A,-,11,21954,A,M,D,B,D,A,H,-,A,D,0,Y,,,,Y,,N,60,0,0,1,0,1,0,0,0,0,"- ","- ",,,"SAN FRANCISCO","SAN FRANCISCO",-122.42455291748047,37.735725402832031
9591236,2023,2023-07-13,3801,2023-05-26,1859,1994,TRAFF,5,5,7,3801,0,0,0,,0,4B3C,"16TH ST","CAROLINA ST",80.00,E,N,A,-,N,,,,,,,,,,Y,3,0,1,2,A,-,08,22102,,N,D,C,A,A,H,-,A,A,0,,,Y,,Y,,A,01,0,1,0,0,0,0,0,0,1,"- ","- ",,,"SAN FRANCISCO","SAN FRANCISCO",-122.40047454833984,37.766223907470703
9591610,2023,2023-07-21,3801,2023-06-08,1150,2715,NORTH,4,5,7,3801,0,0,0,,0,3E16C,"VAN NESS AV","JACKSON ST",60.00,N,N,A,-,Y,SF,4,101,-,-,6.210,H,-,S,N,4,0,2,3,A,-,03,22350,,N,C,C,A,A,H,-,A,A,0,,,,,Y,,A,08,0,0,2,0,0,0,0,0,0,"- ","- ",,,"SAN FRANCISCO","SAN FRANCISCO",-122.42322540283203,37.794227600097656
9591613,2023,2023-07-20,3801,2023-06-29,2259,1806,BAYVI,4,5,7,3801,0,0,0,,0,3C15E,"SAN BRUNO AV","OLMSTEAD ST",187.00,N,N,A,-,N,,,,,,,,,,Y,4,0,1,3,A,-,03,22350,,F,C,C,A,A,H,-,C,D,0,,,,,Y,,A,07,0,0,1,0,0,0,0,0,0,"- ","- ",,,"SAN FRANCISCO","SAN FRANCISCO",-122.40183258056641,37.723331451416016
9591618,2023,2023-07-12,3801,2023-06-09,1820,1336,NORTH,5,5,7,3801,0,0,0,,0,0E3,"POLK ST","CEDAR ST",0.00,,Y,A,-,N,,,,,,,,,,Y,2,0,1,2,A,-,03,22350,,F,D,B,-,A,H,-,A,A,0,Y,,,,Y,,D,23,1,0,0,0,1,0,0,0,0,"- ","- ",,,"SAN FRANCISCO","SAN FRANCISCO",-122.41983032226562,37.786373138427734
9591669,2023,2023-07-20,3801,2023-06-03,1206,186,TRAFF,6,5,7,3801,0,0,0,,0,,"HILTON ST","BAYSHORE BL",49.00,W,N,A,-,N,,,,,,,,,,N,2,0,1,3,A,-,10,21950,A,N,G,B,E,A,H,-,A,D,0,Y,,,,Y,,D,22,1,0,0,0,1,0,0,0,0,"- ","- ",,,"SAN FRANCISCO","SAN FRANCISCO",-122.40711212158203,37.738773345947266
9591696,2023,2023-07-13,3801,2023-06-28,"950 ",179,NORTH,3,5,7,3801,0,0,0,,0,3E12A,"FULTON ST","BUCHANAN ST",66.00,W,N,A,-,N,,,,,,,,,,Y,4,0,2,2,A,-,09,21804,A,N,D,C,A,-,-,-,A,A,0,,,,,Y,,A,01,0,0,2,0,0,0,0,0,0,"- ","- ",,,"SAN FRANCISCO","SAN FRANCISCO",-122.42860412597656,37.778079986572266
9591706,2023,2023-07-14,3801,2023-06-25,"800 ",283,MISSI,7,5,7,3801,0,0,0,,0,0D5,"MISSION ST","14TH ST",0.00,,Y,A,-,N,,,,,,,,,,N,3,0,1,2,A,-,10,21950,A,N,D,B,B,B,H,-,A,A,0,Y,,,,Y,,A,01,0,1,0,0,1,0,0,0,0,"- ","- ",,,"SAN FRANCISCO","SAN FRANCISCO",-122.41996765136719,37.768291473388672
9591713,2023,2023-07-13,3801,2023-06-24,1604,1810,MISSI,6,5,7,3801,0,0,0,,0,3D13D,"GUERRERO ST","22ND ST",0.00,,Y,A,-,N,,,,,,,,,,Y,4,0,5,6,D,-,00,,,N,D,J,B,A,H,-,A,A,0,Y,,,,Y,Y,-,"- ",0,0,5,0,4,0,0,0,0,"- ","- ",,,"SAN FRANCISCO","SAN FRANCISCO",-122.42317962646484,37.755180358886719
9591714,2023,2023-07-13,3801,2023-06-27,1155,1825,SOUTH,2,5,7,3801,0,0,0,,0,3B14A,"GOUGH ST","COLTON ST",103.00,S,N,A,-,N,,,,,,,,,,N,4,0,1,2,A,-,10,21950,A,N,G,B,C,A,H,-,A,D,0,Y,,,,Y,,-,,0,0,1,0,1,0,0,0,0,"- ","- ",,,"SAN FRANCISCO","SAN FRANCISCO",-122.42079162597656,37.772144317626953
9591718,2023,2023-07-13,3801,2023-06-29,1108,1131,BAYVI,4,5,7,3801,0,0,0,,0,,"18TH ST",MINNESOTA,0.00,,Y,B,-,N,,,,,,,,,,N,4,0,1,1,A,-,03,22350,,N,H,J,A,A,H,-,A,A,0,,Y,,,Y,,L,04,0,0,1,0,0,0,1,0,0,"- ","- ",,,"SAN FRANCISCO","SAN FRANCISCO",-122.39070892333984,37.762928009033203
9591719,2023,2023-08-01,3801,2023-06-28,1129,4305,NORTH,3,5,7,3801,0,0,0,,0,,"BAY ST","FRANKLIN ST",0.00,,Y,A,-,N,,,,,,,,,,Y,4,0,1,3,A,-,09,21801,A,N,D,C,A,A,H,-,A,A,0,,,,,Y,,A,01,0,0,1,0,0,0,0,0,0,"- ","- ",,,"SAN FRANCISCO","SAN FRANCISCO",-122.42674255371094,37.803951263427734
9591730,2023,2023-07-12,3801,2023-06-18,2310,2293,NORTH,7,5,7,3801,0,0,0,,0,006,"FRANKLIN ST","LOMBARD ST",0.00,,Y,A,-,N,,,,,,,,,,N,4,0,1,2,A,-,04,21703,,F,C,C,A,A,H,-,C,A,0,,,,,Y,,B,01,0,0,1,0,0,0,0,0,0,"- ","- ",,,"SAN FRANCISCO","SAN FRANCISCO",-122.42620086669922,37.801105499267578
9591740,2023,2023-07-12,3801,2023-06-21,1949,649,INGLE,3,5,7,3801,0,0,0,,0,,"MONTEREY BL","BADEN ST",0.00,,Y,A,-,N,,,,,,,,,,Y,4,0,1,2,A,-,12,22450,A,F,D,C,A,A,H,-,A,A,0,,,,,Y,,A,01,0,0,1,0,0,0,0,0,0,"- ","- ",,,"SAN FRANCISCO","SAN FRANCISCO",-122.43972778320312,37.731609344482422
9591741,2023,2023-07-12,3801,2023-06-21,"148 ",2148,MISSI,3,5,7,3801,0,0,0,,0,3D16E,"NOE ST","18TH ST",16.00,S,N,A,-,N,,,,,,,,,,N,4,0,1,2,A,-,21,22106,,N,D,C,A,A,H,-,C,D,0,,,,,Y,,A,01,0,0,1,0,0,0,0,0,0,"- ","- ",,,"SAN FRANCISCO","SAN FRANCISCO",-122.43277740478516,37.760967254638672
9591746,2023,2023-07-12,3801,2023-06-13,"745 ",392,MISSI,2,5,7,3801,0,0,0,,0,0D6,"SOUTH VAN NESS","17TH ST",20.00,S,N,B,-,N,,,,,,,,,,N,3,0,1,2,A,-,11,21453,D,N,D,B,D,A,H,-,A,A,0,Y,,,,Y,,N,60,0,1,0,0,1,0,0,0,0,"- ","- ",,,"SAN FRANCISCO","SAN FRANCISCO",-122.41733551025391,37.763504028320312
9591751,2023,2023-07-12,3801,2023-06-13,2120,317,CENTR,2,5,7,3801,0,0,0,,0,SECTOR,"POST ST","TAYLOR ST",180.00,E,N,A,-,N,,,,,,,,,,N,3,0,1,2,A,-,08,22107,,N,B,G,A,A,H,-,C,D,0,,Y,,,Y,,A,01,0,1,0,0,0,0,1,0,0,"- ","- ",,,"SAN FRANCISCO","SAN FRANCISCO",-122.41108703613281,37.787929534912109
9591840,2023,2023-07-18,3801,2023-05-16,"800 ",654,PARK,2,5,7,3801,0,0,0,,0,,"THE EMBARCADERO","WASHINGTON ST",0.00,,Y,A,-,N,,,,,,,,,,N,2,0,1,2,A,-,12,21453,A,N,D,-,A,A,H,-,A,A,0,,Y,,,Y,,L,04,1,0,0,0,0,0,1,0,0,"- ","- ",,,"SAN FRANCISCO","SAN FRANCISCO",-122.39556121826172,37.796642303466797
9593807,2023,2023-07-17,3801,2023-06-16,"430 ",2498,NORTH,5,5,7,3801,0,0,0,,0,3E15E,"LOMBARD ST","STEINER ST",0.00,,Y,A,-,N,,,,,,,,,,Y,4,0,1,2,A,-,04,21703,,N,C,C,A,A,H,-,C,D,0,,,,,Y,,A,07,0,0,1,0,0,0,0,0,0,"- ","- ",,,"SAN FRANCISCO","SAN FRANCISCO",-122.43769073486328,37.799640655517578
9593810,2023,2023-07-17,3801,2023-06-16,"714 ",47,TARAV,5,5,7,3801,0,0,0,,0,3I11A,"19TH AV","ULLOA ST",52.00,S,N,B,-,N,,,,,,,,,,Y,3,0,3,2,A,-,07,21658,A,N,B,C,A,A,H,-,A,A,0,,,,,Y,,A,01,0,1,2,0,0,0,0,0,0,"- ","- ",,,"SAN FRANCISCO","SAN FRANCISCO",-122.47556304931641,37.741046905517578
9600259,2023,2023-08-11,3801,2023-07-04,1520,2435,BAYVI,2,5,7,3801,0,0,0,,0,004,"SAN BRUNO AV","BURROWS ST",0.00,,Y,A,-,N,,,,,,,,,,Y,4,0,2,2,A,-,08,22102,,N,D,C,A,A,H,-,A,A,0,,,,,Y,,A,01,0,0,2,0,0,0,0,0,0,"- ","- ",,,"SAN FRANCISCO","SAN FRANCISCO",-122.40412139892578,37.728828430175781
9600307,2023,2023-08-24,3801,2023-06-27,1618,893,INGLE,2,5,7,3801,0,0,0,,0,3H13D,"GENEVA AV","DELANO AV",0.00,,Y,A,-,N,,,,,,,,,,N,3,0,1,2,A,-,10,21950,A,N,G,B,B,A,H,-,A,A,0,Y,,,,Y,,D,22,0,1,0,0,1,0,0,0,0,"- ","- ",,,"SAN FRANCISCO","SAN FRANCISCO",-122.44512939453125,37.720096588134766
9601820,2023,2023-09-21,3801,2023-08-17,"34  ",359,TARAV,4,5,7,3801,0,0,0,,0,3160,"19TH AV","LINCOLN WY",0.00,,Y,A,-,Y,SF,4,1,-,-,4.050,I,5,N,Y,3,0,1,2,A,-,12,21453,A,N,D,C,A,A,H,-,C,A,0,,,,,Y,,A,01,0,1,0,0,0,0,0,0,0,"- ","- ",,,"SAN FRANCISCO","SAN FRANCISCO",-122.47727966308594,37.765445709228516
9602185,2023,2023-08-11,3801,2023-07-19,1647,1666,PARK,3,5,7,3801,0,0,0,,0,4CAR,"14TH ST","SANCHEZ ST",0.00,,Y,A,-,N,,,,,,,,,,N,4,0,1,2,A,-,00,21212,A,N,D,B,E,A,H,-,A,A,0,Y,,,,Y,,N,60,0,0,1,0,1,0,0,0,0,"- ","- ",,,"SAN FRANCISCO","SAN FRANCISCO",-122.43118286132812,37.767601013183594
9602193,2023,2023-08-11,3801,2023-07-04,2040,233,MISSI,2,5,7,3801,0,0,0,,0,03D,"GUERRERO ST","24TH ST",0.00,,Y,B,-,N,,,,,,,,,,Y,4,0,1,2,A,-,12,21453,,F,D,C,A,A,H,-,C,A,0,,,,,Y,,A,01,0,0,1,0,0,0,0,0,0,"- ","- ",,,"SAN FRANCISCO","SAN FRANCISCO",-122.42286682128906,37.752002716064453
9602227,2023,2023-08-16,3801,2023-07-08,1402,1530,BAYVI,6,5,7,3801,0,0,0,,0,3C12A,"BAYSHORE BL","FLOWER ST",0.00,,Y,A,-,N,,,,,,,,,,Y,3,0,1,2,A,-,09,21801,A,N,A,C,A,A,H,-,A,A,0,,,,,Y,,A,07,0,1,0,0,0,0,0,0,0,"- ","- ",,,"SAN FRANCISCO","SAN FRANCISCO",-122.40565490722656,37.742500305175781
9602233,2023,2023-08-16,3801,2023-07-05,1110,2474,BAYVI,3,5,7,3801,0,0,0,,0,3C13A,"OAKDALE AV","3RD ST",32.00,E,N,A,-,N,,,,,,,,,,Y,3,0,4,3,A,-,03,22350,,N,A,C,A,A,H,-,A,A,0,,,,,Y,,A,01,0,2,2,0,0,0,0,0,0,"- ","- ",,,"SAN FRANCISCO","SAN FRANCISCO",-122.39067840576172,37.734779357910156
9602235,2023,2023-08-21,3801,2023-07-11,2146,460,INGLE,2,5,7,3801,0,0,0,,0,3H16E,"ALEMANY BL","NAGLEE AV",0.00,,Y,E,-,N,,,,,,,,,,Y,4,0,1,3,A,-,09,21802,A,N,D,C,A,A,H,-,C,-,0,,,,,Y,,A,01,0,0,1,0,0,0,0,0,0,"- ","- ",,,"SAN FRANCISCO","SAN FRANCISCO",-122.44901275634766,37.713943481445312
9602273,2023,2023-08-10,3801,2023-06-28,1514,307,NORTH,3,5,7,3801,0,0,0,,0,3E13D,"OFARRELL ST","POLK ST",151.00,W,N,A,-,N,,,,,,,,,,N,4,0,1,2,A,-,03,22350,,N,D,C,A,A,H,-,A,A,0,,,,,Y,,M,91,0,0,1,0,0,0,0,0,0,"- ","- ",,,"SAN FRANCISCO","SAN FRANCISCO",-122.42006683349609,37.784896850585938
9602274,2023,2023-08-10,3801,2023-06-23,2206,1926,NORTH,5,5,7,3801,0,0,0,,0,3E13E,"OFARRELL ST","VAN NESS AV",0.00,,Y,A,-,N,,,,,,,,,,N,2,0,1,3,A,-,12,21453,A,F,D,B,B,A,H,-,C,-,0,Y,,,,Y,,A,01,1,0,0,0,1,0,0,0,0,"- ","- ",,,"SAN FRANCISCO","SAN FRANCISCO",-122.42111968994141,37.784763336181641
9602275,2023,2023-08-10,3801,2023-06-02,1845,2293,NORTH,5,5,7,3801,0,0,0,,0,0E3,"FRANKLIN ST","REDWOOD ST",0.00,,Y,A,-,N,,,,,,,,,,N,4,0,1,2,A,-,04,21703,,N,C,C,A,A,H,-,A,A,0,,,,,Y,,B,01,0,0,1,0,0,0,0,0,0,"- ","- ",,,"SAN FRANCISCO","SAN FRANCISCO",-122.42198944091797,37.780361175537109
9602295,2023,2023-08-10,3801,2023-06-18,1853,2305,TRAFF,7,5,7,3801,0,0,0,,0,4B3F,"EMBARCADERO NORTH","KEARNY ST",37.00,S,N,A,-,N,,,,,,,,,,Y,4,0,1,2,A,-,03,22350,,F,D,G,A,A,H,-,A,A,0,,Y,,,Y,,A,01,0,0,1,0,0,0,1,0,0,"- ","- ",,,"SAN FRANCISCO","SAN FRANCISCO",-122.40719604492188,37.807353973388672
9603693,2023,2023-08-11,3801,2023-07-11,"430 ",255,INGLE,2,5,7,3801,0,0,0,,0,3H16E,"ALEMANY BL","NAGLEE AV",135.00,N,N,A,-,N,,,,,,,,,,N,2,0,1,2,A,-,11,21954,A,F,G,B,D,A,H,-,C,D,0,Y,,,,Y,,N,60,1,0,0,0,1,0,0,0,0,"- ","- ",,,"SAN FRANCISCO","SAN FRANCISCO",-122.44860076904297,37.714118957519531
9603790,2023,2023-08-22,3801,2023-07-06,"703 ",54,TARAV,4,5,7,3801,0,0,0,,0,3I15A,"SKYLINE BL","LAKE MERCED BL",292.00,N,N,A,-,N,,,,,,,,,,Y,4,0,2,2,A,-,09,21802,A,N,D,C,A,A,H,-,A,A,0,,,,,Y,,A,01,0,0,2,0,0,0,0,0,0,"- ","- ",,,"SAN FRANCISCO","SAN FRANCISCO",-122.498291015625,37.732147216796875
9603816,2023,2023-08-18,3801,2023-07-01,1355,1273,CENTR,6,5,7,3801,0,0,0,,0,3A2A,"KEARNY ST","PINE ST",0.00,,Y,A,-,N,,,,,,,,,,N,4,0,1,2,A,-,08,22107,,N,B,C,A,A,H,-,A,A,0,,,Y,,Y,,A,01,0,0,1,0,0,0,0,0,1,"- ","- ",,,"SAN FRANCISCO","SAN FRANCISCO",-122.40421295166016,37.791694641113281
9603820,2023,2023-09-05,3801,2023-07-22,2314,317,CENTR,6,5,7,3801,0,0,0,,0,SECTOR,"COLUMBUS AV","JONES ST",0.00,,Y,A,-,N,,,,,,,,,,Y,4,0,1,1,A,-,12,21453,A,F,H,I,A,A,H,-,C,A,0,,,,,Y,,A,01,0,0,1,0,0,0,0,0,0,"- ","- ",,,"SAN FRANCISCO","SAN FRANCISCO",-122.41680908203125,37.804924011230469
9603834,2023,2023-08-23,3801,2023-07-21,1710,2139,TARAV,5,5,7,3801,0,0,0,,0,901,"SLOAT BLVD","44TH AV",75.00,E,N,A,-,N,,,,,,,,,,Y,4,0,2,2,C,-,18,,,N,C,E,A,A,H,-,A,A,0,,,,,Y,,-,"- ",0,0,2,0,0,0,0,0,0,"- ","- ",,,"SAN FRANCISCO","SAN FRANCISCO",-122.50175476074219,37.735458374023438
9603835,2023,2023-08-17,3801,2023-07-16,2307,2186,INGLE,7,5,7,3801,0,0,0,,0,3H15E,"MISSION ST","COLLEGE TER",30.00,N,N,A,-,N,,,,,,,,,,Y,2,0,1,4,A,-,01,23153,,N,C,E,A,A,H,-,C,D,0,,,,,Y,Y,A,01,1,0,0,0,0,0,0,0,0,"- ","- ",,,"SAN FRANCISCO","SAN FRANCISCO",-122.42572784423828,37.734344482421875
9603837,2023,2023-08-24,3801,2023-07-14,1700,2479,BAYVI,5,5,7,3801,0,0,0,,0,3C15E,"LANE ST","REVERE AV",0.00,,Y,A,-,N,,,,,,,,,,N,2,0,1,2,A,-,10,21950,A,F,G,B,B,A,H,-,A,A,0,Y,,,,Y,,-,99,1,0,0,0,1,0,0,0,0,"- ","- ",,,"SAN FRANCISCO","SAN FRANCISCO",-122.39018249511719,37.731670379638672
9604453,2023,2023-08-11,3801,2023-06-28,1315,1994,TRAFF,3,5,7,3801,0,0,0,,0,4B3C,"JERROLD AV","NAPOLEON ST",37.00,S,N,A,-,N,,,,,,,,,,N,4,0,1,2,A,-,04,21703,,N,C,C,A,A,H,-,A,D,0,,,,,Y,,J,49,0,0,1,0,0,0,0,0,0,"- ","- ",,,"SAN FRANCISCO","SAN FRANCISCO",-122.40190887451172,37.74591064453125
9605312,2023,2024-01-25,3801,2023-11-30,1400,801,SOUTH,4,5,7,3801,0,0,0,,0,0B2,"4TH ST","HARRISON ST",0.00,,Y,A,-,Y,SF,4,80,-,-,4.914,R,4,W,N,4,0,1,2,A,-,08,22107,,F,D,C,A,A,H,-,A,A,0,,,Y,,Y,,-,99,0,0,1,0,0,0,0,0,1,"- ","- ",,,"SAN FRANCISCO","SAN FRANCISCO",-122.40031433105469,37.779399871826172
9606324,2023,2023-08-15,3801,2023-06-18,1853,4119,TRAFF,7,5,7,3801,0,0,0,,0,4B103,"EMBARCADERO SOUTH","HOWARD ST",0.00,,Y,A,-,N,,,,,,,,,,Y,3,0,2,1,A,-,03,22350,,M,A,I,A,A,H,-,A,A,0,,,,,Y,Y,A,07,0,2,0,0,0,0,0,0,0,"- ","- ",,,"SAN FRANCISCO","SAN FRANCISCO",-122.39119720458984,37.792331695556641
9607143,2023,2023-09-26,3801,2023-08-05,1352,4023,MISSI,6,5,7,3801,0,0,0,,0,006,"17TH ST","UTAH ST",94.00,E,N,A,-,N,,,,,,,,,,N,4,0,1,3,A,-,04,21703,,N,C,C,A,A,H,-,A,D,0,,,,,Y,,A,01,0,0,1,0,0,0,0,0,0,"- ","- ",,,"SAN FRANCISCO","SAN FRANCISCO",-122.40610504150391,37.764575958251953
9608419,2023,2023-08-17,3801,2023-07-17,1717,260,SOUTH,1,5,7,3801,0,0,0,,0,3B12D,"CLARA ST","6TH ST",0.00,,-,A,-,N,,,,,,,,,,N,4,0,1,2,A,-,06,21750,,F,C,G,A,A,D,-,A,D,0,,Y,,,Y,,A,07,0,0,1,0,0,0,1,0,0,"- ","- ",,,"SAN FRANCISCO","SAN FRANCISCO",-122.40460968017578,37.777706146240234