CASE_ID,ACCIDENT_YEAR,PROC_DATE,JURIS,COLLISION_DATE,COLLISION_TIME,OFFICER_ID,REPORTING_DISTRICT,DAY_OF_WEEK,CHP_SHIFT,POPULATION,CNTY_CITY_LOC,SPECIAL_COND,BEAT_TYPE,CHP_BEAT_TYPE,CITY_DIVISION_LAPD,CHP_BEAT_CLASS,BEAT_NUMBER,PRIMARY_RD,SECONDARY_RD,DISTANCE,DIRECTION,INTERSECTION,WEATHER_1,WEATHER_2,STATE_HWY_IND,CALTRANS_COUNTY,CALTRANS_DISTRICT,STATE_ROUTE,ROUTE_SUFFIX,POSTMILE_PREFIX,POSTMILE,LOCATION_TYPE,RAMP_INTERSECTION,SIDE_OF_HWY,TOW_AWAY,COLLISION_SEVERITY,NUMBER_KILLED,NUMBER_INJURED,PARTY_COUNT,PRIMARY_COLL_FACTOR,PCF_CODE_OF_VIOL,PCF_VIOL_CATEGORY,PCF_VIOLATION,PCF_VIOL_SUBSECTION,HIT_AND_RUN,TYPE_OF_COLLISION,MVIW,PED_ACTION,ROAD_SURFACE,ROAD_COND_1,ROAD_COND_2,LIGHTING,CONTROL_DEVICE,CHP_ROAD_TYPE,PEDESTRIAN_ACCIDENT,BICYCLE_ACCIDENT,MOTORCYCLE_ACCIDENT,TRUCK_ACCIDENT,NOT_PRIVATE_PROPERTY,ALCOHOL_INVOLVED,STWD_VEHTYPE_AT_FAULT,CHP_VEHTYPE_AT_FAULT,COUNT_SEVERE_INJ,COUNT_VISIBLE_INJ,COUNT_COMPLAINT_PAIN,COUNT_PED_KILLED,COUNT_PED_INJURED,COUNT_BICYCLIST_KILLED,COUNT_BICYCLIST_INJURED,COUNT_MC_KILLED,COUNT_MC_INJURED,PRIMARY_RAMP,SECONDARY_RAMP,LATITUDE,LONGITUDE,COUNTY,CITY,POINT_X,POINT_Y
9633796,2023,2024-01-06,3801,2023-10-06,"206 ",1463,SOUTH,5,5,7,3801,0,0,0,,0,0B2,"MISSION ST","YERBA BUENA LN",130.00,E,N,A,-,N,,,,,,,,,,N,3,0,1,2,A,-,11,21954,A,N,B,B,D,A,H,-,C,D,0,Y,,,,Y,Y,N,60,0,1,0,0,1,0,0,0,0,"- ","- ",,,"SAN FRANCISCO","SAN FRANCISCO",-122.40315246582031,37.785354614257812
9633801,2023,2023-12-04,3801,2023-10-26,1403,282,TARAV,4,5,7,3801,0,0,0,,0,3I2B,"LINCOLN WY","9TH AV",0.00,,Y,A,-,N,,,,,,,,,,N,3,0,1,2,A,-,10,21950,A,N,G,B,B,A,H,-,A,A,0,Y,,,,Y,,D,22,0,1,0,0,1,0,0,0,0,"- ","- ",,,"SAN FRANCISCO","SAN FRANCISCO",-122.46643829345703,37.765926361083984
9633819,2023,2023-12-04,3801,2023-10-02,1747,1119,SOUTH,1,5,7,3801,0,0,0,,0,BAYVIE,"17TH ST","CAROLINA ST",0.00,,N,A,-,N,,,,,,,,,,N,4,0,1,2,D,-,00,,,N,H,-,A,A,H,-,A,A,0,,,,,Y,,-,"- ",0,0,1,0,0,0,0,0,0,"- ","- ",,,"SAN FRANCISCO","SAN FRANCISCO",-122.40061950683594,37.764907836914062
9633820,2023,2023-11-22,3801,2023-10-25,1012,2722,CENTR,3,5,7,3801,0,0,0,,0,3A61,"SACRAMENTO ST","KEARNY ST",127.00,,N,A,-,N,,,,,,,,,,N,3,0,1,2,A,-,08,22107,,F,G,B,E,A,H,-,A,D,0,Y,,,,Y,Y,A,01,0,1,0,0,1,0,0,0,0,"- ","- ",,,"SAN FRANCISCO","SAN FRANCISCO",-122.40458679199219,37.793601989746094
9633824,2023,2023-11-22,3801,2023-10-24,1400,1242,CENTR,2,5,7,3801,0,0,0,,0,3A12A,"BUSH ST","MONTGOMERY ST",0.00,,Y,A,-,N,,,,,,,,,,N,4,0,1,2,A,-,09,21804,A,N,B,C,A,A,H,-,A,D,0,,,,,Y,,A,08,0,0,1,0,0,0,0,0,0,"- ","- ",,,"SAN FRANCISCO","SAN FRANCISCO",-122.40235900878906,37.790973663330078
9633833,2023,2023-11-22,3801,2023-10-23,1003,610,MISSI,1,5,7,3801,0,0,0,,0,3D41A,"MISSION ST","ERIE ST",0.00,,Y,A,-,N,,,,,,,,,,N,4,0,1,2,A,-,09,21801,A,N,D,C,A,A,H,-,A,D,0,,,Y,,Y,,A,07,0,0,1,0,0,0,0,0,1,"- ","- ",,,"SAN FRANCISCO","SAN FRANCISCO",-122.42003631591797,37.769065856933594
9633838,2023,2023-11-22,3801,2023-10-22,1514,1337,NORTH,7,5,7,3801,0,0,0,,0,0E3,"POST ST","POLK ST",150.00,W,N,B,-,N,,,,,,,,,,N,4,0,1,2,A,-,03,22350,,N,C,C,A,B,H,-,A,A,0,,,,,Y,,A,07,0,0,1,0,0,0,0,0,0,"- ","- ",,,"SAN FRANCISCO","SAN FRANCISCO",-122.42041015625,37.786766052246094
9633844,2023,2023-11-16,3801,2023-10-03,1723,2154,TARAV,2,5,7,3801,0,0,0,,0,014,"OCEAN AV","VICTORIA AVE",50.00,W,N,A,-,N,,,,,,,,,,N,2,0,2,2,A,-,00,21955,A,N,G,-,D,A,-,-,A,A,0,Y,Y,,,Y,,N,60,2,0,0,0,1,0,1,0,0,"- ","- ",,,"SAN FRANCISCO","SAN FRANCISCO",-122.46440124511719,37.726081848144531
9633850,2023,2023-11-17,3801,2023-10-20,1751,4239,PARK,5,5,7,3801,0,0,0,,0,3F14D,"17TH ST","17TH ST 4084",0.00,,N,A,-,N,,,,,,,,,,N,3,0,1,2,A,-,17,21209,,N,D,C,A,A,H,-,A,D,0,,,Y,,Y,,C,02,0,1,0,0,0,0,0,0,1,"- ","- ",,,"SAN FRANCISCO","SAN FRANCISCO",-122.437032,37.762382000000002
9633852,2023,2023-11-20,3801,2023-10-20,1021,1304,NORTH,5,5,7,3801,0,0,0,,0,3E13A,"GOUGH ST","FULTON ST",0.00,,Y,A,-,N,,,,,,,,,,N,3,0,1,2,A,-,08,22107,,N,-,C,A,A,-,-,A,A,0,,,Y,,Y,,A,01,0,1,0,0,0,0,0,0,1,"- ","- ",,,"SAN FRANCISCO","SAN FRANCISCO",-122.42334747314453,37.778751373291016
9633863,2023,2023-11-08,3801,2023-10-19,2130,2094,TENDE,4,5,7,3801,0,0,0,,0,,"HYDE ST","MCALLISTER ST",0.00,,Y,B,-,N,,,,,,,,,,N,4,0,1,2,A,-,09,21804,A,N,-,J,A,A,H,-,C,A,0,,,,,Y,,A,01,0,0,1,0,0,0,0,0,0,"- ","- ",,,"SAN FRANCISCO","SAN FRANCISCO",-122.41532135009766,37.780738830566406
9633874,2023,2023-11-08,3801,2023-10-17,2200,451,MISSI,2,5,7,3801,0,0,0,,0,3D15E,"MISISON ST","SYCAMORE ST",0.00,,Y,A,-,N,,,,,,,,,,N,3,0,1,2,A,-,08,22107,,N,B,C,A,A,H,-,C,D,0,,,Y,,Y,,A,01,0,1,0,0,0,0,0,0,1,"- ","- ",,,"SAN FRANCISCO","SAN FRANCISCO",-122.41945648193359,37.762722015380859
9634245,2023,2023-11-13,3801,2023-09-30,1330,1214,CENTR,6,5,7,3801,0,0,0,,0,3A42C,"BEACH ST","STOCKTON ST",123.00,S,N,A,-,N,,,,,,,,,,N,2,0,1,2,B,-,22,,,N,B,G,A,A,H,-,A,D,0,,Y,,,Y,,L,04,1,0,0,0,0,0,1,0,0,"- ","- ",,,"SAN FRANCISCO","SAN FRANCISCO",-122.41114044189453,37.807857513427734
9634249,2023,2023-11-13,3801,2023-09-30,"128 ",2035,MISSI,6,5,7,3801,0,0,0,,0,,"POTRERO AV","20TH ST",75.00,N,N,A,-,N,,,,,,,,,,Y,4,0,1,2,A,-,03,22350,,F,C,C,A,A,H,-,C,D,0,,,,,Y,,-,,0,0,1,0,0,0,0,0,0,"- ","- ",,,"SAN FRANCISCO","SAN FRANCISCO",-122.406982421875,37.759574890136719
9634255,2023,2023-11-13,3801,2023-09-30,"55  ",2748,INGLE,6,5,7,3801,0,0,0,,0,3H11E,"SAN JOSE AV","RANDALL ST",0.00,,Y,C,-,N,,,,,,,,,,Y,3,0,1,1,A,-,01,23152,A,N,F,I,A,B,H,-,C,A,0,,,,,Y,Y,A,01,0,1,0,0,0,0,0,0,0,"- ","- ",,,"SAN FRANCISCO","SAN FRANCISCO",-122.42426300048828,37.739860534667969
9634259,2023,2023-11-13,3801,2023-09-27,1206,4265,INGLE,3,5,7,3801,0,0,0,,0,3H13A,"MISSION ST","EXCELSIOR AV",0.00,,Y,A,-,N,,,,,,,,,,N,3,0,1,2,A,-,09,21801,B,N,D,-,A,A,H,-,A,A,0,,Y,,,Y,,L,04,0,1,0,0,0,0,1,0,0,"- ","- ",,,"SAN FRANCISCO","SAN FRANCISCO",-122.43363952636719,37.726234436035156
9634265,2023,2023-11-20,3801,2023-09-25,"705 ",1364,NORTH,1,5,7,3801,0,0,0,,0,3E1A,"DIVISADERO ST","HAIGHT ST",220.00,S,N,A,-,N,,,,,,,,,,Y,4,0,1,4,A,-,08,22107,,N,B,E,A,A,H,-,A,D,0,,,,,Y,,A,01,0,0,1,0,0,0,0,0,0,"- ","- ",,,"SAN FRANCISCO","SAN FRANCISCO",-122.43692016601562,37.770671844482422
9634543,2023,2024-01-11,3801,2023-11-18,"130 ",2147,NORTH,6,5,7,3801,0,0,0,,0,4CAR,BROADWAY,"OCTAVIA ST",0.00,,Y,C,-,N,,,,,,,,,,Y,4,0,3,2,A,-,12,22450,A,N,D,C,A,B,H,-,C,A,0,,,,,Y,,-,"- ",0,0,3,0,0,0,0,0,0,"- ","- ",,,"SAN FRANCISCO","SAN FRANCISCO",-122.4283447265625,37.795112609863281
9634695,2023,2024-01-23,3801,2023-11-24,"600 ",1892,BAYVI,5,5,7,3801,0,0,0,,0,3C15A,"GILMAN AV","ARELIOUS WALKER DR",388.00,W,N,A,-,N,,,,,,,,,,Y,4,0,1,2,A,-,07,21658,A,M,C,E,A,A,H,-,C,A,0,,,,,Y,,A,01,0,0,1,0,0,0,0,0,0,"- ","- ",,,"SAN FRANCISCO","SAN FRANCISCO",-122.38735198974609,37.717788696289062
9634698,2023,2024-01-23,3801,2023-11-22,2254,524,INGLE,3,5,7,3801,0,0,0,,0,3H15E,"OCEAN AV","OTSEGO AV",0.00,,Y,A,-,N,,,,,,,,,,Y,4,0,1,2,A,-,05,21650,A,F,D,D,A,A,H,-,C,A,0,,,,,Y,,A,01,0,0,1,0,0,0,0,0,0,"- ","- ",,,"SAN FRANCISCO","SAN FRANCISCO",-122.44104766845703,37.72332763671875
9634714,2023,2024-02-23,3801,2023-11-20,1734,2154,TARAV,1,5,7,3801,0,0,0,,0,3I2D,"ULLOA ST","32ND AV",0.00,,Y,A,-,N,,,,,,,,,,N,3,0,1,2,A,-,11,21954,A,N,-,B,E,A,H,-,C,D,0,Y,,,,Y,,N,60,0,1,0,0,1,0,0,0,0,"- ","- ",,,"SAN FRANCISCO","SAN FRANCISCO",-122.48947143554688,37.740581512451172
9634716,2023,2024-09-24,3801,2023-11-19,2050,2455,CENTR,7,5,7,3801,0,0,0,,0,,"SACRAMENTO ST","BATTERY ST",0.00,,Y,A,-,N,,,,,,,,,,Y,4,0,2,2,A,-,12,21453,A,N,D,C,A,A,H,-,C,A,0,,,,,Y,,-,"- ",0,0,2,0,0,0,0,0,0,"- ","- ",,,"SAN FRANCISCO","SAN FRANCISCO",-122.40016174316406,37.794178009033203
9634733,2023,2024-01-20,3801,2023-11-07,1758,2222,NORTH,2,5,7,3801,0,0,0,,0,3E11D,"GROVE ST","GOUGH ST",0.00,,Y,A,-,N,,,,,,,,,,N,4,0,1,2,A,-,06,21751,,M,H,A,A,A,H,-,C,A,0,,,Y,,Y,,A,01,0,0,1,0,0,0,0,0,1,"- ","- ",,,"SAN FRANCISCO","SAN FRANCISCO",-122.42316436767578,37.777805328369141
9634739,2023,2024-01-20,3801,2023-11-13,1707,1825,SOUTH,1,5,7,3801,0,0,0,,0,3B12A,"HARRISON ST","9TH ST",117.00,E,N,A,-,N,,,,,,,,,,N,4,0,1,2,A,-,17,21235,G,N,D,C,A,A,H,-,C,D,0,,,,,Y,,-,,0,0,1,0,0,0,0,0,0,"- ","- ",,,"SAN FRANCISCO","SAN FRANCISCO",-122.40975189208984,37.772750854492188
9634760,2023,2023-12-20,3801,2023-11-10,1816,2392,MISSI,5,5,7,3801,0,0,0,,0,MISSIO,"POTRERO AV","MARIPOSA ST",0.00,,Y,A,-,N,,,,,,,,,,N,2,0,1,2,A,-,11,21453,D,F,G,B,B,A,H,-,C,A,0,Y,,,,Y,Y,N,60,1,0,0,0,1,0,0,0,0,"- ","- ",,,"SAN FRANCISCO","SAN FRANCISCO",-122.40734100341797,37.763206481933594
9634791,2023,2024-01-20,3801,2023-11-09,1406,1669,TENDE,4,5,7,3801,0,0,0,,0,3J92C,"OFARRELL ST","TAYLOR ST",0.00,,Y,A,-,N,,,,,,,,,,N,4,0,1,2,A,-,10,21950,A,N,G,B,B,A,H,-,A,A,0,Y,,,,Y,Y,A,01,0,0,1,0,1,0,0,0,0,"- ","- ",,,"SAN FRANCISCO","SAN FRANCISCO",-122.41132354736328,37.786022186279297
9635311,2023,2024-01-22,3801,2023-11-16,2215,1871,INGLE,4,5,7,3801,0,0,0,,0,901,"MISSION ST","SAINT MARYS AV",0.00,,Y,C,-,N,,,,,,,,,,Y,4,0,3,2,A,-,04,21703,,F,C,-,A,B,H,-,C,A,0,,,,,Y,,A,01,0,0,3,0,0,0,0,0,0,"- ","- ",,,"SAN FRANCISCO","SAN FRANCISCO",-122.42611694335938,37.73394775390625
9635490,2023,2023-12-13,3801,2023-01-04,1755,2113,BAYVI,3,5,7,3801,0,0,0,,0,3C12E,"BAYSHORE BL","JERROLD AV",460.00,S,N,C,G,N,,,,,,,,,,N,4,0,1,2,D,-,00,,,F,B,C,A,B,H,-,C,D,0,,,,,Y,,-,"- ",0,0,1,0,0,0,0,0,0,"- ","- ",,,"SAN FRANCISCO","SAN FRANCISCO",-122.40381622314453,37.746139526367188
9635981,2023,2024-02-12,3801,2023-12-25,2047,469,MISSI,1,5,7,3801,0,0,0,,0,3D12D,VALENCIA,"17TH ST",0.00,,Y,A,-,N,,,,,,,,,,N,3,0,1,2,A,-,12,21453,,N,D,G,A,A,H,-,C,A,0,,Y,,,Y,,L,04,0,1,0,0,0,0,1,0,0,"- ","- ",,,"SAN FRANCISCO","SAN FRANCISCO",-122.42173767089844,37.763298034667969
9636243,2023,2024-02-13,3801,2023-12-21,1952,654,,4,5,7,3801,0,0,0,,0,3H11D,"RICHLAND AV","MURRAY ST",0.00,,Y,A,-,N,,,,,,,,,,Y,4,0,1,2,A,-,09,21800,A,N,D,C,A,A,H,-,C,A,0,,,,,Y,,A,01,0,0,1,0,0,0,0,0,0,"- ","- ",,,"SAN FRANCISCO","SAN FRANCISCO",-122.42015075683594,37.735759735107422
9636253,2023,2024-02-12,3801,2023-12-20,1440,282,,3,5,7,3801,0,0,0,,0,3I1B,"SUMMIT WY","BROTHERHOOD WY",0.00,,N,F,-,N,,,,,,,,,,N,4,0,1,2,D,-,00,,,N,G,B,F,-,G,-,A,D,0,Y,,,,Y,,-,"- ",0,0,1,0,1,0,0,0,0,"- ","- ",,,"SAN FRANCISCO","SAN FRANCISCO",-122.47457885742188,37.713619232177734
9636258,2023,2024-02-12,3801,2023-12-20,1214,2494,,3,5,7,3801,0,0,0,,0,3J12A,"MARKET ST","6TH ST",0.00,,N,B,-,N,,,,,,,,,,N,4,0,1,1,C,-,18,,,N,H,A,A,B,H,-,A,D,0,,,,,Y,,-,"- ",0,0,1,0,0,0,0,0,0,"- ","- ",,,"SAN FRANCISCO","SAN FRANCISCO",-122.41030120849609,37.782241821289062
9636277,2023,2024-02-20,3801,2023-12-20,1825,2355,TARAV,3,5,7,3801,0,0,0,,0,0I6,"BEVERLY ST","GARFIELD ST",0.00,,Y,A,-,N,,,,,,,,,,N,2,0,1,2,A,-,10,21950,A,N,D,B,B,A,H,-,C,D,0,Y,,,,Y,,A,01,1,0,0,0,1,0,0,0,0,"- ","- ",,,"SAN FRANCISCO","SAN FRANCISCO",-122.47168731689453,37.7196044921875
9636280,2023,2024-02-20,3801,2023-12-11,1640,2398,NORTH,1,5,7,3801,0,0,0,,0,02E,"STEINER ST","GEARY BL",0.00,,Y,A,-,N,,,,,,,,,,Y,3,0,1,2,A,-,09,21800,A,N,D,C,A,A,H,-,A,A,0,,,Y,,Y,,C,02,0,1,0,0,0,0,0,0,1,"- ","- ",,,"SAN FRANCISCO","SAN FRANCISCO",-122.43457794189453,37.784320831298828
9636285,2023,2024-02-27,3801,2023-12-17,"307 ",318,INGLE,7,5,7,3801,0,0,0,,0,005,"ALEMANY BL","SICKLES AV",0.00,,N,A,-,N,,,,,,,,,,Y,4,0,1,3,A,-,08,22107,,N,B,E,A,A,H,-,C,A,0,,,,,Y,,A,07,0,0,1,0,0,0,0,0,0,"- ","- ",,,"SAN FRANCISCO","SAN FRANCISCO",-122.45491790771484,37.710514068603516
9636289,2023,2024-02-27,3801,2023-12-18,"238 ",1308,SOUTH,1,5,7,3801,0,0,0,,0,3B11E,"EMBARCADERO BL","MISSION ST",0.00,,Y,C,-,N,,,,,,,,,,Y,3,0,2,2,A,-,03,22350,A,N,C,C,A,B,H,-,C,A,0,,,,,Y,,A,01,0,1,1,0,0,0,0,0,0,"- ","- ",,,"SAN FRANCISCO","SAN FRANCISCO",-122.39263153076172,37.793708801269531
9636291,2023,2024-02-29,3801,2023-12-17,"239 ",2486,TARAV,7,5,7,3801,0,0,0,,0,,"LAKEVIEW AV","JOSIAH AV",0.00,,Y,A,-,N,,,,,,,,,,Y,4,0,1,2,A,-,05,21650,,F,B,C,A,A,G,-,C,D,0,,,,,Y,Y,A,01,0,0,1,0,0,0,0,0,0,"- ","- ",,,"SAN FRANCISCO","SAN FRANCISCO",-122.45338439941406,37.717750549316406
9636293,2023,2024-02-29,3801,2023-12-13,2200,1605,NORTH,3,5,7,3801,0,0,0,,0,3E11D,"FILLMORE ST","HAYES ST",0.00,,Y,A,-,N,,,,,,,,,,N,3,0,1,2,A,-,08,22107,,N,D,G,A,A,H,-,C,A,0,,Y,,,Y,,A,01,0,1,0,0,0,0,1,0,0,"- ","- ",,,"SAN FRANCISCO","SAN FRANCISCO",-122.43118286132812,37.775825500488281
9636298,2023,2024-02-29,3801,2023-12-14,1859,2222,NORTH,4,5,7,3801,0,0,0,,0,3E12D,"FRANKLIN ST","GROVE ST",15.00,S,N,A,-,N,,,,,,,,,,Y,4,0,1,2,A,-,04,21703,,N,C,C,A,A,H,-,C,A,0,,,,,Y,,-,,0,0,1,0,0,0,0,0,0,"- ","- ",,,"SAN FRANCISCO","SAN FRANCISCO",-122.4215087890625,37.777980804443359
9636307,2023,2024-02-14,3801,2023-12-14,"832 ",1457,TARAV,4,5,7,3801,0,0,0,,0,001,"17TH AV","RIVERA ST",0.00,,Y,A,-,N,,,,,,,,,,N,4,0,1,2,A,-,10,21950,A,F,G,B,B,A,H,-,A,D,0,Y,,,,Y,,A,01,0,0,1,0,1,0,0,0,0,"- ","- ",,,"SAN FRANCISCO","SAN FRANCISCO",-122.47383880615234,37.746845245361328
9636310,2023,2024-02-15,3801,2023-12-12,1215,2348,INGLE,2,5,7,3801,0,0,0,,0,3H16A,"SCHWERIN ST","SUNNYDALE AV",0.00,,Y,A,-,N,,,,,,,,,,Y,4,0,1,2,A,-,08,22107,,F,D,C,A,A,H,-,A,A,0,,,,,Y,,A,01,0,0,1,0,0,0,0,0,0,"- ","- ",,,"SAN FRANCISCO","SAN FRANCISCO",-122.41134643554688,37.710567474365234
9637528,2023,2023-12-22,3801,2023-11-21,1725,312,TARAV,2,5,7,3801,0,0,0,,0,1CAR,"19TH AV","JUDAH ST",248.00,S,N,A,-,Y,SF,4,1,-,-,3.740,H,-,S,N,4,0,1,1,A,-,03,22350,,N,F,A,A,-,H,-,A,D,0,,,Y,,Y,,C,02,0,0,1,0,0,0,0,0,1,"- ","- ",,,"SAN FRANCISCO","SAN FRANCISCO",-122.47704315185547,37.761104583740234
9638017,2023,2023-11-28,3800,2023-10-25,1030,2397,PARK,3,5,7,3801,0,0,0,,0,,"WOODSIDE AV","PORTOLA DR",0.00,,N,A,-,N,,,,,,,,,,Y,4,0,1,3,A,-,07,21658,A,N,B,E,A,A,H,-,A,A,0,,,,,Y,,A,01,0,0,1,0,0,0,0,0,0,"- ","- ",,,"SAN FRANCISCO","SAN FRANCISCO",-122.4517822265625,37.745586395263672
9638064,2023,2023-12-08,3801,2023-11-24,"637 ",2728,TEND,5,5,7,3801,0,0,0,,0,908,"GOLDEN GATE AV","LEAVENWORTH ST",0.00,,Y,A,-,N,,,,,,,,,,N,4,0,1,2,A,-,17,21657,,N,F,C,A,A,H,-,B,A,0,,,,,Y,,M,94,0,0,1,0,0,0,0,0,0,"- ","- ",,,"SAN FRANCISCO","SAN FRANCISCO",-122.41385650634766,37.781875610351562
9640225,2023,2024-02-27,3801,2023-12-11,1450,104,TRAFF,1,5,7,3801,0,0,0,,0,4B4F,"13TH ST","TRAINOR ST",89.00,W,N,A,-,N,,,,,,,,,,Y,1,1,1,5,A,-,21,22106,,N,G,B,F,A,H,-,A,D,0,Y,,Y,,Y,,A,01,0,0,1,1,0,0,0,0,0,"- ","- ",,,"SAN FRANCISCO","SAN FRANCISCO",-122.41477966308594,37.769496917724609
9641809,2023,2023-12-11,3801,2023-10-31,1706,649,INGLE,2,5,7,3801,0,0,0,,0,3H13D,"ALEMANY BL","SICKLES AV",0.00,,Y,A,-,N,,,,,,,,,,Y,4,0,2,2,A,-,09,21801,A,N,D,C,A,A,H,-,A,A,0,,,,,Y,,A,01,0,0,2,0,0,0,0,0,0,"- ","- ",,,"SAN FRANCISCO","SAN FRANCISCO",-122.45491790771484,37.710514068603516
9641811,2023,2023-12-11,3801,2023-10-29,"601 ",1068,SOUTH,7,5,7,3801,0,0,0,,0,,"16TH ST","RHODE ISLAND ST",0.00,,Y,A,-,N,,,,,,,,,,Y,4,0,2,2,A,-,12,21453,A,F,D,C,A,A,H,-,C,A,0,,,,,Y,,A,01,0,0,2,0,0,0,0,0,0,"- ","- ",,,"SAN FRANCISCO","SAN FRANCISCO",-122.40267944335938,37.766098022460938
9641831,2023,2023-12-08,3801,2023-10-29,1522,2139,TARAV,7,5,7,3801,0,0,0,,0,3801,"OCEAN AV","BRIGHTON AV",0.00,,Y,A,-,N,,,,,,,,,,N,4,0,1,2,D,-,00,,,N,G,B,B,A,H,-,A,A,0,Y,,,,Y,,-,"- ",0,0,1,0,1,0,0,0,0,"- ","- ",,,"SAN FRANCISCO","SAN FRANCISCO",-122.45513916015625,37.723697662353516
9641839,2023,2023-12-08,3801,2023-10-30,1250,390,PARK,1,5,7,3801,0,0,0,,0,001,"LINCOLN WY","LINCOLN WY 243",0.00,,N,A,-,N,,,,,,,,,,Y,4,0,2,2,A,-,03,22350,,N,C,C,A,A,H,-,A,D,0,,,,,Y,,-,,0,0,2,0,0,0,0,0,0,"- ","- ",37.455799102783203,-122.27391815185547,"SAN FRANCISCO","SAN FRANCISCO",,
9641840,2023,2023-12-13,3801,2023-10-28,2015,1784,TENDE,6,5,7,3801,0,0,0,,0,3J15D,"TURK ST","POLK ST",200.00,E,N,A,-,N,,,,,,,,,,Y,4,0,1,2,C,-,18,,,N,-,E,A,A,H,-,C,A,0,,,,,Y,Y,-,"- ",0,0,1,0,0,0,0,0,0,"- ","- ",,,"SAN FRANCISCO","SAN FRANCISCO",-122.41831970214844,37.782257080078125
9641873,2023,2024-01-23,3801,2023-11-07,"900 ",4286,RICHM,2,5,7,3801,0,0,0,,0,0G3,"CLEMENT ST","4TH AV",0.00,,Y,A,-,N,,,,,,,,,,N,4,0,1,2,A,-,10,21950,A,N,G,B,B,A,H,-,A,D,0,Y,,,,Y,,A,07,0,0,1,0,1,0,0,0,0,"- ","- ",,,"SAN FRANCISCO","SAN FRANCISCO",-122.4622802734375,37.783042907714844
9641878,2023,2024-01-23,3801,2023-11-03,"139 ",1207,TENDE,5,5,7,3801,0,0,0,,0,,"MARKET ST","3RD ST",0.00,,-,A,-,N,,,,,,,,,,N,3,0,1,1,A,-,17,21235,G,N,E,A,A,A,H,-,C,D,0,,,Y,,Y,Y,C,03,0,1,0,0,0,0,0,0,1,"- ","- ",,,"SAN FRANCISCO","SAN FRANCISCO",-122.40345764160156,37.787662506103516
9642023,2023,2024-01-17,3801,2023-11-04,2010,2459,,6,5,7,3801,0,0,0,,0,3B14D,"9TH ST","HOFF ST",0.00,,Y,A,-,N,,,,,,,,,,Y,4,0,1,2,A,-,12,21453,A,N,D,B,B,A,H,-,C,A,0,Y,,,,Y,Y,A,01,0,0,1,0,1,0,0,0,0,"- ","- ",,,"SAN FRANCISCO","SAN FRANCISCO",,
9642045,2023,2024-01-23,3801,2023-11-09,1004,1696,NORTH,4,5,7,3801,0,0,0,,0,3E13A,"TURK ST","POLK ST",0.00,,Y,A,-,N,,,,,,,,,,N,2,0,1,2,A,-,11,21453,D,N,G,B,-,A,H,-,A,A,0,Y,,,,Y,,N,60,1,0,0,0,1,0,0,0,0,"- ","- ",,,"SAN FRANCISCO","SAN FRANCISCO",-122.41899871826172,37.782169342041016
9642047,2023,2024-01-23,3801,2023-11-08,1115,4294,NORTH,3,5,7,3801,0,0,0,,0,0E2,"DIVISADERO ST","GOLDEN GATE AV",0.00,,Y,A,-,N,,,,,,,,,,N,4,0,1,2,A,-,10,21950,A,N,G,B,B,A,H,-,A,A,0,Y,,,,Y,,A,07,0,0,1,0,1,0,0,0,0,"- ","- ",,,"SAN FRANCISCO","SAN FRANCISCO",-122.43853759765625,37.778732299804688
9642050,2023,2024-01-23,3801,2023-11-07,1611,893,INGLE,2,5,7,3801,0,0,0,,0,3H13D,"FRIDA KAHLO WY","JUDSON AV",0.00,,Y,A,-,N,,,,,,,,,,N,4,0,1,2,A,-,21,22106,,N,H,E,A,A,H,-,A,D,0,,,,,Y,,A,07,0,0,1,0,0,0,0,0,0,"- ","- ",,,"SAN FRANCISCO","SAN FRANCISCO",-122.45243072509766,37.728504180908203
9642055,2023,2024-01-23,3801,2023-11-04,"758 ",2124,MISSI,6,5,7,3801,0,0,0,,0,3D13A,"GUERRERO ST","14TH ST",0.00,,Y,A,-,N,,,,,,,,,,Y,3,0,1,2,A,-,12,21453,,F,D,C,A,A,H,-,A,A,0,,,,,Y,,A,01,0,1,0,0,0,0,0,0,0,"- ","- ",,,"SAN FRANCISCO","SAN FRANCISCO",-122.42440795898438,37.768024444580078
9646225,2023,2024-01-12,3801,2023-11-20,"956 ",1316,RICHM,1,5,7,3801,0,0,0,,0,3G15A,"BALBOA ST","7TH AV",0.00,,Y,A,-,N,,,,,,,,,,N,3,0,1,2,A,-,12,22450,A,N,H,G,A,A,H,-,A,A,0,,Y,,,Y,,A,01,0,1,0,0,0,0,1,0,0,"- ","- ",,,"SAN FRANCISCO","SAN FRANCISCO",-122.46507263183594,37.777194976806641
9646229,2023,2024-01-12,3801,2023-11-25,1450,2088,INGLE,6,5,7,3801,0,0,0,,0,3H2A,"SAN JOSE AV","HIGHLAND AV OVERPASS",250.00,N,N,A,-,N,,,,,,,,,,N,2,0,1,2,A,-,05,21650,,F,A,C,A,A,H,-,A,D,0,,Y,,,Y,,L,04,1,0,0,0,0,0,0,0,0,"- ","- ",,,"SAN FRANCISCO","SAN FRANCISCO",-122.42485046386719,37.738246917724609
9646729,2023,2024-02-13,3801,2023-12-22,2108,2474,BAYVI,5,5,7,3801,0,0,0,,0,3C15E,"UNDERWOOD AV","KEITH ST",139.00,E,N,A,-,N,,,,,,,,,,Y,3,0,2,2,A,-,01,23152,A,F,A,C,A,A,H,-,C,D,0,,,,,Y,Y,A,01,0,1,1,0,0,0,0,0,0,"- ","- ",,,"SAN FRANCISCO","SAN FRANCISCO",-122.38961029052734,37.728507995605469