CASE_ID,ACCIDENT_YEAR,PROC_DATE,JURIS,COLLISION_DATE,COLLISION_TIME,OFFICER_ID,REPORTING_DISTRICT,DAY_OF_WEEK,CHP_SHIFT,POPULATION,CNTY_CITY_LOC,SPECIAL_COND,BEAT_TYPE,CHP_BEAT_TYPE,CITY_DIVISION_LAPD,CHP_BEAT_CLASS,BEAT_NUMBER,PRIMARY_RD,SECONDARY_RD,DISTANCE,DIRECTION,INTERSECTION,WEATHER_1,WEATHER_2,STATE_HWY_IND,CALTRANS_COUNTY,CALTRANS_DISTRICT,STATE_ROUTE,ROUTE_SUFFIX,POSTMILE_PREFIX,POSTMILE,LOCATION_TYPE,RAMP_INTERSECTION,SIDE_OF_HWY,TOW_AWAY,COLLISION_SEVERITY,NUMBER_KILLED,NUMBER_INJURED,PARTY_COUNT,PRIMARY_COLL_FACTOR,PCF_CODE_OF_VIOL,PCF_VIOL_CATEGORY,PCF_VIOLATION,PCF_VIOL_SUBSECTION,HIT_AND_RUN,TYPE_OF_COLLISION,MVIW,PED_ACTION,ROAD_SURFACE,ROAD_COND_1,ROAD_COND_2,LIGHTING,CONTROL_DEVICE,CHP_ROAD_TYPE,PEDESTRIAN_ACCIDENT,BICYCLE_ACCIDENT,MOTORCYCLE_ACCIDENT,TRUCK_ACCIDENT,NOT_PRIVATE_PROPERTY,ALCOHOL_INVOLVED,STWD_VEHTYPE_AT_FAULT,CHP_VEHTYPE_AT_FAULT,COUNT_SEVERE_INJ,COUNT_VISIBLE_INJ,COUNT_COMPLAINT_PAIN,COUNT_PED_KILLED,COUNT_PED_INJURED,COUNT_BICYCLIST_KILLED,COUNT_BICYCLIST_INJURED,COUNT_MC_KILLED,COUNT_MC_INJURED,PRIMARY_RAMP,SECONDARY_RAMP,LATITUDE,LONGITUDE,COUNTY,CITY,POINT_X,POINT_Y
9646749,2023,2024-02-12,3801,2023-12-21,1050,1917,TARAV,4,5,7,3801,0,0,0,,0,3I4A,"HOLLOWAY AV","19TH AV",0.00,,Y,A,-,N,,,,,,,,,,Y,4,0,2,2,A,-,09,21801,A,N,D,C,A,A,H,-,A,A,0,,,,,Y,,A,07,0,0,2,0,0,0,0,0,0,"- ","- ",,,"SAN FRANCISCO","SAN FRANCISCO",-122.47537231445312,37.720954895019531
9646753,2023,2024-02-13,3801,2023-12-18,1646,812,BAYVI,1,5,7,3801,0,0,0,,0,,"MARIPOSA ST","TEXAS ST",0.00,,Y,C,-,N,,,,,,,,,,N,4,0,1,2,A,-,21,22106,,N,B,C,A,B,H,-,A,D,0,,,,,Y,,A,07,0,0,1,0,0,0,0,0,0,"- ","- ",,,"SAN FRANCISCO","SAN FRANCISCO",-122.39569854736328,37.763919830322266
9647807,2023,2024-01-11,3801,2023-11-05,"310 ",2498,NORTH,7,5,7,3801,0,0,0,,0,3E13E,"FRANKLIN ST","TURK ST",0.00,,Y,A,-,N,,,,,,,,,,Y,2,0,4,3,A,-,12,21453,A,F,D,C,A,A,H,-,C,A,0,,,,Y,Y,,-,,1,2,1,0,0,0,0,0,0,"- ","- ",,,"SAN FRANCISCO","SAN FRANCISCO",-122.42224884033203,37.781730651855469
9647823,2023,2023-12-28,3801,2023-10-22,"905 ",4370,INGLE,7,5,7,3801,0,0,0,,0,3G15A,"BRAZIL AV","ATHENS ST",27.00,W,N,B,-,N,,,,,,,,,,Y,3,0,1,5,D,-,00,,,N,C,E,A,A,H,-,A,A,0,,,,,Y,,-,"- ",0,1,0,0,0,0,0,0,0,"- ","- ",,,"SAN FRANCISCO","SAN FRANCISCO",-122.42851257324219,37.721675872802734
9649639,2023,2024-01-11,3801,2023-11-06,1740,1666,PARK,1,5,7,3801,0,0,0,,0,4CAR,"CASTRO ST","BEAVER ST",0.00,,Y,A,-,N,,,,,,,,,,N,4,0,1,2,A,-,06,21755,A,N,D,C,A,A,H,-,C,A,0,,,Y,,Y,,C,03,0,0,1,0,0,0,0,0,1,"- ","- ",,,"SAN FRANCISCO","SAN FRANCISCO",-122.43540954589844,37.764991760253906
9649640,2023,2024-01-11,3801,2023-11-02,1820,1933,TENDE,4,5,7,3801,0,0,0,,0,3J11D,"6TH ST","MARKET ST",0.00,,Y,A,-,N,,,,,,,,,,N,4,0,1,2,A,-,10,21950,A,N,G,B,B,A,H,-,B,A,0,Y,,,,Y,,A,08,0,0,1,0,1,0,0,0,0,"- ","- ",,,"SAN FRANCISCO","SAN FRANCISCO",-122.41030120849609,37.782241821289062
9650241,2023,2024-01-11,3801,2023-11-05,2500,1911,RICHM,7,5,7,3801,0,0,0,,0,RICHMO,"LYON ST","POST ST",0.00,,Y,C,-,N,,,,,,,,,,Y,4,0,1,2,A,-,09,21801,A,N,A,C,A,B,H,-,C,A,0,,,,,Y,,A,01,0,0,1,0,0,0,0,0,0,"- ","- ",,,"SAN FRANCISCO","SAN FRANCISCO",-122.44464874267578,37.783672332763672
9650244,2023,2024-01-11,3801,2023-11-10,1455,1214,CENTR,5,5,7,3801,0,0,0,,0,3A42C,"STOCKTON ST","UNION ST",97.00,N,N,A,-,N,,,,,,,,,,N,2,0,1,2,A,-,10,21950,,N,G,B,D,A,H,-,A,A,0,Y,,,,Y,,N,60,1,0,0,0,1,0,0,0,0,"- ","- ",,,"SAN FRANCISCO","SAN FRANCISCO",-122.40921783447266,37.800693511962891
9650251,2023,2024-01-11,3801,2023-11-27,2211,2097,MISSI,1,5,7,3801,0,0,0,,0,3D15E,"MISSION ST","14TH ST",0.00,,Y,A,-,N,,,,,,,,,,,4,0,1,2,A,-,12,21453,,F,D,G,A,A,H,-,C,A,0,,Y,,,Y,,A,01,0,0,1,0,0,0,1,0,0,"- ","- ",,,"SAN FRANCISCO","SAN FRANCISCO",-122.41996765136719,37.768291473388672
9650260,2023,2024-01-11,3801,2023-11-27,"900 ",1580,SOUTH,1,5,7,3801,0,0,0,,0,3B14A,KING,"3RD ST",0.00,,Y,A,-,N,,,,,,,,,,N,4,0,1,2,A,-,11,21453,D,F,G,B,B,A,H,-,A,A,0,Y,,,,Y,,N,60,0,0,1,0,1,0,0,0,0,"- ","- ",,,"SAN FRANCISCO","SAN FRANCISCO",-122.39195251464844,37.778202056884766
9650275,2023,2024-02-13,3801,2023-12-03,1148,2289,NORTH,7,5,7,3801,0,0,0,,0,3E14A,"VALLEJO ST","VAN NESS AV",100.00,E,N,B,-,N,,,,,,,,,,N,4,0,1,2,A,-,06,21750,A,N,B,C,A,A,H,-,A,D,0,,,Y,,Y,,C,02,0,0,1,0,0,0,0,0,1,"- ","- ",,,"SAN FRANCISCO","SAN FRANCISCO",-122.42318725585938,37.796737670898438
9650279,2023,2024-02-13,3801,2023-12-02,"30  ",2441,INGLE,6,5,7,3801,0,0,0,,0,3H16E,"BAY SHORE BL","VISITACION AV",0.00,,Y,C,-,N,,,,,,,,,,Y,4,0,1,2,A,-,12,21453,A,F,D,C,A,B,H,-,C,A,0,,,,,Y,,A,01,0,0,1,0,0,0,0,0,0,"- ","- ",,,"SAN FRANCISCO","SAN FRANCISCO",-122.40432739257812,37.710441589355469
9650283,2023,2024-02-23,3801,2023-12-08,1026,2706,MISSI,5,5,7,3801,0,0,0,,0,3D11A,"CHURCH ST","CESAR CHAVEZ ST",0.00,,Y,A,-,N,,,,,,,,,,N,3,0,1,2,A,-,12,22450,,N,-,-,A,A,H,-,A,A,0,,Y,,,Y,,L,04,0,1,0,0,0,0,1,0,0,"- ","- ",,,"SAN FRANCISCO","SAN FRANCISCO",-122.42704010009766,37.747737884521484
9650295,2023,2024-03-01,3801,2023-12-09,"923 ",2039,TARAV,6,5,7,3801,0,0,0,,0,005,"19TH AV","HOLLOWAY AV",56.00,N,N,A,-,Y,SF,4,1,-,-,0.940,I,5,S,Y,3,0,4,2,A,-,07,21658,A,N,C,C,A,A,H,-,A,A,0,,,,,Y,,A,01,0,1,3,0,0,0,0,0,0,"- ","- ",,,"SAN FRANCISCO","SAN FRANCISCO",-122.47540283203125,37.720932006835938
9650306,2023,2024-02-23,3801,2023-12-03,1429,4006,TARAV,7,5,7,3801,0,0,0,,0,3I15B,"LAKE MERCED BL","FONT BL",145.00,S,N,B,-,N,,,,,,,,,,N,4,0,1,2,A,-,08,22107,,N,C,C,A,A,H,-,A,A,0,,,,,Y,,A,01,0,0,1,0,0,0,0,0,0,"- ","- ",,,"SAN FRANCISCO","SAN FRANCISCO",-122.48513031005859,37.723773956298828
9650689,2023,2024-01-23,3801,2023-11-30,"158 ",2293,,4,5,7,3801,0,0,0,,0,001,"VALENCIA ST","17TH ST",0.00,,Y,A,-,N,,,,,,,,,,N,3,0,1,1,D,-,00,,,N,E,I,B,A,H,-,C,A,0,Y,,,,Y,,-,"- ",0,1,0,0,1,0,0,0,0,"- ","- ",,,"SAN FRANCISCO","SAN FRANCISCO",-122.42173767089844,37.763298034667969
9655624,2023,2024-01-22,3801,2023-10-18,1201,1075,SOUTH,3,5,7,3801,0,0,0,,0,3B12A,"THE EMBARCADERO SOUTH","MISSION ST",0.00,,Y,A,-,N,,,,,,,,,,Y,4,0,1,4,A,-,08,22107,,N,B,C,A,A,H,-,A,A,0,,,Y,,Y,,C,02,0,0,1,0,0,0,0,0,1,"- ","- ",,,"SAN FRANCISCO","SAN FRANCISCO",-122.39263153076172,37.793708801269531
9658377,2023,2024-02-13,3801,2023-12-26,1125,2392,MISSI,2,5,7,3801,0,0,0,,0,006,"16TH ST","ALABAMA ST",0.00,,Y,A,-,N,,,,,,,,,,N,4,0,1,2,A,-,09,21802,A,N,D,C,A,A,H,-,A,A,0,,,,,Y,,A,01,0,0,1,0,0,0,0,0,0,"- ","- ",,,"SAN FRANCISCO","SAN FRANCISCO",-122.41239929199219,37.765495300292969
9658632,2023,2024-02-14,3801,2023-12-29,1639,1741,TARAV,5,5,7,3801,0,0,0,,0,901,"JUDAH ST","26TH AV",0.00,,Y,C,-,N,,,,,,,,,,Y,4,0,3,2,A,-,09,21804,A,N,D,C,A,B,H,-,A,A,0,,,,,Y,,A,01,0,0,3,0,0,0,0,0,0,"- ","- ",,,"SAN FRANCISCO","SAN FRANCISCO",-122.48448944091797,37.761371612548828
9658640,2023,2024-02-14,3801,2023-12-27,2249,2142,INGLE,3,5,7,3801,0,0,0,,0,3H13E,"MISSION ST","SILVER ST",0.00,,Y,C,-,N,,,,,,,,,,N,4,0,1,2,A,-,10,21950,A,N,G,B,B,B,H,-,C,A,0,Y,,,,Y,,A,01,0,0,1,0,1,0,0,0,0,"- ","- ",,,"SAN FRANCISCO","SAN FRANCISCO",-122.43128204345703,37.728736877441406
9659423,2023,2024-02-12,3801,2023-12-13,2051,1297,PARK,3,5,7,3801,0,0,0,,0,3F13A,"BUENA VISTA AV EAST","BUENA VISTA TER",0.00,,Y,A,-,N,,,,,,,,,,Y,3,0,1,2,A,-,09,21801,A,N,A,C,A,A,H,-,C,D,0,,,Y,,Y,,A,01,0,1,0,0,0,0,0,0,1,"- ","- ",,,"SAN FRANCISCO","SAN FRANCISCO",-122.43843078613281,37.76885986328125
9667255,2023,2024-02-20,3801,2023-12-27,1444,4119,TRAFF,3,5,7,3801,0,0,0,,0,4B103,"OSHAUGHNESSY BL","DEL VALE AV",518.00,S,N,C,-,N,,,,,,,,,,Y,4,0,2,1,A,-,03,22350,,N,E,A,A,B,G,-,A,D,0,,,,,Y,Y,A,01,0,0,2,0,0,0,0,0,0,"- ","- ",,,"SAN FRANCISCO","SAN FRANCISCO",-122.44435882568359,37.7406005859375
9671881,2023,2024-02-26,3801,2023-12-28,1418,2315,MISSI,4,5,7,3801,0,0,0,,0,3D11A,"GUERRERO ST","19TH ST",103.00,N,N,B,-,N,,,,,,,,,,N,4,0,1,3,A,-,08,22107,,N,B,D,A,A,H,-,A,D,0,,,Y,,Y,,A,01,0,0,1,0,0,0,0,0,1,"- ","- ",,,"SAN FRANCISCO","SAN FRANCISCO",-122.42366027832031,37.760261535644531
9680152,2023,2024-03-30,3801,2023-03-03,1101,2466,RICHM,5,5,7,3801,0,0,0,,0,THREE,"GEARY BL","6TH AV",0.00,,Y,A,-,N,,,,,,,,,,N,4,0,1,1,A,-,21,22106,,N,E,I,A,A,H,-,A,D,0,,,,,Y,,A,01,0,0,1,0,0,0,0,0,0,"- ","- ",,,"SAN FRANCISCO","SAN FRANCISCO",-122.46429443359375,37.781089782714844
9689239,2023,2024-04-22,3801,2023-12-11,1744,1466,SOUTH,1,5,7,3801,0,0,0,,0,0B5,"16TH ST","CONNECTICUT ST",0.00,,Y,A,-,N,,,,,,,,,,N,3,0,1,2,A,-,09,21801,A,N,D,C,A,A,H,-,C,A,0,,,Y,,Y,,A,01,0,1,0,0,0,0,0,0,1,"- ","- ",,,"SAN FRANCISCO","SAN FRANCISCO",-122.39784240722656,37.766376495361328
9712536,2023,2024-09-24,3801,2023-05-16,"709 ",2376,SOUTH,2,5,7,3801,0,0,0,,0,3B5A,"VERMONT ST","16TH ST",0.00,,Y,B,-,N,,,,,,,,,,N,4,0,1,2,A,-,12,21453,A,N,B,C,A,A,H,-,A,A,0,,,,,Y,,A,07,0,0,1,0,0,0,0,0,0,"- ","- ",,,"SAN FRANCISCO","SAN FRANCISCO",-122.40463256835938,37.765960693359375
8939729,2023,2024-01-23,3801,2023-01-22,"211 ",1766,MISSI,7,5,7,3801,0,0,0,,0,4B103,"16TH ST","POTRERO AV",40.00,W,N,A,-,N,,,,,,,,,,Y,1,1,2,2,A,-,01,23152,A,N,C,C,A,A,H,-,C,A,0,,,,,Y,Y,A,07,0,0,2,0,0,0,0,0,0,"- ","- ",,,"SAN FRANCISCO","SAN FRANCISCO",-122.40769958496094,37.765758514404297
91965930,2023,2023-01-11,9335,2023-01-05,1120,020658,,4,1,7,3801,0,1,1,,1,081,"I-80 W.B","WEST EDGE OF YERBA BUENA ISLAND TUNNEL",300.00,W,N,B,C,Y,SF,,80," "," ",7.662,H,,R,Y,3,0,2,2,A,-,03,22350,,N,C,C,A,B,H,-,A,D,0,,,,,Y,,D,22,0,2,0,0,0,0,0,0,0,"- ","- ",37.808319091796875,-122.36689758300781,"SAN FRANCISCO","SAN FRANCISCO",-122.36692047119141,37.808330535888672
91972006,2023,2023-01-19,9335,2023-01-10,1320,020658,,2,1,7,3801,0,1,1,,2,080,"I-80 WB TO 5TH STREET","THE EAST ROADWAY EDGE OF 5TH STREET",350.00,E,N,C,-,Y,SF,,80," "," ",4.905,H,,L,N,4,0,1,5,A,-,03,22350,,N,C,C,A,B,H,-,A,D,0,,,,,Y,Y,A,01,0,0,1,0,0,0,0,0,0,"- ","- ",37.779170989990234,-122.40025329589844,"SAN FRANCISCO","SAN FRANCISCO",-122.40042877197266,37.779308319091797
91972134,2023,2023-01-19,9350,2023-01-14,1714,022432,,6,2,7,3801,0,1,2,,2,020,"US-101 S/B","CONZELMAN ROAD",2112.00,S,N,C,G,Y,,,,,,,,,,N,3,0,1,1,C,-,18,,,N,F,I,A,B,H,-,C,D,0,,,,Y,Y,,-,"- ",0,1,0,0,0,0,0,0,0,"- ","- ",37.824901580810547,-122.47915649414062,"SAN FRANCISCO","SAN FRANCISCO",-122.47943115234375,37.824859619140625
91983379,2023,2023-01-31,9335,2023-01-29,"600 ",023067,,7,1,7,3801,0,1,2,,2,013,"US-101 S/B","ALEMANY BLVD",52.00,N,N,A,-,Y,SF,,101," "," ",2.160,H,,L,Y,3,0,1,1,A,-,01,23152,A,N,E,I,A,A,H,-,D,D,0,,,,,Y,,A,01,0,1,0,0,0,0,0,0,0,"- ","- ",37.737941741943359,-122.40799713134766,"SAN FRANCISCO","SAN FRANCISCO",-122.40804290771484,37.737934112548828
91985005,2023,2023-02-02,9335,2023-01-11,1605,023121,,3,2,7,3801,0,1,2,,2,013,"US 101 N/B","SILVER AVE",3050.00,S,N,A,-,Y,SF,,101," "," ",1.204,H,,R,Y,4,0,1,3,A,-,03,22350,,N,C,C,A,B,H,-,A,D,0,,,,,Y,,A,08,0,0,1,0,0,0,0,0,0,"- ","- ",37.724849700927734,-122.40151977539062,"SAN FRANCISCO","SAN FRANCISCO",-122.40154266357422,37.724845886230469
91985008,2023,2023-02-02,9335,2023-01-14,"701 ",023118,,6,1,7,3801,0,1,1,,1,083,"I-80 E/B","ARMY RD",1320.00,E,N,B,C,Y,SF,,80," ",R,8.473,H,,R,Y,4,0,1,1,A,-,01,23152,A,N,E,I,A,B,H,-,C,D,0,,,,,Y,Y,A,01,0,0,1,0,0,0,0,0,0,"- ","- ",37.816509246826172,-122.35617065429688,"SAN FRANCISCO","SAN FRANCISCO",-122.35615539550781,37.816493988037109
91985439,2023,2023-02-03,9335,2023-01-23,1445,023121,,1,2,7,3801,0,1,2,,2,015,"US 101 SB","DIVISION STREET",100.00,S,N,A,-,Y,SF,,101," ",R,4.424,H,,R,Y,4,0,1,3,A,-,01,23152,F,N,C,C,A,A,H,-,A,D,0,,,,,Y,,A,07,0,0,1,0,0,0,0,0,0,"- ","- ",37.768440246582031,-122.40630340576172,"SAN FRANCISCO","SAN FRANCISCO",-122.40624237060547,37.768489837646484
91986370,2023,2023-02-03,9335,2023-01-25,"50  ",022024,,3,3,7,3801,0,1,1,,2,024,"I-280 S/B","16TH ST UNDERCROSSING",208.00,N,N,A,-,Y,SF,,280," ",R,6.927,H,,L,N,3,0,1,2,A,-,11,21954,A,N,G,B,E,A,H,-,D,D,0,Y,,,,Y,,N,60,0,1,0,0,1,0,0,0,0,"- ","- ",37.767059326171875,-122.39550018310547,"SAN FRANCISCO","SAN FRANCISCO",-122.39552307128906,37.767040252685547
91988351,2023,2023-02-07,9335,2023-01-26,"820 ",021957,,4,1,7,3801,0,1,2,,2,015,"US-101 SB","15TH ST. UNDERCROSSING",10.00,N,N,A,-,Y,SF,,101," ",R,4.322,H,,L,N,4,0,1,2,A,-,03,22350,,N,C,C,A,A,H,-,A,D,0,,,,,Y,,A,07,0,0,1,0,0,0,0,0,0,"- ","- ",37.767311096191406,-122.40545654296875,"SAN FRANCISCO","SAN FRANCISCO",-122.40548706054688,37.767307281494141
91991160,2023,2023-02-10,9335,2023-01-25,"925 ",018804,,3,1,7,3801,0,1,2,,2,013,"US 101 N/B","PAUL AVENUE",612.00,N,N,A,-,Y,SF,,101," "," ",1.255,H,,R,N,4,0,1,2,A,-,08,22107,,N,C,C,A,A,H,-,A,D,0,,,,Y,Y,,I,20,0,0,1,0,0,0,0,0,0,"- ","- ",37.725589752197266,-122.40174865722656,"SAN FRANCISCO","SAN FRANCISCO",-122.40179443359375,37.725578308105469
91991162,2023,2023-02-10,9335,2023-01-28,"215 ",022823,,6,3,7,3801,0,1,1,,2,023,"I-280 S/B","ALEMANY BLVD.",262.00,S,N,A,-,Y,SF,,280," ",R,3.825,H,,L,Y,4,0,1,1,A,-,01,23152,A,N,E,I,A,A,H,-,C,D,0,,,,,Y,Y,A,01,0,0,1,0,0,0,0,0,0,"- ","- ",37.7322998046875,-122.41532135009766,"SAN FRANCISCO","SAN FRANCISCO",-122.41527557373047,37.732189178466797
91993167,2023,2023-02-13,9335,2023-02-08,"830 ",023118,,3,1,7,3801,0,1,2,,2,015,"US 101 S/B","15TH STREET UNDERCROSSING",200.00,N,N,A,-,Y,SF,,101," ",R,4.352,H,,L,N,4,0,1,2,A,-,03,22350,,N,C,C,A,A,H,-,A,D,0,,,,,Y,,A,07,0,0,1,0,0,0,0,0,0,"- ","- ",37.767730712890625,-122.40560913085938,"SAN FRANCISCO","SAN FRANCISCO",-122.40563201904297,37.767723083496094
91995908,2023,2023-02-16,9335,2023-02-04,2325,022897,,6,3,7,3801,0,1,2,,2,014,"US-101 N/B","18TH ST. PEDESTRIAN OVERCROSSING",130.00,S,N,A,-,Y,SF,,101," "," ",3.933,H,,R,Y,4,0,1,1,A,-,01,23152,A,N,E,I,A,B,H,-,D,D,0,,,,,Y,Y,A,01,0,0,1,0,0,0,0,0,0,"- ","- ",37.761810302734375,-122.40589141845703,"SAN FRANCISCO","SAN FRANCISCO",-122.40585327148438,37.761795043945312
91995949,2023,2023-02-16,9335,2023-01-31,1545,023111,,2,2,7,3801,0,1,2,,2,013,"US-101 N/B","CORTLAND AVE UNDERCROSSING",342.00,N,N,A,-,Y,SF,,101," "," ",2.348,H,,R,N,4,0,1,3,A,-,03,22350,,N,C,C,A,A,H,-,A,D,0,,,,,Y,,A,01,0,0,1,0,0,0,0,0,0,"- ","- ",37.740619659423828,-122.40773010253906,"SAN FRANCISCO","SAN FRANCISCO",-122.40779113769531,37.740631103515625
91997783,2023,2023-02-20,9335,2023-02-13,1457,018688,,1,2,7,3801,0,1,1,,1,081,"I-80 W/B","2ND ST.",78.00,W,N,A,-,Y,SF,,80," "," ",5.390,H,,L,N,4,0,1,4,A,-,03,22350,,N,C,C,A,A,H,-,A,D,0,,,,,Y,,A,08,0,0,1,0,0,0,0,0,0,"- ","- ",37.783599853515625,-122.39478302001953,"SAN FRANCISCO","SAN FRANCISCO",-122.39482116699219,37.783634185791016
92009005,2023,2023-03-03,9335,2023-02-20,1155,023063,,1,1,7,3801,0,1,1,,2,080,"I-80 EASTBOUND","5TH STREET",215.00,W,N,A,-,Y,SF,,80," "," ",4.787,H,,R,Y,2,0,1,2,A,-,03,22350,,N,C,C,A,A,H,-,A,D,0,,,Y,,Y,,C,02,1,0,0,0,0,0,0,0,1,"- ","- ",37.777881622314453,-122.40160369873047,"SAN FRANCISCO","SAN FRANCISCO",-122.40156555175781,37.777843475341797
92015396,2023,2023-03-13,9335,2023-03-03,"708 ",021237,,5,1,7,3801,0,1,2,,2,013,"US 101 N/B","BAYSHORE BLVD",950.00,N,N,A,-,Y,SF,,101," "," ",0.763,H,,R,Y,4,0,1,2,A,-,03,22350,,N,C,C,A,A,H,-,A,D,0,,,Y,,Y,,A,01,0,0,1,0,0,0,0,0,1,"- ","- ",37.718868255615234,-122.39933013916016,"SAN FRANCISCO","SAN FRANCISCO",-122.39940643310547,37.718856811523438
92015610,2023,2023-03-13,9335,2023-03-03,1900,023167,,5,2,7,3801,0,1,1,,2,023,"I-280 N/B TO US 101 S/B","ALEMANY BLVD",850.00,N,N,A,-,Y,SF,,280," ",R,4.033,H,,R,Y,4,0,1,1,A,-,08,22107,,N,E,I,A,A,H,-,C,D,0,,,,,Y,,A,07,0,0,1,0,0,0,0,0,0,"- ","- ",37.733200073242188,-122.41184234619141,"SAN FRANCISCO","SAN FRANCISCO",-122.41190338134766,37.733291625976562
92017738,2023,2023-03-14,9335,2023-03-08,"927 ",018053,,3,1,7,3801,0,1,1,,1,083,"I-80 E/B","YERBA BUENA ISLAND TUNNEL WEST EDGE",540.00,W,N,A,-,Y,SF,,80," "," ",7.619,H,,R,Y,4,0,1,3,A,-,08,22107,,N,F,I,A,B,H,-,A,D,0,,,Y,,Y,,C,02,0,0,1,0,0,0,0,0,1,"- ","- ",37.807929992675781,-122.36760711669922,"SAN FRANCISCO","SAN FRANCISCO",-122.36737060546875,37.807804107666016
92019428,2023,2023-03-16,9335,2023-02-05,"145 ",022920,,7,3,7,3801,0,1,2,,2,013,"US-101 N/B","THE PAUL AVENUE OVERCROSSING",115.00,N,N,C,-,Y,SF,,101," "," ",1.161,H,,R,Y,4,0,1,2,A,-,03,22350,,F,C,2,A,B,H,-,C,D,0,,,,,Y,,A,01,0,0,1,0,0,0,0,0,0,"- ","- ",37.724208831787109,-122.40141296386719,"SAN FRANCISCO","SAN FRANCISCO",-122.40129852294922,37.724239349365234
92020802,2023,2023-03-17,9335,2023-03-01,1425,023111,,3,2,7,3801,0,1,1,,2,023,"I-280 N/B","18TH STREET OVERCROSSING",400.00,S,N,A,-,Y,SF,,280," ",R,6.506,H,,R,Y,4,0,1,2,A,-,03,22350,,N,C,C,A,A,H,-,A,D,0,,,,,Y,,A,07,0,0,1,0,0,0,0,0,0,"- ","- ",37.761661529541016,-122.39241790771484,"SAN FRANCISCO","SAN FRANCISCO",-122.3924560546875,37.76165771484375
92021639,2023,2023-03-20,9335,2023-03-06,"200 ",023082,,1,3,7,3801,0,1,1,,2,022,"I-280 S/B","PAULDING ST",260.00,S,N,B,-,Y,SF,,280," ",R,2.152,H,,L,Y,4,0,1,2,A,-,01,23152,A,N,D,C,A,B,H,-,C,D,0,,,,,Y,Y,A,01,0,0,1,0,0,0,0,0,0,"- ","- ",37.727771759033203,-122.4444580078125,"SAN FRANCISCO","SAN FRANCISCO",-122.44444274902344,37.727756500244141
92021783,2023,2023-03-20,9335,2023-02-11,"435 ",022897,,6,3,7,3801,0,1,2,,2,014,"US-101 S/B","18TH STREET PEDESTRIAN OVERCROSSING",500.00,S,N,A,-,Y,SF,,101," "," ",3.861,H,,L,N,4,0,1,3,A,-,07,21658,A,M,B,C,A,B,H,-,D,D,0,,,,,Y,,-,99,0,0,1,0,0,0,0,0,0,"- ","- ",37.760898590087891,-122.40650939941406,"SAN FRANCISCO","SAN FRANCISCO",-122.40644836425781,37.760887145996094
92023741,2023,2023-03-21,9335,2023-03-15,1230,020658,,3,1,7,3801,0,1,1,,2,080,"I-80 W/B","THE WEST ROAD EDGE OF 2ND STREET",470.00,W,N,A,-,Y,SF,,80," "," ",5.313,H,,L,Y,4,0,1,2,A,-,03,22350,,N,C,C,A,A,H,-,A,D,0,,,,,Y,,A,01,0,0,1,0,0,0,0,0,0,"- ","- ",37.782798767089844,-122.39573669433594,"SAN FRANCISCO","SAN FRANCISCO",-122.39582061767578,37.782867431640625
92026723,2023,2023-03-23,9335,2023-03-14,"615 ",021957,,2,1,7,3801,0,1,1,,2,022,"I-280 NB","FARALLONES ST. PED OVERCROSSING",577.00,S,N,B,C,Y,SF,,280," ",R,0.955,H,,R,Y,4,0,1,3,A,-,07,21658,A,N,B,C,A,A,H,-,D,D,0,,,,,Y,,A,01,0,0,1,0,0,0,0,0,0,"- ","- ",37.712398529052734,-122.45307922363281,"SAN FRANCISCO","SAN FRANCISCO",-122.45314025878906,37.712444305419922
92028554,2023,2023-03-27,9335,2023-03-17,"854 ",021237,,5,1,7,3801,0,1,1,,2,021,"I-280 S/B","HICKEY BLVD",2640.00,S,N,A,-,Y,SM,,280," ",R,23.710,H,,L,N,3,0,1,2,A,-,03,22350,,N,C,C,A,A,H,-,A,D,0,,,,,Y,,A,01,0,1,0,0,0,0,0,0,0,"- ","- ",37.657569885253906,-122.46134185791016,"SAN FRANCISCO","SAN FRANCISCO",-122.46128845214844,37.657611846923828
92028816,2023,2023-03-27,9335,2023-02-19,1605,022186,,7,2,7,3801,0,1,2,,2,013,"US-101 N/B","25TH STREET PEDESTRIAN O/C",588.00,S,N,A,-,Y,SF,,101," "," ",3.103,H,,R,Y,4,0,1,3,A,-,03,22350,,N,C,C,A,A,H,-,A,D,0,,,,,Y,,D,22,0,0,1,0,0,0,0,0,0,"- ","- ",37.750740051269531,-122.40325927734375,"SAN FRANCISCO","SAN FRANCISCO",-122.40318298339844,37.750724792480469