CASE_ID,ACCIDENT_YEAR,PROC_DATE,JURIS,COLLISION_DATE,COLLISION_TIME,OFFICER_ID,REPORTING_DISTRICT,DAY_OF_WEEK,CHP_SHIFT,POPULATION,CNTY_CITY_LOC,SPECIAL_COND,BEAT_TYPE,CHP_BEAT_TYPE,CITY_DIVISION_LAPD,CHP_BEAT_CLASS,BEAT_NUMBER,PRIMARY_RD,SECONDARY_RD,DISTANCE,DIRECTION,INTERSECTION,WEATHER_1,WEATHER_2,STATE_HWY_IND,CALTRANS_COUNTY,CALTRANS_DISTRICT,STATE_ROUTE,ROUTE_SUFFIX,POSTMILE_PREFIX,POSTMILE,LOCATION_TYPE,RAMP_INTERSECTION,SIDE_OF_HWY,TOW_AWAY,COLLISION_SEVERITY,NUMBER_KILLED,NUMBER_INJURED,PARTY_COUNT,PRIMARY_COLL_FACTOR,PCF_CODE_OF_VIOL,PCF_VIOL_CATEGORY,PCF_VIOLATION,PCF_VIOL_SUBSECTION,HIT_AND_RUN,TYPE_OF_COLLISION,MVIW,PED_ACTION,ROAD_SURFACE,ROAD_COND_1,ROAD_COND_2,LIGHTING,CONTROL_DEVICE,CHP_ROAD_TYPE,PEDESTRIAN_ACCIDENT,BICYCLE_ACCIDENT,MOTORCYCLE_ACCIDENT,TRUCK_ACCIDENT,NOT_PRIVATE_PROPERTY,ALCOHOL_INVOLVED,STWD_VEHTYPE_AT_FAULT,CHP_VEHTYPE_AT_FAULT,COUNT_SEVERE_INJ,COUNT_VISIBLE_INJ,COUNT_COMPLAINT_PAIN,COUNT_PED_KILLED,COUNT_PED_INJURED,COUNT_BICYCLIST_KILLED,COUNT_BICYCLIST_INJURED,COUNT_MC_KILLED,COUNT_MC_INJURED,PRIMARY_RAMP,SECONDARY_RAMP,LATITUDE,LONGITUDE,COUNTY,CITY,POINT_X,POINT_Y
92131033,2023,2023-07-28,9335,2023-07-07,1825,022186,,5,2,7,3801,0,1,1,,1,083,"I-80 E/B","YERBA BUENA ISLAND TUNNEL",3325.00,E,N,A,-,Y,SF,,80," ",R,8.449,H,,R,Y,4,0,1,2,A,-,07,21658,A,N,B,C,A,A,H,-,A,D,0,,,Y,,Y,,A,01,0,0,1,0,0,0,0,0,1,"- ","- ",37.816299438476562,-122.35652923583984,"SAN FRANCISCO","SAN FRANCISCO",-122.35652160644531,37.816291809082031
92131373,2023,2023-12-11,9335,2023-07-29,"200 ",023063,,6,3,7,3801,0,1,2,,2,013,"US-101 SOUTHBOUND","SOUTH OF THE WEST RDWY EDGE OF US-101 SB OF THIRD",280.00,S,N,A,-,Y,SF,,101," "," ",0.869,H,,L,Y,1,1,0,2,A,-,01,23153,A,N,C,C,A,A,H,-,D,D,0,,,Y,,Y,Y,A,07,0,0,0,0,0,0,0,1,0,"- ","- ",37.720111846923828,-122.40007019042969,"SAN FRANCISCO","SAN FRANCISCO",-122.4000244140625,37.720119476318359
92140110,2023,2023-08-09,9335,2023-08-07,1713,023338,,1,2,7,3801,0,1,2,,2,013,"US 101 S/B","PAUL AVE UC",280.00,N,N,A,-,Y,SF,,101," "," ",1.270,H,,L,Y,3,0,1,3,A,-,03,22350,,N,C,C,A,A,H,-,A,D,0,,,,,Y,,A,08,0,1,0,0,0,0,0,0,0,"- ","- ",37.725780487060547,-122.40219116210938,"SAN FRANCISCO","SAN FRANCISCO",-122.40217590332031,37.725784301757812
92141556,2023,2023-08-11,9335,2023-08-02,1030,023367,,3,1,7,3801,0,1,1,,1,081,"I-80 W/B","BEALE ST UNDER CROSSING",258.00,E,N,A,-,Y,SF,,80," "," ",5.767,H,,L,N,3,0,1,2,A,-,03,22350,,N,C,C,A,A,H,-,A,A,0,,,,,Y,,A,07,0,1,0,0,0,0,0,0,0,"- ","- ",37.7872314453125,-122.3897705078125,"SAN FRANCISCO","SAN FRANCISCO",-122.38969421386719,37.787178039550781
92143250,2023,2023-08-14,9335,2023-07-31,"815 ",022795,,1,1,7,3801,0,1,1,,1,081,"I-80 W/B","FREMONT STREET",230.00,E,N,A,-,Y,,,,,,,,,,N,4,0,2,1,C,-,18,,,N,E,A,A,A,G,-,A,D,0,,,,,Y,,-,"- ",0,0,2,0,0,0,0,0,0,"- ","- ",37.788059234619141,-122.39492034912109,"SAN FRANCISCO","SAN FRANCISCO",,
92148534,2023,2023-08-21,9335,2023-08-11,1640,023378,,5,2,7,3801,0,1,2,,2,013,"US-101 N/B","THE PAUL AVENUE UNDERCROSSING",276.00,S,N,A,-,Y,SF,,101," "," ",1.070,H,,R,N,4,0,3,3,A,-,03,22350,,N,C,C,A,A,H,-,A,D,0,,,,,Y,,A,01,0,0,3,0,0,0,0,0,0,"- ","- ",37.722988128662109,-122.40077972412109,"SAN FRANCISCO","SAN FRANCISCO",-122.40078735351562,37.722988128662109
92148864,2023,2023-08-21,9335,2023-08-09,"755 ",023367,,3,1,7,3801,0,1,2,,2,013,"US-101 S/B","PAUL AVE UNDER-CROSSING",250.00,N,N,A,-,Y,SF,,101," "," ",1.074,H,,L,N,4,0,1,2,A,-,03,22350,,N,C,C,A,A,H,-,A,A,0,,,,,Y,,A,01,0,0,1,0,0,0,0,0,0,"- ","- ",37.723060607910156,-122.40104675292969,"SAN FRANCISCO","SAN FRANCISCO",-122.40107727050781,37.723052978515625
92151747,2023,2023-08-23,9335,2023-08-22,1735,023357,,2,2,7,3801,0,1,2,,2,014,"US-101 N/B","17TH ST",188.00,N,N,A,-,Y,SF,,101," "," ",4.176,H,,R,Y,3,0,1,2,A,-,04,21703,,N,C,C,A,A,H,-,A,D,0,,,,,Y,,A,01,0,1,0,0,0,0,0,0,0,"- ","- ",37.765239715576172,-122.40495300292969,"SAN FRANCISCO","SAN FRANCISCO",-122.40493011474609,37.765239715576172
92151751,2023,2023-08-23,9335,2023-08-23,"710 ",018053,,3,1,7,3801,0,1,1,,2,080,"I-80 E/B","HARRIET STREET U/C",146.00,W,N,A,-,Y,SF,,80," "," ",4.584,H,,R,N,4,0,1,2,A,-,03,22350,,N,C,C,A,A,H,-,A,D,0,,,,,Y,,A,07,0,0,1,0,0,0,0,0,0,"- ","- ",37.776191711425781,-122.40463256835938,"SAN FRANCISCO","SAN FRANCISCO",-122.40461730957031,37.776180267333984
92151759,2023,2023-08-23,9335,2023-08-19,1225,018399,,6,1,7,3801,0,1,1,,1,081,"I-80 W/B","NORTH GATE ROAD",1320.00,E,N,A,-,Y,SF,,80," ",R,8.350,H,,L,N,4,0,1,2,A,-,03,22350,,M,C,C,A,A,H,-,A,D,0,,,,,Y,,-,99,0,0,1,0,0,0,0,0,0,"- ","- ",37.815689086914062,-122.35817718505859,"SAN FRANCISCO","SAN FRANCISCO",-122.35830688476562,37.815826416015625
92154122,2023,2023-08-25,9335,2023-08-14,2019,022920,,1,2,7,3801,0,1,1,,2,080,"I-80 W/B","THE 3RD STREET UNDERCROSSING",95.00,E,N,A,-,Y,SF,,80," "," ",5.249,H,,L,N,3,0,1,2,A,-,07,21658,A,N,B,C,A,A,H,-,C,D,0,,,Y,,Y,,-,"- ",0,1,0,0,0,0,0,0,1,"- ","- ",37.782249450683594,-122.39665985107422,"SAN FRANCISCO","SAN FRANCISCO",-122.39664459228516,37.782238006591797
92158360,2023,2023-08-30,9335,2023-08-23,1630,023312,,3,2,7,3801,0,1,1,,1,083,"I-80 E/B","TREASURE ISLAND RD O/C",445.00,W,N,A,-,Y,SF,,80," "," ",7.637,H,,R,N,2,0,1,2,A,-,07,21658,A,N,B,C,A,A,H,-,A,D,0,,,Y,,Y,,A,01,1,0,0,0,0,0,0,0,1,"- ","- ",37.808090209960938,-122.36730194091797,"SAN FRANCISCO","SAN FRANCISCO",-122.36717987060547,37.808025360107422
92163852,2023,2023-09-06,9335,2023-08-24,1730,023378,,4,2,7,3801,0,1,1,,2,024,"I-280 N/B","18TH STREET OVER CROSSING",96.00,S,N,A,-,Y,SF,,280," ",R,6.577,H,,R,N,4,0,1,3,A,-,03,22350,,N,C,C,A,A,H,-,A,D,0,,,,,Y,,A,01,0,0,1,0,0,0,0,0,0,"- ","- ",37.762500762939453,-122.39275360107422,"SAN FRANCISCO","SAN FRANCISCO",-122.39254760742188,37.762516021728516
92163900,2023,2023-09-06,9335,2023-08-27,1050,021339,,7,1,7,3801,0,1,2,,2,013,"US-101 N/B","FAITH ST. OVERCROSSING",141.00,S,N,A,-,Y,SF,,101," "," ",2.586,H,,R,N,3,0,1,3,A,-,07,21658,A,N,C,C,A,A,H,-,A,D,0,,,,,Y,,-,"- ",0,1,0,0,0,0,0,0,0,"- ","- ",37.743568420410156,-122.40593719482422,"SAN FRANCISCO","SAN FRANCISCO",-122.40589904785156,37.743549346923828
92166467,2023,2023-09-11,9335,2023-08-23,1734,023312,,3,2,7,3801,0,1,1,,2,080,"I-80 E/B FROM 8TH STREET","BRYANT STREET",90.00,E,N,A,-,Y,SF,,80," "," ",4.347,H,,R,N,4,0,1,3,A,-,08,22107,,M,G,B,E,A,H,-,A,D,0,Y,,,,Y,,-,99,0,0,1,0,1,0,0,0,0,"- ","- ",37.773120880126953,-122.40663909912109,"SAN FRANCISCO","SAN FRANCISCO",-122.40659332275391,37.773120880126953
92169364,2023,2023-09-13,9335,2023-09-06,2050,023373,,3,2,7,3801,0,1,1,,1,081,"I-80 W/B","THE EMBARCADERO UNDERCROSSING",663.00,E,N,A,-,Y,SF,,80," "," ",6.042,H,,L,Y,3,0,4,2,A,-,01,23152,F,N,B,C,A,A,H,-,C,D,0,,,,,Y,,A,01,0,4,0,0,0,0,0,0,0,"- ","- ",37.790271759033203,-122.38641357421875,"SAN FRANCISCO","SAN FRANCISCO",-122.38636016845703,37.790233612060547
92171794,2023,2023-09-18,9350,2023-09-14,1010,021391,,4,1,7,3801,0,1,3,,2,011,"SR-1 S/B","LAKE ST.",1320.00,N,N,A,-,Y,SF,,1," "," ",6.344,H,,L,Y,3,0,3,2,A,-,03,22350,,N,C,C,A,A,H,-,A,D,0,,,,,Y,,A,07,0,1,2,0,0,0,0,0,0,"- ","- ",37.792808532714844,-122.46965789794922,"SAN FRANCISCO","SAN FRANCISCO",-122.46965026855469,37.792808532714844
92172028,2023,2023-09-18,9335,2023-08-17,"826 ",018399,,4,1,7,3801,0,1,1,,1,081,"I-80 W/B","NORTH GATE ROAD",811.00,W,N,A,-,Y,SF,,80," ",R,7.964,H,,L,N,4,0,1,3,A,-,03,22350,,N,C,C,A,A,H,-,A,D,0,,,Y,,Y,,C,02,0,0,1,0,0,0,0,0,1,"- ","- ",37.81182861328125,-122.36334228515625,"SAN FRANCISCO","SAN FRANCISCO",-122.36345672607422,37.811878204345703
92186796,2023,2023-10-02,9335,2023-08-11,1736,023378,,5,2,7,3801,0,1,2,,2,013,"US-101 S/B","CORTLAND AVENUE UNDERCROSSING",179.00,S,N,A,-,Y,SF,,101," "," ",2.241,H,,L,Y,3,0,1,3,A,-,03,22350,,N,C,C,A,A,H,-,A,D,0,,,,,Y,,A,01,0,1,0,0,0,0,0,0,0,"- ","- ",37.739151000976562,-122.40827178955078,"SAN FRANCISCO","SAN FRANCISCO",-122.40817260742188,37.739147186279297
92191805,2023,2023-10-05,9335,2023-09-13,1737,023338,,3,2,7,3801,0,1,2,,2,013,"US-101 N/B","PAUL AVE UNDERCROSSING",100.00,S,N,A,-,Y,SF,,101," "," ",1.100,H,,R,Y,3,0,3,4,A,-,07,21658,A,N,C,C,A,A,H,-,A,D,0,,,,,Y,,A,01,0,1,2,0,0,0,0,0,0,"- ","- ",37.723381042480469,-122.40093994140625,"SAN FRANCISCO","SAN FRANCISCO",-122.40093994140625,37.723381042480469
92195012,2023,2023-10-10,9350,2023-09-25,1645,022556,,1,2,7,3801,0,1,2,,2,010,"US-101 N/B","LINCOLN AVE UNDERCROSSING",63.00,N,N,A,-,Y,,,,,,,,,,N,4,0,5,2,A,-,03,22350,,N,C,C,A,A,H,-,A,D,0,,,,,Y,,A,07,0,0,5,0,0,0,0,0,0,"- ","- ",37.806560516357422,-122.47458648681641,"SAN FRANCISCO","SAN FRANCISCO",-122.47465515136719,37.806484222412109
92204607,2023,2023-10-20,9350,2023-10-12,2210,022956,,4,3,7,3801,0,1,2,,2,020,"US-101 S/B","MERCHANT RD",280.00,N,N,A,-,Y,,,,,,,,,,Y,4,0,1,1,A,-,01,23152,A,N,E,I,A,A,H,-,C,A,0,,,,,Y,Y,A,07,0,0,1,0,0,0,0,0,0,"- ","- ",37.807258605957031,-122.4757080078125,"SAN FRANCISCO","SAN FRANCISCO",-122.47576904296875,37.807197570800781
92204717,2023,2023-10-20,9335,2023-09-03,2121,023111,,7,2,7,3801,0,1,1,,2,080,"I-80 E/B","MERLIN STREET UNDERCROSSING",194.00,W,N,A,-,Y,SF,,80," "," ",4.753,H,,R,Y,4,0,1,3,D,-,00,,,N,C,C,A,A,H,-,C,D,0,,,,,Y,,-,"- ",0,0,1,0,0,0,0,0,0,"- ","- ",37.777580261230469,-122.40209197998047,"SAN FRANCISCO","SAN FRANCISCO",-122.40208435058594,37.777572631835938
92204957,2023,2023-10-20,9335,2023-09-06,2020,022703,,3,2,7,3801,0,1,1,,2,080,"I-80 EASTBOUND","THE FOURTH STREET UNDERCROSSING",10.00,W,N,A,-,Y,SF,,80," "," ",5.053,H,,R,Y,4,0,2,3,A,-,01,23152,A,N,C,C,A,A,H,-,C,D,0,,,,,Y,Y,A,01,0,0,2,0,0,0,0,0,0,"- ","- ",37.77996826171875,-122.39877319335938,"SAN FRANCISCO","SAN FRANCISCO",-122.39879608154297,37.779991149902344
92229726,2023,2023-11-07,9350,2023-10-28,1535,022917,,6,2,7,3801,0,1,2,,2,010,"MERCHANT RD TO US-101 S/B","US-101 S/B",10.00,W,N,A,-,N,,,,,,,,,,N,4,0,2,2,A,-,03,22350,,N,C,C,A,A,H,-,A,D,0,,,,,Y,,A,01,0,0,2,0,0,0,0,0,0,"- ","- ",37.806411743164062,-122.47505187988281,"SAN FRANCISCO","SAN FRANCISCO",-122.47510528564453,37.806388854980469
92230798,2023,2023-11-08,9350,2023-11-01,"850 ",021418,,3,1,7,3801,0,1,2,,2,020,"US-101 N/B","N.TOWER GGB",662.00,S,N,A,-,Y,,,,,,,,,,N,4,0,1,3,A,-,03,22350,,N,C,C,A,A,H,-,A,D,0,,,,,Y,,A,01,0,0,1,0,0,0,0,0,0,"- ","- ",37.823841094970703,-122.47898101806641,"SAN FRANCISCO","SAN FRANCISCO",-122.47919464111328,37.823810577392578
92238811,2023,2023-11-17,9350,2023-11-08,"910 ",021391,,3,1,7,3801,0,1,2,,2,020,"US 101 S/B","MERCHANT RD",160.00,N,N,A,-,Y,,,,,,,,,,Y,4,0,1,1,A,-,08,22107,,N,E,I,A,A,H,-,A,D,0,,,,Y,Y,,F,26,0,0,1,0,0,0,0,0,0,"- ","- ",37.807209014892578,-122.47577667236328,"SAN FRANCISCO","SAN FRANCISCO",-122.47510528564453,37.806388854980469
92242817,2023,2023-11-22,9335,2023-09-07,1626,023367,,4,2,7,3801,1,4,S,,2,901,"PARIS STREET","EXCELSIOR AVENUE",0.00,,Y,A,-,N,,,,,,,,,,N,4,0,1,2,A,-,09,21800,A,N,B,C,A,A,H,-,A,A,0,,,,,Y,,A,01,0,0,1,0,0,0,0,0,0,"- ","- ",37.725551605224609,-122.43206024169922,"SAN FRANCISCO","SAN FRANCISCO",-122.43203735351562,37.725479125976562
92244572,2023,2023-11-27,9335,2023-09-14,"515 ",023343,,4,3,7,3801,0,1,1,,1,081,"I-80 W/B","THE EMBARCADERO",1800.00,E,N,A,-,Y,SF,,80," "," ",6.265,H,,L,N,3,0,1,2,A,-,03,22350,,F,C,C,A,A,H,-,C,D,0,,,Y,,Y,,-,99,0,1,0,0,0,0,0,0,1,"- ","- ",37.792770385742188,-122.38375854492188,"SAN FRANCISCO","SAN FRANCISCO",-122.3836669921875,37.792705535888672
92250056,2023,2023-12-01,9335,2023-10-30,1240,023357,,1,1,7,3801,0,1,2,,2,014,"US-101 S/B","16TH ST",33.00,S,N,A,-,Y,SF,,101," "," ",4.213,H,,L,N,3,0,1,3,A,-,07,21658,A,F,B,2,A,A,H,-,A,D,0,,,,,Y,,-,99,0,1,0,0,0,0,0,0,0,"- ","- ",37.765750885009766,-122.40528106689453,"SAN FRANCISCO","SAN FRANCISCO",-122.40526580810547,37.765750885009766
92250156,2023,2023-12-01,9335,2023-10-22,1230,021200,,7,1,7,3801,0,1,2,,2,014,"US-101 NB","CESAR CHAVEZ STREET",500.00,N,N,B,-,Y,SF,,101," "," ",3.065,H,,R,N,4,0,1,2,A,-,03,22350,,N,C,C,A,A,H,-,A,D,0,,,,,Y,,A,07,0,0,1,0,0,0,0,0,0,"- ","- ",37.750228881835938,-122.40358734130859,"SAN FRANCISCO","SAN FRANCISCO",-122.40335845947266,37.75018310546875
92254433,2023,2023-12-06,9335,2023-10-27,1644,023167,,5,2,7,3801,0,1,1,,2,022,"I-280 S/B","ALEMANY BOULEVARD",650.00,S,N,A,-,Y,SF,,280," ",R,0.353,H,,L,Y,4,0,3,3,A,-,07,21658,A,N,B,2,A,A,H,-,A,D,0,,,,,Y,,A,01,0,0,3,0,0,0,0,0,0,"- ","- ",37.710529327392578,-122.46343994140625,"SAN FRANCISCO","SAN FRANCISCO",-122.46343994140625,37.710582733154297
92256372,2023,2023-12-07,9335,2023-11-06,1745,023373,,1,2,7,3801,0,1,2,,2,013,"US-101 N/B","PAUL AVE",880.00,N,N,A,-,Y,SF,,101," "," ",1.292,H,,R,N,3,0,1,2,A,-,07,21658,A,N,B,C,A,A,H,-,C,D,0,,,,,Y,,A,07,0,1,0,0,0,0,0,0,0,"- ","- ",37.726100921630859,-122.40203857421875,"SAN FRANCISCO","SAN FRANCISCO",-122.40199279785156,37.726112365722656
92256466,2023,2023-12-07,9335,2023-12-02,2120,023119,,6,2,7,3801,0,1,2,,2,013,"US 101 S/B","FAITH STREET PEDESTRIAN O/C",734.00,S,N,A,-,Y,SF,,101," "," ",2.470,H,,L,Y,3,0,2,2,A,-,03,22350,,N,C,C,A,A,H,-,C,D,0,,,,,Y,,A,07,0,2,0,0,0,0,0,0,0,"- ","- ",37.742290496826172,-122.40725708007812,"SAN FRANCISCO","SAN FRANCISCO",-122.40720367431641,37.742263793945312
92258828,2023,2023-12-11,9335,2023-05-28,"515 ",020384,,7,3,7,3801,0,1,1,,1,081,"I-80 W/B","BEALE STREET",300.00,W,N,B,-,Y,SF,,80," "," ",5.662,H,,L,Y,2,0,1,2,A,-,07,21658,A,N,B,C,A,A,H,-,C,D,0,,,,,Y,,J,49,1,0,0,0,0,0,0,0,0,"- ","- ",37.7860107421875,-122.39095306396484,"SAN FRANCISCO","SAN FRANCISCO",-122.39096069335938,37.786014556884766
92263045,2023,2023-12-15,9335,2023-10-27,1645,023167,,5,2,7,3801,0,1,1,,2,022,"I-280 S/B","ALEMANY BLVD",440.00,S,N,A,-,Y,SF,,280," ",R,0.379,H,,L,N,4,0,1,3,A,-,03,22350,,N,C,C,A,A,H,-,A,D,0,,,,,Y,,A,07,0,0,1,0,0,0,0,0,0,"- ","- ",37.710628509521484,-122.46296691894531,"SAN FRANCISCO","SAN FRANCISCO",-122.46297454833984,37.710578918457031
92263951,2023,2023-12-18,9335,2023-11-03,2243,022703,,5,3,7,3801,0,1,1,,2,080,"I-80 WESTBOUND TO 9TH STREET","THE EAST PROLONGATION OF 8TH STREET",30.00,E,N,A,-,Y,,,,,,,,,,N,4,0,2,2,A,-,01,23152,A,M,C,C,A,A,H,-,C,A,0,,,,,Y,Y,A,01,0,0,2,0,0,0,0,0,0,"- ","- ",37.773700714111328,-122.40818786621094,"SAN FRANCISCO","SAN FRANCISCO",-122.40818786621094,37.773700714111328
92269048,2023,2023-12-22,9335,2023-09-28,"850 ",023464,,4,1,7,3801,0,1,1,,2,024,"I-280 N/B","20TH ST OVERCROSSING",225.00,N,N,A,-,Y,SF,,280," ",R,6.442,H,,R,N,3,0,1,2,A,-,03,22350,,N,C,C,A,A,H,-,A,D,0,,,,,Y,,A,01,0,1,0,0,0,0,0,0,0,"- ","- ",37.760898590087891,-122.39228057861328,"SAN FRANCISCO","SAN FRANCISCO",-122.39237213134766,37.760894775390625
92269051,2023,2023-12-22,9335,2023-10-01,1320,022920,,7,1,7,3801,0,1,2,,2,013,"US-101 N/B TO CESAR CHAVEZ","MARIN STREET",300.00,S,N,A,-,Y,,,,,,,,,,Y,4,0,1,2,A,-,03,22350,,N,C,C,A,A,H,-,A,A,0,,,,,Y,,A,01,0,0,1,0,0,0,0,0,0,"- ","- ",37.747051239013672,-122.40381622314453,"SAN FRANCISCO","SAN FRANCISCO",-122.40381622314453,37.747051239013672
92269519,2023,2023-12-22,9335,2023-12-13,"640 ",018804,,3,1,7,3801,0,1,1,,2,023,"I-280 N/B","BADEN ST",380.00,S,N,B,-,Y,SF,,280," ",R,2.386,H,,R,N,4,0,1,3,A,-,07,21658,A,N,B,C,A,A,H,-,A,D,0,,,,,Y,,-,"- ",0,0,1,0,0,0,0,0,0,"- ","- ",37.729511260986328,-122.44065093994141,"SAN FRANCISCO","SAN FRANCISCO",-122.44064331054688,37.729503631591797
92275134,2023,2023-12-29,9335,2023-11-02,1140,023191,,4,1,7,3801,0,1,2,,2,013,"US-101 S/B","PAUL AVENUE",531.00,N,N,A,-,Y,SF,,101," "," ",1.223,H,,L,Y,4,0,1,3,A,-,03,22350,,N,C,C,A,A,H,-,A,D,0,,,,,Y,,A,07,0,0,1,0,0,0,0,0,0,"- ","- ",37.725151062011719,-122.40184783935547,"SAN FRANCISCO","SAN FRANCISCO",-122.40193176269531,37.725128173828125
92275616,2023,2024-01-01,9335,2023-12-20,"105 ",022703,,3,3,7,3801,0,1,1,,2,022,"I-280 SOUTHBOUND","THE NORTH ROADWAY EDGE OF ALEMANY BOULEVARD",45.00,S,N,C,-,Y,SF,,280," ",R,0.482,H,,L,Y,4,0,1,1,A,-,01,23152,A,N,E,I,A,B,H,-,D,D,0,,,,,Y,Y,A,01,0,0,1,0,0,0,0,0,0,"- ","- ",37.710689544677734,-122.46112060546875,"SAN FRANCISCO","SAN FRANCISCO",-122.46111297607422,37.710578918457031
92275660,2023,2024-01-01,9335,2023-10-09,"820 ",023474,,1,1,7,3801,0,1,1,,2,022,"I-280 N/B","BADEN ST OVERCROSSING",245.00,N,N,A,-,Y,SF,,280," ",R,2.322,H,,R,N,4,0,1,3,A,-,07,21658,A,N,B,C,A,A,H,-,A,D,0,,,,,Y,,-,"- ",0,0,1,0,0,0,0,0,0,"- ","- ",37.729091644287109,-122.441650390625,"SAN FRANCISCO","SAN FRANCISCO",-122.441650390625,37.729087829589844
92275845,2023,2024-01-01,9335,2023-11-03,"550 ",023063,,5,3,7,3801,0,1,1,,1,081,"I-80 WESTBOUND","TREASURE ISLAND RD",518.00,W,N,A,-,Y,SF,,80," "," ",7.623,H,,L,N,4,0,1,2,A,-,03,22350,,N,C,C,A,A,H,-,C,D,0,,,,,Y,,A,01,0,0,1,0,0,0,0,0,0,"- ","- ",37.807979583740234,-122.3675537109375,"SAN FRANCISCO","SAN FRANCISCO",-122.36732482910156,37.807857513427734
92276357,2023,2024-01-02,9350,2023-12-21,1702,023482,,4,2,7,3801,0,1,2,,1,120,"US-101 S/B","MERCHANT RD",4752.00,N,N,A,-,Y,,,,,,,,,,Y,4,0,1,2,A,-,03,22350,,N,C,C,A,A,H,-,A,D,0,,,,,Y,,A,01,0,0,1,0,0,0,0,0,0,"- ","- ",37.819850921630859,-122.47856903076172,"SAN FRANCISCO","SAN FRANCISCO",-122.47878265380859,37.819828033447266
92278187,2023,2024-01-03,9335,2023-10-06,1615,023373,,5,2,7,3801,0,1,1,,2,022,"I-280 SB","FARALLONES STREET PEDESTRIAN OVERCROSSING",570.00,N,N,A,-,Y,SF,,280," ",R,1.175,H,,L,N,3,0,1,2,A,-,03,22350,,N,C,C,A,A,H,-,A,D,0,,,,,Y,,A,01,0,1,0,0,0,0,0,0,0,"- ","- ",37.714908599853516,-122.45063018798828,"SAN FRANCISCO","SAN FRANCISCO",-122.4505615234375,37.714859008789062
92280300,2023,2024-01-05,9335,2023-12-23,"230 ",023167,,6,3,7,3801,0,1,2,,2,015,"US-101 S/B TO I-80 E/B","BRANNAN ST",315.00,N,N,A,-,Y,SF,,80," ",L,4.128,H,,R,Y,4,0,1,1,A,-,01,23152,A,N,E,I,A,A,H,-,C,D,0,,,,,Y,Y,A,01,0,0,1,0,0,0,0,0,0,"- ","- ",37.770130157470703,-122.40538787841797,"SAN FRANCISCO","SAN FRANCISCO",-122.40543365478516,37.770126342773438
92281003,2023,2024-01-08,9335,2023-09-14,1923,023367,,4,2,7,3801,0,1,2,,2,014,"US-101 S/B","18TH STREET PEDESTRIAN OVERCROSSING",315.00,N,N,A,-,Y,SF,,101," "," ",4.020,H,,L,Y,3,0,1,2,A,-,13,22515,A,M,D,C,A,A,H,-,B,D,0,,,,,Y,,A,01,0,1,0,0,0,0,0,0,0,"- ","- ",37.762989044189453,-122.40538024902344,"SAN FRANCISCO","SAN FRANCISCO",-122.40538787841797,37.762992858886719
92284897,2023,2024-01-11,9335,2023-12-25,1420,023593,,1,2,7,3801,0,1,1,,1,082,"I-80 WESTBOUND","THE METERING LIGHTS",1393.00,W,N,A,-,Y,ALA,,80," ",R,1.546,H,,L,N,4,0,3,3,A,-,07,21658,A,N,B,C,A,A,H,-,A,D,0,,,,,Y,,A,07,0,0,3,0,0,0,0,0,0,"- ","- ",37.822769165039062,-122.32164001464844,"SAN FRANCISCO","SAN FRANCISCO",-122.32167053222656,37.822864532470703
92285946,2023,2024-01-12,9335,2023-12-26,1812,023483,,2,2,7,3801,0,1,1,,2,024,"I-280 SOUTHBOUND TO PENNSYLVANIA STREET","18TH STREET",45.00,N,N,A,-,Y,,,,,,,,,,Y,4,0,1,1,A,-,08,22107,,M,E,8,A,A,H,-,C,D,0,,,,,Y,,A,07,0,0,1,0,0,0,0,0,0,"- ","- ",37.76300048828125,-122.39312744140625,"SAN FRANCISCO","SAN FRANCISCO",-122.39312744140625,37.76300048828125