CASE_ID,ACCIDENT_YEAR,PROC_DATE,JURIS,COLLISION_DATE,COLLISION_TIME,OFFICER_ID,REPORTING_DISTRICT,DAY_OF_WEEK,CHP_SHIFT,POPULATION,CNTY_CITY_LOC,SPECIAL_COND,BEAT_TYPE,CHP_BEAT_TYPE,CITY_DIVISION_LAPD,CHP_BEAT_CLASS,BEAT_NUMBER,PRIMARY_RD,SECONDARY_RD,DISTANCE,DIRECTION,INTERSECTION,WEATHER_1,WEATHER_2,STATE_HWY_IND,CALTRANS_COUNTY,CALTRANS_DISTRICT,STATE_ROUTE,ROUTE_SUFFIX,POSTMILE_PREFIX,POSTMILE,LOCATION_TYPE,RAMP_INTERSECTION,SIDE_OF_HWY,TOW_AWAY,COLLISION_SEVERITY,NUMBER_KILLED,NUMBER_INJURED,PARTY_COUNT,PRIMARY_COLL_FACTOR,PCF_CODE_OF_VIOL,PCF_VIOL_CATEGORY,PCF_VIOLATION,PCF_VIOL_SUBSECTION,HIT_AND_RUN,TYPE_OF_COLLISION,MVIW,PED_ACTION,ROAD_SURFACE,ROAD_COND_1,ROAD_COND_2,LIGHTING,CONTROL_DEVICE,CHP_ROAD_TYPE,PEDESTRIAN_ACCIDENT,BICYCLE_ACCIDENT,MOTORCYCLE_ACCIDENT,TRUCK_ACCIDENT,NOT_PRIVATE_PROPERTY,ALCOHOL_INVOLVED,STWD_VEHTYPE_AT_FAULT,CHP_VEHTYPE_AT_FAULT,COUNT_SEVERE_INJ,COUNT_VISIBLE_INJ,COUNT_COMPLAINT_PAIN,COUNT_PED_KILLED,COUNT_PED_INJURED,COUNT_BICYCLIST_KILLED,COUNT_BICYCLIST_INJURED,COUNT_MC_KILLED,COUNT_MC_INJURED,PRIMARY_RAMP,SECONDARY_RAMP,LATITUDE,LONGITUDE,COUNTY,CITY,POINT_X,POINT_Y
92285979,2023,2024-01-12,9335,2023-12-16,2140,023119,,6,2,7,3801,0,1,1,,1,081,"I-80 W/B","2ND STREET",472.00,E,N,A,-,Y,SF,,80," "," ",5.505,H,,L,N,4,0,2,4,A,-,07,21658,A,M,B,C,A,A,H,-,C,D,0,,,,,Y,,A,01,0,0,2,0,0,0,0,0,0,"- ","- ",37.784721374511719,-122.39327239990234,"SAN FRANCISCO","SAN FRANCISCO",-122.39324951171875,37.784690856933594
92286036,2023,2024-01-12,9335,2023-12-08,"730 ",021200,,5,1,7,3801,0,1,1,,2,022,"I-280 NB","ALEMANY BOULEVARD",1500.00,S,N,A,-,Y,SF,,280," ",R,3.325,H,,R,N,4,0,1,1,A,-,08,22107,,N,E,I,A,A,H,-,A,D,0,,,,,Y,,A,01,0,0,1,0,0,0,0,0,0,"- ","- ",37.731319427490234,-122.42436981201172,"SAN FRANCISCO","SAN FRANCISCO",-122.42436981201172,37.731357574462891
92286056,2023,2024-01-12,9335,2023-12-10,"845 ",021200,,7,1,7,3801,0,1,1,,2,023,"I-280 SB","MISSION ST",300.00,S,N,A,-,Y,SF,,280," ",R,3.042,H,,L,N,4,0,1,2,A,-,03,22350,,N,C,C,A,A,H,-,A,D,0,,,,,Y,,D,22,0,0,1,0,0,0,0,0,0,"- ","- ",37.732261657714844,-122.42935943603516,"SAN FRANCISCO","SAN FRANCISCO",-122.42935180664062,37.732284545898438
92288257,2023,2024-01-16,9335,2023-11-20,1827,023312,,1,2,7,3801,0,1,2,,2,015,"US-101 S/B","HARRISON ST U/C",93.00,S,N,A,-,Y,SF,,101," ",R,4.799,H,,L,N,4,0,1,3,A,-,03,22350,,N,C,C,A,A,H,-,C,D,0,,,,,Y,,A,01,0,0,1,0,0,0,0,0,0,"- ","- ",37.769420623779297,-122.41221618652344,"SAN FRANCISCO","SAN FRANCISCO",-122.41221618652344,37.769435882568359
92288307,2023,2024-01-16,9335,2023-11-01,1540,023474,,3,2,7,3801,0,1,1,,1,083,"I-80 E/B","TREASURE ISLAND RD",4162.00,W,N,A,-,Y,SF,,80," "," ",6.945,H,,R,N,3,0,1,1,A,-,03,22350,,N,F,I,A,A,H,-,A,D,0,,,Y,,Y,,C,02,0,1,0,0,0,0,0,0,1,"- ","- ",37.800399780273438,-122.37564086914062,"SAN FRANCISCO","SAN FRANCISCO",-122.37543487548828,37.800258636474609
92288313,2023,2024-01-16,9335,2023-11-18,1747,022860,,6,2,7,3801,0,1,2,,2,015,"US-101 S/B","BRYANT ST UNDERCROSSING",50.00,S,N,B,-,Y,SF,,101," ",R,4.709,H,,L,Y,4,0,1,3,A,-,03,22350,,N,C,C,A,B,H,-,C,D,0,,,,,Y,,A,01,0,0,1,0,0,0,0,0,0,"- ","- ",37.769279479980469,-122.41059112548828,"SAN FRANCISCO","SAN FRANCISCO",-122.41059112548828,37.769279479980469
92295869,2023,2024-01-24,9335,2023-12-07,2210,023474,,4,3,7,3801,0,1,1,,2,085,"I-80 E/B FROM BRYANT STREET","BRYANT ST",18.00,E,N,A,-,Y,SF,,80," "," ",5.624,H,,R,N,4,0,1,2,A,-,01,23152,A,M,C,C,A,A,H,-,C,D,0,,,,,Y,Y,A,01,0,0,1,0,0,0,0,0,0,"- ","- ",37.785549163818359,-122.39137268066406,"SAN FRANCISCO","SAN FRANCISCO",-122.39144897460938,37.785617828369141
92296184,2023,2024-01-24,9335,2023-10-29,1340,022920,,7,1,7,3801,0,1,1,,1,083,"I-80 E/B FROM HILLCREST RD.","THE SAN FRANCISCO OAKLAND BAY BRIDGE S.A.S. TOWER",1637.00,W,N,A,-,Y,,,,,,,,,,Y,4,0,1,2,A,-,03,22350,,N,C,C,A,A,H,-,A,A,0,,,,,Y,,A,01,0,0,1,0,0,0,0,0,0,"- ","- ",37.812149047851562,-122.36264801025391,"SAN FRANCISCO","SAN FRANCISCO",-122.36264801025391,37.812149047851562
92298632,2023,2024-01-29,9335,2023-12-29,"650 ",021200,,5,1,7,3801,0,1,2,,2,013,"US-101 NB","PAUL AVENUE",300.00,S,N,C,-,Y,SF,,101," "," ",1.015,H,,R,N,3,0,1,2,A,-,08,22107,,N,D,C,A,B,H,-,A,D,0,,,,,Y,,A,01,0,1,0,0,0,0,0,0,0,"- ","- ",37.722251892089844,-122.40052795410156,"SAN FRANCISCO","SAN FRANCISCO",-122.40048980712891,37.722259521484375
92316941,2023,2024-03-13,9335,2023-12-13,1100,023504,,3,1,7,3801,0,1,1,,1,083,"I-80 E/B","FOREST HILL ROAD",180.00,E,N,A,-,Y,SF,,80," "," ",7.826,H,,R,N,4,0,1,2,A,-,03,22350,,F,C,C,A,A,H,-,A,D,0,,,,,Y,,-,99,0,0,1,0,0,0,0,0,0,"- ","- ",37.810188293457031,-122.36492919921875,"SAN FRANCISCO","SAN FRANCISCO",-122.36495208740234,37.810203552246094
92316968,2023,2024-02-19,9335,2023-10-20,1840,022795,,5,2,7,3801,0,1,1,,1,083,"I-80 E/B","BEALE STREET",315.00,W,N,A,-,Y,SF,,80," "," ",5.658,H,,R,N,3,0,1,2,A,-,07,21658,A,N,B,C,A,A,H,-,A,D,0,,,Y,,Y,,C,02,0,1,0,0,0,0,0,0,1,"- ","- ",37.7860107421875,-122.39108276367188,"SAN FRANCISCO","SAN FRANCISCO",-122.39101409912109,37.785964965820312
92319553,2023,2024-02-21,9335,2023-10-27,1810,023167,,5,2,7,3801,0,1,1,,2,023,"I-280 S/B","MISSION ST",135.00,S,N,A,-,Y,SF,,280," ",R,3.080,H,,L,N,4,0,1,3,A,-,03,22350,,N,C,2,A,A,H,-,A,D,0,,,,,Y,,A,07,0,0,1,0,0,0,0,0,0,"- ","- ",37.732189178466797,-122.42862701416016,"SAN FRANCISCO","SAN FRANCISCO",-122.42864227294922,37.732147216796875
92320248,2023,2024-02-22,9335,2023-12-09,1335,023595,,6,1,7,3801,0,1,1,,2,022,"I-280 S/B","CONGDON STREET OVERCROSSING",76.00,N,N,A,-,Y,SF,,280," ",R,3.243,H,,L,Y,3,0,1,3,A,-,07,21658,A,M,B,C,A,A,H,-,A,D,0,,,,,Y,,A,01,0,1,0,0,0,0,0,0,0,"- ","- ",37.731590270996094,-122.42578887939453,"SAN FRANCISCO","SAN FRANCISCO",-122.42578887939453,37.731601715087891
92320738,2023,2024-02-22,9335,2023-10-31,1635,023366,,2,2,7,3801,0,1,2,,2,013,"US-101 N/B","PAUL AVE",435.00,N,N,A,-,Y,SF,,101," "," ",1.208,H,,R,N,4,0,1,2,A,-,03,22350,,N,C,C,A,A,H,-,A,D,0,,,,,Y,,A,01,0,0,1,0,0,0,0,0,0,"- ","- ",37.724910736083984,-122.40151977539062,"SAN FRANCISCO","SAN FRANCISCO",-122.40156555175781,37.724899291992188
92322540,2023,2024-02-26,9335,2023-10-26,"439 ",023312,,4,3,7,3801,0,1,1,,1,083,"I-80 W/B","BEALE ST U/C",727.00,W,N,A,-,Y,SF,,80," "," ",5.581,H,,L,Y,4,0,1,3,A,-,03,22350,,M,C,C,A,A,H,-,C,D,0,,,,,Y,,A,01,0,0,1,0,0,0,0,0,0,"- ","- ",37.785369873046875,-122.39218139648438,"SAN FRANCISCO","SAN FRANCISCO",-122.39208221435547,37.785251617431641
92322562,2023,2024-02-26,9335,2023-10-31,2240,023312,,2,3,7,3801,0,1,1,,1,081,"I-80 W/B","NAVY RD U/C",1145.00,E,N,A,-,Y,SF,,80," ",R,8.410,H,,L,N,3,0,1,1,A,-,01,23152,G,N,E,I,A,A,H,-,C,D,0,,,,,Y,Y,-,"- ",0,1,0,0,0,0,0,0,0,"- ","- ",37.816181182861328,-122.35726165771484,"SAN FRANCISCO","SAN FRANCISCO",-122.35738372802734,37.816329956054688
92325634,2023,2024-02-28,9335,2023-10-21,"210 ",022802,,6,3,7,3801,0,1,2,,2,013,"US-101 S/B TO I-280 S/B TO ALEMANY BLVD","ALEMANY BLVD",65.00,S,N,A,-,Y,,,,,,,,,,Y,3,0,1,1,A,-,01,23152,A,N,E,I,A,A,H,-,C,A,0,,,,,Y,Y,A,07,0,1,0,0,0,0,0,0,0,"- ","- ",37.734569549560547,-122.41056060791016,"SAN FRANCISCO","SAN FRANCISCO",-122.40804290771484,37.737823486328125
92331293,2023,2024-03-06,9335,2023-11-26,1458,020772,,7,2,7,3801,0,1,1,,2,022,I-280,"PAULDING ST OVERCROSSING",215.00,S,N,A,-,Y,SF,,280," ",R,2.147,H,,R,N,3,0,1,1,A,-,08,22107,,N,F,A,A,A,H,-,A,D,0,,,Y,,Y,,C,02,0,1,0,0,0,0,0,0,1,"- ","- ",37.727680206298828,-122.44429016113281,"SAN FRANCISCO","SAN FRANCISCO",-122.44429016113281,37.727680206298828
92338551,2023,2024-03-14,9335,2023-12-31,2155,023489,,7,2,7,3801,0,1,1,,2,080,"I-80 E/B","5TH STREET UNDER-CROSSING",126.00,W,N,C,-,Y,SF,,80," "," ",4.805,H,,R,N,4,0,1,2,A,-,03,22350,,N,C,C,A,B,H,-,C,D,0,,,,,Y,,A,01,0,0,1,0,0,0,0,0,0,"- ","- ",37.777969360351562,-122.40128326416016,"SAN FRANCISCO","SAN FRANCISCO",-122.40129089355469,37.777988433837891
92345403,2023,2024-03-25,9335,2023-12-10,"357 ",022860,,7,3,7,3801,0,1,1,,1,083,"I-80 E/B","TREASURE ISLAND ROAD",3000.00,W,N,A,-,Y,SF,,80," "," ",7.126,H,,R,Y,2,0,3,3,C,-,18,,,N,E,C,E,A,H,-,D,D,0,Y,,,,Y,,-,"- ",2,1,0,0,1,0,0,0,0,"- ","- ",37.802330017089844,-122.37332153320312,"SAN FRANCISCO","SAN FRANCISCO",-122.37325286865234,37.802284240722656
92348754,2023,2024-03-27,9335,2023-11-02,1950,022860,,4,2,7,3801,0,1,1,,2,024,"I-280 N/B","16TH ST UNDERCROSSING",430.00,N,N,A,-,Y,SF,,280," ",R,6.956,H,,R,N,4,0,1,2,A,-,03,22350,,N,C,C,A,A,H,-,C,D,0,,,,,Y,,M,94,0,0,1,0,0,0,0,0,0,"- ","- ",37.767528533935547,-122.39553833007812,"SAN FRANCISCO","SAN FRANCISCO",-122.39558410644531,37.767494201660156
92350032,2023,2024-03-29,9335,2023-11-09,1055,018804,,4,1,7,3801,0,1,1,,2,023,"I-280 S/B","FARALLONES ST. PEDESTRIAN OVERCROSSING",600.00,N,N,A,-,Y,SF,,280," ",R,1.180,H,,L,N,4,0,1,2,A,-,00,21960,A,M,G,B,D,A,H,-,A,D,0,Y,,,,Y,,-,"- ",0,0,1,0,1,0,0,0,0,"- ","- ",37.714920043945312,-122.45050048828125,"SAN FRANCISCO","SAN FRANCISCO",-122.45049285888672,37.714912414550781
92357062,2023,2024-04-05,9335,2023-11-17,"747 ",022860,,5,1,7,3801,0,1,2,,2,013,"US-101 S/B","FAITH STREET PEDESTRIAN OVERCROSSING",1000.00,S,N,A,-,Y,SF,,101," "," ",2.418,H,,L,N,4,0,1,2,A,-,07,21658,A,M,B,C,A,A,H,-,A,D,0,,,,,Y,,-,99,0,0,1,0,0,0,0,0,0,"- ","- ",37.741600036621094,-122.40757751464844,"SAN FRANCISCO","SAN FRANCISCO",-122.40760040283203,37.741607666015625
92363904,2023,2024-04-15,9335,2023-11-19,1545,022860,,7,2,7,3801,0,1,2,,2,013,"US-101 S/B","CORTLAND AVE UNDERCROSSING",410.00,N,N,A,-,Y,SF,,101," "," ",2.358,H,,L,N,4,0,1,2,A,-,06,21755,A,M,C,C,A,A,H,-,A,D,0,,,Y,,Y,,A,07,0,0,1,0,0,0,0,0,1,"- ","- ",37.740798950195312,-122.40789031982422,"SAN FRANCISCO","SAN FRANCISCO",-122.40791320800781,37.740802764892578
92415470,2023,2024-06-17,9335,2023-08-27,"252 ",023111,,7,3,7,3801,0,1,2,,2,013,"US-101 N/B","BAYSHORE BLVD OVERCROSSING",1129.00,N,N,A,-,Y,SF,,101," "," ",0.772,H,,R,Y,1,2,1,2,A,-,01,23152,A,N,A,C,A,A,H,-,C,D,0,,,,,Y,Y,A,01,1,0,0,0,0,0,0,0,0,"- ","- ",37.718978881835938,-122.39949798583984,"SAN FRANCISCO","SAN FRANCISCO",-122.39943695068359,37.718990325927734
94489051,2023,2024-12-02,9335,2023-10-14,"25  ",023067,,6,3,7,3801,0,1,1,,2,023,"I-280 N/B","MISSION ST",375.00,S,N,A,-,Y,SF,,280," ",R,3.028,H,,R,N,1,1,0,2,A,-,17,21200,,F,H,G,A,A,H,-,D,D,0,,Y,,,Y,Y,L,04,0,0,0,0,0,1,0,0,0,"- ","- ",37.732059478759766,-122.42970275878906,"SAN FRANCISCO","SAN FRANCISCO",-122.42967987060547,37.732128143310547
9464165,2023,2023-03-13,3801,2023-01-10,1751,4084,TRAFF,2,5,7,3801,0,0,0,,0,4B4B,"16TH ST","VALENCIA ST",11.00,E,N,B,-,N,,,,,,,,,,Y,1,1,0,2,A,-,11,21456,B,N,G,B,B,A,H,-,C,A,0,Y,,,,Y,,N,60,0,0,0,1,0,0,0,0,0,"- ","- ",,,"SAN FRANCISCO","SAN FRANCISCO",-122.42185211181641,37.764911651611328
9464243,2023,2023-06-16,3801,2023-01-23,"543 ",1422,TRAFF,1,5,7,3801,0,0,0,,0,4B2F,"FRANKLIN ST","EDDY ST",70.00,N,N,A,-,N,,,,,,,,,,Y,1,1,0,2,A,-,11,21954,A,N,G,B,E,A,H,-,C,A,0,Y,,,,Y,,N,60,0,0,0,1,0,0,0,0,0,"- ","- ",,,"SAN FRANCISCO","SAN FRANCISCO",-122.42247772216797,37.782859802246094
9468614,2023,2023-09-08,3801,2023-08-22,1505,528,NORTH,2,5,7,3801,0,0,0,,0,901,"UNION ST","BUCHANAN ST",13.00,W,N,A,-,N,,,,,,,,,,N,4,0,1,2,A,-,10,21950,A,N,G,B,B,A,H,-,A,A,0,Y,,,,Y,,A,01,0,0,1,0,1,0,0,0,0,"- ","- ",,,"SAN FRANCISCO","SAN FRANCISCO",-122.43224334716797,37.797504425048828
9468615,2023,2023-09-08,3801,2023-08-06,1830,4253,INGLE,7,5,7,3801,0,0,0,,0,0H5,"GENEVA AV","ALEMANY BL",33.00,E,N,A,-,N,,,,,,,,,,Y,4,0,1,5,A,-,03,22350,,F,B,C,A,A,H,-,A,A,0,,,,,Y,,A,01,0,0,1,0,0,0,0,0,0,"- ","- ",,,"SAN FRANCISCO","SAN FRANCISCO",-122.43363952636719,37.713111877441406
9468617,2023,2023-09-08,3801,2023-08-29,1728,1796,RICHM,2,5,7,3801,0,0,0,,0,,"GEARY BL",27TH,0.00,,Y,A,-,N,,,,,,,,,,Y,4,0,1,2,A,-,12,21453,A,N,D,C,A,A,H,-,A,A,0,,,,,Y,,A,01,0,0,1,0,0,0,0,0,0,"- ","- ",,,"SAN FRANCISCO","SAN FRANCISCO",-122.48689270019531,37.780048370361328
9468618,2023,2023-09-08,3801,2023-08-03,1831,1150,PARK,4,5,7,3801,0,0,0,,0,3F14D,"SANCHEZ ST","DUBOCE AV",0.00,,-,B,-,N,,,,,,,,,,,4,0,1,2,A,-,21,22106,,N,D,G,A,A,H,-,A,D,0,,Y,,,Y,,A,01,0,0,1,0,0,0,1,0,0,"- ","- ",,,"SAN FRANCISCO","SAN FRANCISCO",-122.43133544921875,37.769329071044922
9468622,2023,2023-09-08,3801,2023-08-11,"942 ",1250,SOUTH,5,5,7,3801,0,0,0,,0,3B15A,"KANSAS ST","16TH ST",0.00,,Y,A,-,N,,,,,,,,,,N,3,0,1,2,A,-,08,22107,,N,G,B,E,A,H,-,A,A,0,Y,,,,Y,,-,,0,1,0,0,1,0,0,0,0,"- ","- ",,,"SAN FRANCISCO","SAN FRANCISCO",-122.40363311767578,37.766033172607422
9468629,2023,2023-09-27,3801,2023-08-24,1210,2707,TARAV,4,5,7,3801,0,0,0,,0,3CAR,"37TH AV","KIRKHAM ST",0.00,,Y,A,-,N,,,,,,,,,,N,3,0,1,2,A,-,10,21950,,N,D,-,A,A,H,-,A,A,0,,,,,Y,,A,01,0,1,0,0,0,0,0,0,0,"- ","- ",,,"SAN FRANCISCO","SAN FRANCISCO",-122.49616241455078,37.758987426757812
9468633,2023,2023-09-08,3801,2023-08-24,"925 ",1857,SOUTH,4,5,7,3801,0,0,0,,0,3B60,"7TH ST","HUBBELL ST",33.00,N,N,A,-,N,,,,,,,,,,N,2,0,1,1,D,-,00,,,N,H,-,A,A,H,-,A,D,0,,,,,Y,,-,"- ",1,0,0,0,0,0,0,0,0,"- ","- ",,,"SAN FRANCISCO","SAN FRANCISCO",-122.39678955078125,37.767894744873047
9468637,2023,2023-09-08,3801,2023-08-24,"600 ",764,PARK,4,5,7,3801,0,0,0,,0,3F13A,"STANYAN ST","TURK ST",0.00,,Y,A,-,N,,,,,,,,,,N,4,0,1,3,A,-,12,21453,A,N,D,C,A,A,H,-,B,A,0,,,,,Y,,A,01,0,0,1,0,0,0,0,0,0,"- ","- ",,,"SAN FRANCISCO","SAN FRANCISCO",-122.45523071289062,37.777591705322266
9468648,2023,2023-09-21,3801,2023-08-17,1908,1046,NORTH,4,5,7,3801,0,0,0,,0,3E15D,"STEINER ST","GOLDEN GATE AV",0.00,,-,A,-,N,,,,,,,,,,Y,4,0,1,2,A,-,09,21801,A,N,D,G,A,A,D,H,B,A,0,,,,,Y,,A,01,0,0,1,0,0,0,0,0,0,"- ","- ",,,"SAN FRANCISCO","SAN FRANCISCO",-122.43357849121094,37.779354095458984
9468651,2023,2023-09-20,3801,2023-08-17,1540,1246,BAYVI,4,5,7,3801,0,0,0,,0,3C15D,"3RD ST","VAN DYKE AV",0.00,,Y,A,-,N,,,,,,,,,,N,3,0,1,2,A,-,03,22350,,N,H,G,A,A,H,-,A,D,0,,Y,,,Y,,L,04,0,1,0,0,0,0,1,0,0,"- ","- ",,,"SAN FRANCISCO","SAN FRANCISCO",-122.39257049560547,37.729206085205078
9468654,2023,2023-09-21,3801,2023-08-19,2045,1414,MISSI,6,5,7,3801,0,0,0,,0,3D11D,"13TH ST","MISSION ST",0.00,,Y,A,-,N,,,,,,,,,,N,3,0,1,2,A,-,12,21453,,F,D,C,A,A,H,-,C,A,0,,,Y,,Y,,A,01,0,1,0,0,0,0,0,0,1,"- ","- ",,,"SAN FRANCISCO","SAN FRANCISCO",-122.419921875,37.769977569580078
9468655,2023,2023-09-21,3801,2023-08-19,2114,4103,MISSI,6,5,7,3801,0,0,0,,0,903,"15TH ST","15TH ST 1600",0.00,,-,A,-,N,,,,,,,,,,N,3,0,1,2,A,-,17,22517,,N,H,G,A,A,H,-,-,-,0,,Y,,,Y,,A,01,0,1,0,0,0,0,1,0,0,"- ","- ",,,"SAN FRANCISCO","SAN FRANCISCO",-122.47441864013672,37.7869873046875
9468657,2023,2023-09-21,3801,2023-08-22,"845 ",1061,SOUTH,2,5,7,3801,0,0,0,,0,3B14A,"MARKET ST","OCTAVIA ST",0.00,,Y,A,-,N,,,,,,,,,,N,4,0,1,2,A,-,08,22101,D,N,D,G,A,A,H,-,A,A,0,,Y,,,Y,,A,01,0,0,1,0,0,0,1,0,0,"- ","- ",,,"SAN FRANCISCO","SAN FRANCISCO",-122.42359161376953,37.771774291992188
9468658,2023,2023-09-21,3801,2023-08-21,1801,2038,PARK,1,5,7,3801,0,0,0,,0,3F13D,"PARKER AV","ANZA ST",223.00,S,N,A,-,N,,,,,,,,,,N,3,0,1,2,A,-,09,21804,,N,H,A,A,A,H,-,A,D,0,,,Y,,Y,,A,01,0,1,0,0,0,0,0,0,1,"- ","- ",,,"SAN FRANCISCO","SAN FRANCISCO",-122.45376586914062,37.779621124267578
9468660,2023,2023-09-21,3801,2023-08-20,2302,1217,MISSI,7,5,7,3801,0,0,0,,0,,"DOLORES ST","19TH ST",0.00,,Y,A,-,N,,,,,,,,,,,3,0,1,2,A,-,"- ",,,N,D,G,A,A,H,-,C,A,0,,Y,,,Y,,L,04,0,1,0,0,0,0,1,0,0,"- ","- ",,,"SAN FRANCISCO","SAN FRANCISCO",-122.42600250244141,37.759849548339844
9468662,2023,2023-09-14,3801,2023-08-13,1120,2263,TARAV,7,5,7,3801,0,0,0,,0,3I11A,"JUDAH ST",FUNSTON,54.00,W,N,A,-,N,,,,,,,,,,N,4,0,1,2,A,-,09,21804,A,N,E,I,A,A,H,-,A,-,0,,,Y,,Y,,A,01,0,0,1,0,0,0,0,0,1,"- ","- ",,,"SAN FRANCISCO","SAN FRANCISCO",-122.47066497802734,37.762031555175781
9468663,2023,2023-09-21,3801,2023-08-14,"0   ",2157,RICHM,1,5,7,3801,0,0,0,,0,003,"GEARY BL","15TH AV",94.00,E,N,A,-,N,,,,,,,,,,Y,3,0,2,2,A,-,03,22350,,N,C,C,A,A,H,-,C,A,0,,,,,Y,,A,01,0,1,1,0,0,0,0,0,0,"- ","- ",,,"SAN FRANCISCO","SAN FRANCISCO",-122.47366333007812,37.780651092529297
9468666,2023,2023-09-11,3801,2023-08-10,1827,1066,NORTH,4,5,7,3801,0,0,0,,0,6CAR,"BROADWAY ST","POLK ST",0.00,,Y,A,-,N,,,,,,,,,,Y,4,0,3,3,A,-,09,21804,A,N,-,-,A,A,D,-,A,A,0,,,,,Y,,A,01,0,0,3,0,0,0,0,0,0,"- ","- ",,,"SAN FRANCISCO","SAN FRANCISCO",-122.42176055908203,37.795940399169922
9468669,2023,2023-09-11,3801,2023-08-14,1536,A09968,PARK,1,5,7,3801,0,0,0,,0,3F2D,"CLAYTON ST","MARKET ST",0.00,,Y,A,-,N,,,,,,,,,,N,4,0,1,2,A,-,04,21703,,N,C,G,A,-,H,-,A,A,0,,Y,,,Y,,A,07,0,0,1,0,0,0,1,0,0,"- ","- ",,,"SAN FRANCISCO","SAN FRANCISCO",-122.4437255859375,37.758148193359375
9468678,2023,2023-09-08,3801,2023-08-19,2124,2740,TARAV,6,5,7,3801,0,0,0,,0,INGLES,"MISSION ST","GENEVA AV",0.00,,Y,A,-,N,,,,,,,,,,N,4,0,1,2,A,-,09,21801,,F,B,-,A,A,H,-,C,A,0,,,,,Y,,A,01,0,0,1,0,0,0,0,0,0,"- ","- ",,,"SAN FRANCISCO","SAN FRANCISCO",-122.44100189208984,37.716388702392578
9468682,2023,2023-09-14,3801,2023-08-10,"513 ",2157,RICHM,4,5,7,3801,0,0,0,,0,005,"42ND AV","BALBOA ST",310.00,N,N,A,-,N,,,,,,,,,,Y,4,0,1,5,A,-,05,21650,,N,A,E,A,B,H,-,C,D,0,,,,,Y,,-,,0,0,1,0,0,0,0,0,0,"- ","- ",,,"SAN FRANCISCO","SAN FRANCISCO",-122.50273132324219,37.776332855224609
9468689,2023,2023-09-15,3801,2023-08-09,1018,1832,TENDE,3,5,7,3801,0,0,0,,0,3J30,"CYRIL MAGNIN ST","ELLIS ST",0.00,,Y,A,-,N,,,,,,,,,,Y,3,0,1,2,A,-,00,16028,C,N,D,C,A,A,H,-,A,A,0,,,,,Y,Y,A,01,0,1,0,0,0,0,0,0,0,"- ","- ",,,"SAN FRANCISCO","SAN FRANCISCO",-122.40866088867188,37.785427093505859
9468695,2023,2023-09-14,3801,2023-08-10,2131,1857,NORTH,4,5,7,3801,0,0,0,,0,3E6I,"PIERCE ST","ELM ST",0.00,,Y,A,-,N,,,,,,,,,,N,4,0,2,2,A,-,09,21801,A,N,D,D,A,A,H,-,C,D,0,,,,,Y,,A,01,0,0,2,0,0,0,0,0,0,"- ","- ",,,"SAN FRANCISCO","SAN FRANCISCO",-122.43534088134766,37.779670715332031
9468698,2023,2023-10-05,3801,2023-08-10,"850 ",2190,INGLE,4,5,7,3801,0,0,0,,0,3H13A,"30TH ST","CHENERY ST",0.00,,Y,A,-,N,,,,,,,,,,Y,3,0,3,3,A,-,12,22450,A,N,D,C,A,A,H,-,A,A,0,,,,,Y,,A,01,0,1,2,0,0,0,0,0,0,"- ","- ",,,"SAN FRANCISCO","SAN FRANCISCO",-122.42581176757812,37.742137908935547
9468700,2023,2023-09-14,3801,2023-08-12,1700,319,CENTR,6,5,7,3801,0,0,0,,0,3A13D,"WASHINGTON ST","HYDE ST",0.00,,Y,A,-,N,,,,,,,,,,N,4,0,1,2,A,-,03,22350,,F,D,B,B,A,H,-,A,A,0,Y,,,,Y,,A,01,0,0,1,0,1,0,0,0,0,"- ","- ",,,"SAN FRANCISCO","SAN FRANCISCO",-122.41793823242188,37.793689727783203
9468702,2023,2023-09-15,3801,2023-08-09,1452,4274,RICHM,3,5,7,3801,0,0,0,,0,3G15C,"27TH AV","GEARY BL",41.00,N,N,A,-,N,,,,,,,,,,Y,4,0,1,2,A,-,03,22350,,N,B,E,A,A,H,-,A,A,0,,,,,Y,,A,01,0,0,1,0,0,0,0,0,0,"- ","- ",,,"SAN FRANCISCO","SAN FRANCISCO",-122.48690032958984,37.780162811279297
9468714,2023,2023-09-14,3801,2023-08-08,1413,2097,BAYVI,2,5,7,3801,0,0,0,,0,3C2A,"OAKDALE AV","LOOMIS ST",0.00,,Y,A,-,N,,,,,,,,,,N,4,0,2,2,A,-,09,21802,A,N,D,C,A,A,H,-,A,A,0,,,,,Y,,A,01,0,0,2,0,0,0,0,0,0,"- ","- ",,,"SAN FRANCISCO","SAN FRANCISCO",-122.40431213378906,37.742527008056641