CASE_ID,ACCIDENT_YEAR,PROC_DATE,JURIS,COLLISION_DATE,COLLISION_TIME,OFFICER_ID,REPORTING_DISTRICT,DAY_OF_WEEK,CHP_SHIFT,POPULATION,CNTY_CITY_LOC,SPECIAL_COND,BEAT_TYPE,CHP_BEAT_TYPE,CITY_DIVISION_LAPD,CHP_BEAT_CLASS,BEAT_NUMBER,PRIMARY_RD,SECONDARY_RD,DISTANCE,DIRECTION,INTERSECTION,WEATHER_1,WEATHER_2,STATE_HWY_IND,CALTRANS_COUNTY,CALTRANS_DISTRICT,STATE_ROUTE,ROUTE_SUFFIX,POSTMILE_PREFIX,POSTMILE,LOCATION_TYPE,RAMP_INTERSECTION,SIDE_OF_HWY,TOW_AWAY,COLLISION_SEVERITY,NUMBER_KILLED,NUMBER_INJURED,PARTY_COUNT,PRIMARY_COLL_FACTOR,PCF_CODE_OF_VIOL,PCF_VIOL_CATEGORY,PCF_VIOLATION,PCF_VIOL_SUBSECTION,HIT_AND_RUN,TYPE_OF_COLLISION,MVIW,PED_ACTION,ROAD_SURFACE,ROAD_COND_1,ROAD_COND_2,LIGHTING,CONTROL_DEVICE,CHP_ROAD_TYPE,PEDESTRIAN_ACCIDENT,BICYCLE_ACCIDENT,MOTORCYCLE_ACCIDENT,TRUCK_ACCIDENT,NOT_PRIVATE_PROPERTY,ALCOHOL_INVOLVED,STWD_VEHTYPE_AT_FAULT,CHP_VEHTYPE_AT_FAULT,COUNT_SEVERE_INJ,COUNT_VISIBLE_INJ,COUNT_COMPLAINT_PAIN,COUNT_PED_KILLED,COUNT_PED_INJURED,COUNT_BICYCLIST_KILLED,COUNT_BICYCLIST_INJURED,COUNT_MC_KILLED,COUNT_MC_INJURED,PRIMARY_RAMP,SECONDARY_RAMP,LATITUDE,LONGITUDE,COUNTY,CITY,POINT_X,POINT_Y
9468715,2023,2023-09-15,3801,2023-08-10,1710,2143,MISSI,4,5,7,3801,0,0,0,,0,3D16D,"16TH ST","BRYANT ST",237.00,E,N,A,-,N,,,,,,,,,,N,4,0,1,2,A,-,09,21801,A,N,D,C,A,A,H,-,A,D,0,,,,,Y,,A,01,0,0,1,0,0,0,0,0,0,"- ","- ",,,"SAN FRANCISCO","SAN FRANCISCO",-122.40969848632812,37.765632629394531
9468780,2023,2023-09-12,3801,2023-07-29,1153,4006,TARAV,6,5,7,3801,0,0,0,,0,3112B,"ORTEGA ST","20TH AV",0.00,,Y,A,-,N,,,,,,,,,,Y,4,0,2,2,A,-,12,22450,A,N,D,C,A,A,H,-,A,A,0,,,,,Y,,A,01,0,0,2,0,0,0,0,0,0,"- ","- ",,,"SAN FRANCISCO","SAN FRANCISCO",-122.4774169921875,37.752300262451172
9468783,2023,2023-09-12,3801,2023-07-19,1625,1994,TRAFF,3,5,7,3801,0,0,0,,0,4B3G,"MARKET ST","CYRIL MAGNIN ST",30.00,W,N,A,-,N,,,,,,,,,,N,3,0,2,2,A,-,05,21651,,N,A,G,A,A,D,-,A,A,0,,Y,,,Y,,M,94,0,2,0,0,0,0,1,0,0,"- ","- ",,,"SAN FRANCISCO","SAN FRANCISCO",-122.40813446044922,37.783939361572266
9468786,2023,2023-09-12,3801,2023-07-30,1235,1364,NORTH,7,5,7,3801,0,0,0,,0,3E6A,"LAGUNA ST","MARINA BL",0.00,,N,A,-,N,,,,,,,,,,N,2,0,1,2,A,-,09,21804,A,F,D,B,D,A,H,-,A,D,0,Y,,,,Y,,A,07,1,0,0,0,1,0,0,0,0,"- ","- ",,,"SAN FRANCISCO","SAN FRANCISCO",-122.43206787109375,37.805210113525391
9468789,2023,2023-09-12,3801,2023-07-16,"300 ",2153,TARAV,7,5,7,3801,0,0,0,,0,3115E,"JUNIPERO SERRA BL","19TH AV",0.00,,Y,A,-,N,,,,,,,,,,Y,4,0,1,2,A,-,03,22350,,F,C,C,A,A,H,-,C,A,0,,,,,Y,,-,,0,0,1,0,0,0,0,0,0,"- ","- ",,,"SAN FRANCISCO","SAN FRANCISCO",-122.47271728515625,37.717182159423828
9468791,2023,2023-09-11,3801,2023-07-11,1020,2476,SOUTH,2,5,7,3801,0,0,0,,0,3B14A,"MISSION ST","MISSION ST 680",0.00,,N,A,-,N,,,,,,,,,,Y,4,0,2,2,A,-,08,22107,,N,B,C,A,A,-,-,A,D,0,,,,,Y,,A,01,0,0,2,0,0,0,0,0,0,"- ","- ",,,"SAN FRANCISCO","SAN FRANCISCO",-122.41979217529297,37.7705078125
9468794,2023,2023-09-11,3801,2023-07-26,2020,964,NORTH,3,5,7,3801,0,0,0,,0,3E14D,POST,"FILLMORE ST",0.00,,Y,A,-,N,,,,,,,,,,N,3,0,1,3,A,-,03,22350,,F,C,C,A,A,H,-,C,D,0,,,Y,,Y,,-,,0,1,0,0,0,0,0,0,1,"- ","- ",,,"SAN FRANCISCO","SAN FRANCISCO",-122.43308258056641,37.785160064697266
9468795,2023,2023-10-05,3801,2023-07-22,1336,637,MISSI,6,5,7,3801,0,0,0,,0,3D14C,"CESAR CHAVEZ ST","MISSION ST",0.00,,Y,A,-,N,,,,,,,,,,N,2,0,2,2,A,-,12,21453,A,N,D,C,A,A,H,-,A,A,0,,,,,Y,,M,94,1,0,1,0,0,0,0,0,0,"- ","- ",,,"SAN FRANCISCO","SAN FRANCISCO",-122.41819763183594,37.748222351074219
9468800,2023,2023-09-11,3801,2023-07-25,1656,93,NORTH,2,5,7,3801,0,0,0,,0,3E6C,"VAN NESS AV","FRANCISCO ST",10.00,S,N,A,-,N,,,,,,,,,,N,4,0,1,2,A,-,08,22100,A,N,D,G,A,A,H,-,A,A,0,,Y,,,Y,,A,01,0,0,1,0,0,0,1,0,0,"- ","- ",,,"SAN FRANCISCO","SAN FRANCISCO",-122.42495727539062,37.803173065185547
9468801,2023,2023-09-11,3801,2023-07-26,2210,1706,SOUTH,3,5,7,3801,0,0,0,,0,3B14E,"HARRISON ST","HARRISON ST 674",0.00,,N,A,-,N,,,,,,,,,,N,4,0,1,2,D,-,00,,,N,B,G,A,A,H,-,D,A,0,,Y,,,Y,,-,"- ",0,0,1,0,0,0,1,0,0,"- ","- ",,,"SAN FRANCISCO","SAN FRANCISCO",,
9468809,2023,2023-09-11,3801,2023-07-30,1051,2151,PARK,7,5,7,3801,0,0,0,,0,3F13A,"MASONIC AV","OAK ST",0.00,,Y,A,-,N,,,,,,,,,,N,4,0,2,3,A,-,08,22107,,N,G,B,B,A,H,-,A,A,0,Y,,,,Y,,A,01,0,0,2,0,2,0,0,0,0,"- ","- ",,,"SAN FRANCISCO","SAN FRANCISCO",-122.44575500488281,37.772083282470703
9468811,2023,2023-09-21,3801,2023-07-28,2136,740,MISSI,5,5,7,3801,0,0,0,,0,0D4,"24TH ST","CAPP ST",60.00,W,N,A,-,N,,,,,,,,,,N,3,0,1,2,A,-,17,22517,,N,B,E,A,A,H,-,C,D,0,,,,,Y,,A,01,0,1,0,0,0,0,0,0,0,"- ","- ",,,"SAN FRANCISCO","SAN FRANCISCO",-122.41754913330078,37.752300262451172
9468812,2023,2023-09-11,3801,2023-07-24,1540,4047,MISSI,1,5,7,3801,0,0,0,,0,3D16D,"FOLSOM ST","17TH ST",166.00,N,N,A,-,N,,,,,,,,,,N,4,0,1,2,A,-,17,22517,,N,H,G,A,A,H,-,A,D,0,,Y,,,Y,,A,01,0,0,1,0,0,0,1,0,0,"- ","- ",,,"SAN FRANCISCO","SAN FRANCISCO",-122.41519165039062,37.764144897460938
9468828,2023,2023-09-13,3801,2023-07-25,1809,4103,MISSI,2,5,7,3801,0,0,0,,0,903,"CYPRESS ST","26TH ST",0.00,,Y,A,-,N,,,,,,,,,,Y,4,0,2,4,A,-,01,23152,F,N,D,C,A,A,H,-,A,D,0,,,,,Y,Y,A,01,0,0,2,0,0,0,0,0,0,"- ","- ",,,"SAN FRANCISCO","SAN FRANCISCO",-122.41651916503906,37.749141693115234
9468931,2023,2023-09-11,3801,2023-04-30,2156,1830,CENTR,7,5,7,3801,0,0,0,,0,3A12E,"TAYLOR ST","GEARY ST",0.00,,Y,A,-,N,,,,,,,,,,N,4,0,1,2,A,-,12,21453,A,N,D,J,A,A,H,-,C,A,0,,,Y,,Y,,C,03,0,0,1,0,0,0,0,0,1,"- ","- ",,,"SAN FRANCISCO","SAN FRANCISCO",-122.41151428222656,37.786949157714844
9469443,2023,2023-09-13,3801,2023-08-30,1509,2499,TARAV,3,5,7,3801,0,0,0,,0,,"LINCOLN WY","22ND AV",0.00,,Y,A,-,N,,,,,,,,,,Y,4,0,3,2,A,-,08,22100,B,N,D,C,A,A,H,-,A,D,0,,,,,Y,,A,01,0,0,3,0,0,0,0,0,0,"- ","- ",,,"SAN FRANCISCO","SAN FRANCISCO",-122.48046875,37.765312194824219
9469448,2023,2023-09-13,3801,2023-08-29,1337,1051,NORTH,2,5,7,3801,0,0,0,,0,3E13C,"POST ST","POLK ST",0.00,,Y,A,-,N,,,,,,,,,,N,4,0,1,2,A,-,12,21453,A,N,D,G,A,A,H,-,A,A,0,,Y,,,Y,,L,04,0,0,1,0,0,0,1,0,0,"- ","- ",,,"SAN FRANCISCO","SAN FRANCISCO",-122.41989898681641,37.786834716796875
9469449,2023,2023-09-21,3801,2023-08-27,1604,2718,BAYVI,7,5,7,3801,0,0,0,,0,3C11D,"BAYSHORE BL","QUNIT ST",0.00,,Y,A,-,N,,,,,,,,,,Y,3,0,3,2,A,-,09,21801,A,N,D,C,A,A,H,-,A,A,0,,,,,Y,,A,01,0,1,2,0,0,0,0,0,0,"- ","- ",,,"SAN FRANCISCO","SAN FRANCISCO",-122.40306854248047,37.729900360107422
9469454,2023,2023-09-13,3801,2023-08-26,"144 ",2307,NORTH,6,5,7,3801,0,0,0,,0,3E13E,"VAN NESS AV","SUTTER ST",0.00,,Y,A,-,N,,,,,,,,,,N,4,0,1,2,A,-,12,21453,A,N,G,B,B,A,H,-,C,A,0,Y,,,,Y,Y,A,01,0,0,1,0,1,0,0,0,0,"- ","- ",,,"SAN FRANCISCO","SAN FRANCISCO",-122.42173767089844,37.787551879882812
9469458,2023,2023-09-21,3801,2023-08-17,1400,1759,PARK,4,5,7,3801,0,0,0,,0,,"ASHBURY ST","CLAYTON ST",32.00,E,N,A,-,N,,,,,,,,,,N,3,0,1,2,A,-,08,22107,,N,D,G,A,A,H,-,A,D,0,,Y,,,Y,Y,L,04,0,1,0,0,0,0,1,0,0,"- ","- ",,,"SAN FRANCISCO","SAN FRANCISCO",-122.44696044921875,37.762763977050781
9469459,2023,2023-09-13,3801,2023-08-28,"900 ",1210,INGLE,1,5,7,3801,0,0,0,,0,0H1,"ALEMANY BL","SAN BRUNO AV",0.00,,Y,A,-,N,,,,,,,,,,N,4,0,1,2,A,-,08,22107,,N,H,A,A,A,H,-,A,D,0,,,Y,,Y,,A,01,0,0,1,0,0,0,0,0,1,"- ","- ",,,"SAN FRANCISCO","SAN FRANCISCO",-122.40817260742188,37.735885620117188
9469529,2023,2023-10-02,3801,2023-08-26,1102,1394,MISSI,6,5,7,3801,0,0,0,,0,006,"POTRERO AV","23RD ST",0.00,,Y,A,-,N,,,,,,,,,,Y,4,0,2,3,A,-,09,21801,A,N,D,C,A,A,H,-,A,D,0,,,,,Y,,A,01,0,0,2,0,0,0,0,0,0,"- ","- ",,,"SAN FRANCISCO","SAN FRANCISCO",-122.40647125244141,37.75457763671875
9469530,2023,2023-10-02,3801,2023-08-26,1411,2728,TENDE,6,5,7,3801,0,0,0,,0,908,"EDDY ST","HYDE ST",0.00,,Y,A,-,N,,,,,,,,,,Y,2,0,1,2,A,-,09,21801,A,N,F,G,A,A,H,-,A,A,0,,Y,,,Y,,A,01,1,0,0,0,0,0,1,0,0,"- ","- ",,,"SAN FRANCISCO","SAN FRANCISCO",-122.41588592529297,37.783512115478516
9469531,2023,2023-10-02,3801,2023-08-25,1920,1875,BAYVI,5,5,7,3801,0,0,0,,0,3C13D,"LA SALLE AV","OSCEOLA LN",300.00,E,N,A,-,N,,,,,,,,,,Y,3,0,1,2,A,-,01,23152,A,M,C,E,A,A,H,-,A,D,0,,,,,Y,Y,A,01,0,1,0,0,0,0,0,0,0,"- ","- ",,,"SAN FRANCISCO","SAN FRANCISCO",-122.38291168212891,37.732070922851562
9469532,2023,2023-10-02,3801,2023-08-26,"900 ",4356,INGLE,6,5,7,3801,0,0,0,,0,3H15A,"GENEVA AV","MOSCOW ST",0.00,,Y,A,-,N,,,,,,,,,,Y,3,0,2,2,A,-,09,21801,A,N,D,C,A,A,H,-,A,A,0,,,,,Y,,A,01,0,2,0,0,0,0,0,0,0,"- ","- ",,,"SAN FRANCISCO","SAN FRANCISCO",-122.43374633789062,37.713130950927734
9469533,2023,2023-10-02,3801,2023-08-25,1706,2461,SOUTH,5,5,7,3801,0,0,0,,0,0B1,"THE EMBARCADERO","FOLSOM ST",0.00,,Y,A,-,N,,,,,,,,,,N,3,0,1,2,-,-,"- ",,,N,H,G,A,A,H,-,A,A,0,,Y,,,Y,,-,"- ",0,1,0,0,0,0,1,0,0,"- ","- ",,,"SAN FRANCISCO","SAN FRANCISCO",-122.39015960693359,37.790756225585938
9469537,2023,2023-10-02,3801,2023-08-24,1534,2390,MISSI,4,5,7,3801,0,0,0,,0,3D16D,"YORK ST","24TH ST",198.00,N,N,A,-,N,,,,,,,,,,Y,3,0,1,4,A,-,09,21804,A,N,B,C,A,A,H,-,A,D,0,,,,,Y,,A,01,0,1,0,0,0,0,0,0,0,"- ","- ",,,"SAN FRANCISCO","SAN FRANCISCO",-122.40823364257812,37.753414154052734
9469538,2023,2023-10-02,3801,2023-08-24,1828,1845,TARAV,4,5,7,3801,0,0,0,,0,3I11D,"JUDAH ST","18TH AV",0.00,,Y,A,-,N,,,,,,,,,,Y,3,0,1,2,A,-,08,22101,D,N,D,C,A,A,H,-,A,A,0,,,Y,,Y,,A,01,0,1,0,0,0,0,0,0,1,"- ","- ",,,"SAN FRANCISCO","SAN FRANCISCO",-122.4759521484375,37.761814117431641
9469546,2023,2023-10-09,3801,2023-08-23,"840 ",1759,PARK,3,5,7,3801,0,0,0,,0,3F14A,"BRODERICK ST","OAK ST",0.00,,Y,A,-,N,,,,,,,,,,N,3,0,1,2,A,-,10,21950,A,N,G,B,B,A,H,-,A,A,0,Y,,,,Y,,A,07,0,1,0,0,1,0,0,0,0,"- ","- ",,,"SAN FRANCISCO","SAN FRANCISCO",-122.43907928466797,37.772911071777344
9469552,2023,2023-10-03,3801,2023-08-12,2354,2489,SOUTH,6,5,7,3801,0,0,0,,0,3B3E,"HARRIET ST","BRYANT ST",0.00,,Y,A,-,N,,,,,,,,,,N,3,0,1,2,A,-,"- ",,,N,A,B,E,A,H,-,C,D,0,Y,,,,Y,Y,A,01,0,1,0,0,1,0,0,0,0,"- ","- ",,,"SAN FRANCISCO","SAN FRANCISCO",-122.40305328369141,37.775619506835938
9469868,2023,2023-09-25,3801,2023-08-28,2053,1666,PARK,1,5,7,3801,0,0,0,,0,4-CAR,"WEBSTER ST","HERMANN ST",0.00,,Y,A,-,N,,,,,,,,,,Y,4,0,3,3,A,-,03,22350,,F,A,C,A,A,H,-,C,A,0,,,,,Y,Y,A,01,0,0,3,0,0,0,0,0,0,"- ","- ",,,"SAN FRANCISCO","SAN FRANCISCO",-122.42842102050781,37.770462036132812
9520602,2023,2023-06-14,3801,2023-04-11,1213,202,TRAFF,2,5,7,3801,0,0,0,,0,4B2D,"JONES ST","GEARY BL",92.00,N,N,A,-,N,,,,,,,,,,Y,1,1,1,3,A,-,21,22106,,N,B,C,A,A,H,-,A,D,0,,,,Y,Y,,F,26,0,0,1,0,0,0,0,0,0,"- ","- ",,,"SAN FRANCISCO","SAN FRANCISCO",-122.41320037841797,37.786998748779297
9520835,2023,2024-02-28,3801,2023-07-08,1055,202,TRAFF,6,5,7,3801,0,0,0,,0,4B2D,"MARKET ST","4TH ST",126.00,E,N,A,-,N,,,,,,,,,,N,1,1,1,2,A,-,03,22411,,N,G,B,D,A,H,-,A,D,0,Y,,,,Y,,M,94,0,0,1,1,0,0,0,0,0,"- ","- ",,,"SAN FRANCISCO","SAN FRANCISCO",-122.40558624267578,37.785945892333984
9520935,2023,2023-09-12,3801,2023-08-15,1715,4084,TRAFF,2,5,7,3801,0,0,0,,0,4B104,"KING ST","4TH ST",12.00,S,N,A,-,N,,,,,,,,,,Y,1,1,1,3,A,-,10,21950,A,N,G,B,B,A,H,-,A,A,0,Y,,,,Y,,A,07,0,1,0,1,1,0,0,0,0,"- ","- ",,,"SAN FRANCISCO","SAN FRANCISCO",-122.39418029785156,37.776405334472656
9520936,2023,2025-06-25,3801,2023-07-07,2500,443,TRAFF,5,5,7,3801,0,0,0,,0,4C1,"S VAN NESS AV","18TH ST",6.00,N,N,B,-,N,,,,,,,,,,N,1,1,0,2,D,-,00,,,F,G,B,B,A,H,-,C,A,0,Y,,,,Y,Y,-,"- ",0,0,0,1,0,0,0,0,0,"- ","- ",,,"SAN FRANCISCO","SAN FRANCISCO",-122.41719818115234,37.761966705322266
9545201,2023,2023-03-06,3801,2023-01-10,1106,396,BAYVI,2,5,7,3801,0,0,0,,0,3C5,"3RD ST","THORNTON AV",0.00,,Y,A,-,N,,,,,,,,,,Y,4,0,7,2,A,-,12,21453,A,N,D,C,A,B,H,-,A,A,0,,,,,Y,,A,01,0,0,7,0,0,0,0,0,0,"- ","- ",,,"SAN FRANCISCO","SAN FRANCISCO",-122.39225006103516,37.730628967285156
9545222,2023,2023-02-24,3801,2023-01-18,"237 ",2750,BAYVI,3,5,7,3801,0,0,0,,0,01C,"26TH ST","CONNECTICUT ST",0.00,,Y,A,-,N,,,,,,,,,,N,4,0,1,1,A,-,08,22100,B,N,E,I,A,A,H,-,C,D,0,,,,,Y,,I,20,0,0,1,0,0,0,0,0,0,"- ","- ",,,"SAN FRANCISCO","SAN FRANCISCO",-122.39641571044922,37.751167297363281
9545253,2023,2023-02-27,3801,2023-01-10,1148,1530,BAYVI,2,5,7,3801,0,0,0,,0,3C13A,"BAYSHORE BL","COSTA ST",177.00,N,N,C,G,N,,,,,,,,,,N,4,0,1,2,A,-,08,22107,,N,C,C,A,B,H,-,A,A,0,,,,,Y,,D,22,0,0,1,0,0,0,0,0,0,"- ","- ",,,"SAN FRANCISCO","SAN FRANCISCO",-122.40428161621094,37.744735717773438
9545383,2023,2023-02-28,3801,2023-01-21,1715,307,NORTH,6,5,7,3801,0,0,0,,0,3E13D,"FRANKLIN ST","TURK ST",0.00,,Y,A,-,N,,,,,,,,,,N,4,0,1,2,A,-,08,22100,B,N,D,C,A,A,H,-,A,A,0,,,Y,,Y,,A,01,0,0,1,0,0,0,0,0,1,"- ","- ",,,"SAN FRANCISCO","SAN FRANCISCO",-122.42224884033203,37.781730651855469
9545388,2023,2023-02-28,3801,2023-01-24,2025,1160,SOUTH,2,5,7,3801,0,0,0,,0,0B1,"THE EMBARCADERO","BRANNAN ST",78.00,S,N,A,-,N,,,,,,,,,,N,3,0,1,2,A,-,03,22350,,N,C,C,A,A,H,-,C,A,0,,,,,Y,,A,01,0,1,0,0,0,0,0,0,0,"- ","- ",,,"SAN FRANCISCO","SAN FRANCISCO",-122.38820648193359,37.784564971923828
9545393,2023,2023-02-24,3801,2023-01-19,"438 ",101,INGLE,4,5,7,3801,0,0,0,,0,3H15E,"MISSION ST","LAWRENCE AV",30.00,S,N,A,-,N,,,,,,,,,,Y,3,0,1,2,A,-,03,22350,,N,-,-,A,B,H,-,C,-,0,,,,,Y,,A,01,0,1,0,0,0,0,0,0,0,"- ","- ",,,"SAN FRANCISCO","SAN FRANCISCO",-122.45097351074219,37.709384918212891
9545396,2023,2023-02-28,3801,2023-01-19,"747 ",649,INGLE,4,5,7,3801,0,0,0,,0,3H14A,"ALEMANY BL","ADMIRAL AV",180.00,N,N,A,-,N,,,,,,,,,,Y,4,0,1,2,A,-,03,22350,,N,C,C,A,A,H,-,A,D,0,,,,,Y,,A,01,0,0,1,0,0,0,0,0,0,"- ","- ",,,"SAN FRANCISCO","SAN FRANCISCO",-122.43037414550781,37.730792999267578
9545405,2023,2023-03-02,3801,2023-01-29,"410 ",1857,NORTH,7,5,7,3801,0,0,0,,0,3E14E,"GOUGH ST","LOMBARD ST",30.00,N,N,A,-,N,,,,,,,,,,N,4,0,1,2,A,-,03,22350,,F,C,C,A,A,H,-,C,A,0,,,,,Y,,A,01,0,0,1,0,0,0,0,0,0,"- ","- ",,,"SAN FRANCISCO","SAN FRANCISCO",-122.42783355712891,37.800979614257812
9545406,2023,2023-03-02,3801,2023-01-29,1759,1806,NORTH,7,5,7,3801,0,0,0,,0,3E12D,"GEARY BL","STEINER ST",0.00,,Y,A,-,N,,,,,,,,,,N,4,0,4,2,A,-,08,22100,A,N,D,C,A,A,H,-,C,A,0,,,,,Y,,A,01,0,0,4,0,0,0,0,0,0,"- ","- ",,,"SAN FRANCISCO","SAN FRANCISCO",-122.43457794189453,37.784320831298828
9545411,2023,2023-03-15,3801,2023-01-30,2206,4115,CENTR,1,5,7,3801,0,0,0,,0,3A11E,"SUTTER ST","KEARNY ST",0.00,,Y,A,-,N,,,,,,,,,,N,4,0,1,2,A,-,05,21650,1,N,G,B,A,A,H,-,C,A,0,,,,,Y,,M,94,0,0,1,0,0,0,0,0,0,"- ","- ",,,"SAN FRANCISCO","SAN FRANCISCO",-122.40383911132812,37.789829254150391
9545417,2023,2023-03-02,3801,2023-01-13,1455,4325,NORTH,5,5,7,3801,0,0,0,,0,002,"GEARY ST","STEINER ST",430.00,E,N,C,-,N,,,,,,,,,,Y,3,0,1,1,A,-,03,22350,,N,B,I,A,B,H,-,A,D,0,,,,,Y,,A,07,0,1,0,0,0,0,0,0,0,"- ","- ",,,"SAN FRANCISCO","SAN FRANCISCO",-122.43311309814453,37.784511566162109
9545431,2023,2023-02-24,3801,2023-01-25,"830 ",1364,NORTH,3,5,7,3801,0,0,0,,0,3E11A,"POLK ST","MARKET ST",162.00,N,N,A,-,N,,,,,,,,,,N,4,0,1,2,A,-,04,21703,,N,C,C,A,A,H,-,A,D,0,,,,,Y,,A,08,0,0,1,0,0,0,0,0,0,"- ","- ",,,"SAN FRANCISCO","SAN FRANCISCO",-122.41791534423828,37.776840209960938
9545438,2023,2023-03-06,3801,2023-01-26,2148,1463,SOUTH,4,5,7,3801,0,0,0,,0,0B1,"MISSION ST","NEW MONTGOMERY ST",0.00,,Y,A,-,N,,,,,,,,,,Y,4,0,3,2,A,-,12,21453,A,N,D,C,A,A,H,-,C,A,0,,,,,Y,,-,"- ",0,0,3,0,0,0,0,0,0,"- ","- ",,,"SAN FRANCISCO","SAN FRANCISCO",-122.40049743652344,37.787452697753906
9545442,2023,2023-03-01,3801,2023-01-09,"29  ",4115,CENTR,1,5,7,3801,0,0,0,,0,3A11E,"KEARNY ST",BROADWAY,0.00,,Y,C,-,N,,,,,,,,,,N,4,0,1,2,A,-,12,21453,A,N,G,B,B,B,H,-,C,A,0,Y,,,,Y,,A,01,0,0,1,0,1,0,0,0,0,"- ","- ",,,"SAN FRANCISCO","SAN FRANCISCO",-122.40548706054688,37.798019409179688
9545443,2023,2023-03-01,3801,2023-01-09,2329,1182,TENDE,1,5,7,3801,0,0,0,,0,3J11E,"MARKET ST","MARKET ST 1355",0.00,,-,C,G,N,,,,,,,,,,N,4,0,1,1,A,-,03,22350,,N,E,I,A,B,G,-,C,D,0,,,Y,,Y,,C,02,0,0,1,0,0,0,0,0,1,"- ","- ",,,"SAN FRANCISCO","SAN FRANCISCO",,
9545444,2023,2023-03-01,3801,2023-01-09,2121,2741,TENDE,1,5,7,3801,0,0,0,,0,901,"TAYLOR ST","TURK ST",0.00,,Y,A,-,N,,,,,,,,,,N,2,0,1,2,D,-,00,,,N,G,B,B,A,H,-,C,A,0,Y,,,,Y,,-,"- ",1,0,0,0,1,0,0,0,0,"- ","- ",,,"SAN FRANCISCO","SAN FRANCISCO",-122.41078186035156,37.783206939697266
9545447,2023,2023-03-01,3801,2023-01-09,"730 ",4305,NORTH,1,5,7,3801,0,0,0,,0,,"FRANKLIN ST","OFARRELL ST",0.00,,Y,A,-,N,,,,,,,,,,N,4,0,1,2,A,-,08,22107,,N,A,C,A,B,H,-,A,A,0,,,,,Y,,M,94,0,0,1,0,0,0,0,0,0,"- ","- ",,,"SAN FRANCISCO","SAN FRANCISCO",-122.42282867431641,37.7845458984375
9545455,2023,2023-03-01,3801,2023-01-15,1759,319,CENTR,7,5,7,3801,0,0,0,,0,3A12D,"CALIFORNIA ST","POWELL ST",0.00,,Y,C,-,N,,,,,,,,,,N,3,0,1,2,A,-,03,22350,A,N,B,B,B,B,H,-,C,A,0,Y,,,,Y,,A,01,0,1,0,0,1,0,0,0,0,"- ","- ",,,"SAN FRANCISCO","SAN FRANCISCO",-122.40917205810547,37.79205322265625
9545465,2023,2023-02-24,3801,2023-01-01,"150 ",2724,SOUTH,7,5,7,3801,0,0,0,,0,3B14E,"5TH ST","BRANNAN ST",0.00,,Y,A,-,N,,,,,,,,,,N,4,0,1,2,A,-,12,22450,A,N,A,C,A,A,H,-,C,A,0,,,,,Y,,M,94,0,0,1,0,0,0,0,0,0,"- ","- ",,,"SAN FRANCISCO","SAN FRANCISCO",-122.39875793457031,37.776573181152344
9545466,2023,2023-02-24,3801,2023-01-01,1828,319,CENTR,7,5,7,3801,0,0,0,,0,3A12D,"CALIFORNIA ST","SANSOME ST",0.00,,Y,A,-,N,,,,,,,,,,Y,4,0,6,2,A,-,12,21453,A,N,D,C,A,A,H,-,B,A,0,,,,,Y,,A,01,0,0,6,0,0,0,0,0,0,"- ","- ",,,"SAN FRANCISCO","SAN FRANCISCO",-122.40113830566406,37.793098449707031
9545469,2023,2023-02-25,3801,2023-01-03,"841 ",4305,NORTH,2,5,7,3801,0,0,0,,0,,"EDDY ST","VAN NESS AV",0.00,,Y,A,-,N,,,,,,,,,,Y,4,0,1,2,A,-,08,22101,D,F,E,I,A,A,H,-,A,A,0,,,,,Y,Y,A,01,0,0,1,0,0,0,0,0,0,"- ","- ",,,"SAN FRANCISCO","SAN FRANCISCO",-122.42076110839844,37.782890319824219
9545471,2023,2023-02-24,3801,2023-01-01,1728,1394,PARK,7,5,7,3801,0,0,0,,0,PARK4,"CASTRO ST","16TH ST",0.00,,Y,A,-,N,,,,,,,,,,Y,4,0,3,2,A,-,09,21801,A,N,A,C,A,-,H,-,A,A,0,,,,,Y,,A,01,0,0,3,0,0,0,0,0,0,"- ","- ",,,"SAN FRANCISCO","SAN FRANCISCO",-122.43533325195312,37.764106750488281
9545486,2023,2023-02-24,3801,2023-01-12,1530,1062,MISSI,4,5,7,3801,0,0,0,,0,3D45C,"VALENCIA ST","16TH ST",0.00,,Y,A,-,N,,,,,,,,,,N,4,0,3,2,A,-,09,21801,A,N,D,C,A,A,H,-,A,A,0,,,,,Y,,A,01,0,0,3,0,0,0,0,0,0,"- ","- ",,,"SAN FRANCISCO","SAN FRANCISCO",-122.42189025878906,37.764907836914062
9545523,2023,2023-02-25,3801,2023-01-05,"756 ",2210,SOUTH,4,5,7,3801,0,0,0,,0,0B4,"HOWARD ST","12TH ST",0.00,,Y,B,C,N,,,,,,,,,,N,4,0,4,2,A,-,00,21543,A,F,D,C,A,B,H,-,A,A,0,,,,,Y,,A,01,0,0,4,0,0,0,0,0,0,"- ","- ",,,"SAN FRANCISCO","SAN FRANCISCO",-122.41692352294922,37.771732330322266
9545525,2023,2023-02-25,3801,2023-01-01,2359,1796,RICHM,7,5,7,3801,0,0,0,,0,3G4A,"ANZA ST","29TH AV",0.00,,Y,B,-,N,,,,,,,,,,N,4,0,1,2,A,-,10,21950,A,N,G,B,B,A,H,-,A,D,0,Y,,,,Y,,-,,0,0,1,0,1,0,0,0,0,"- ","- ",,,"SAN FRANCISCO","SAN FRANCISCO",-122.48886871337891,37.777976989746094