CASE_ID,ACCIDENT_YEAR,PROC_DATE,JURIS,COLLISION_DATE,COLLISION_TIME,OFFICER_ID,REPORTING_DISTRICT,DAY_OF_WEEK,CHP_SHIFT,POPULATION,CNTY_CITY_LOC,SPECIAL_COND,BEAT_TYPE,CHP_BEAT_TYPE,CITY_DIVISION_LAPD,CHP_BEAT_CLASS,BEAT_NUMBER,PRIMARY_RD,SECONDARY_RD,DISTANCE,DIRECTION,INTERSECTION,WEATHER_1,WEATHER_2,STATE_HWY_IND,CALTRANS_COUNTY,CALTRANS_DISTRICT,STATE_ROUTE,ROUTE_SUFFIX,POSTMILE_PREFIX,POSTMILE,LOCATION_TYPE,RAMP_INTERSECTION,SIDE_OF_HWY,TOW_AWAY,COLLISION_SEVERITY,NUMBER_KILLED,NUMBER_INJURED,PARTY_COUNT,PRIMARY_COLL_FACTOR,PCF_CODE_OF_VIOL,PCF_VIOL_CATEGORY,PCF_VIOLATION,PCF_VIOL_SUBSECTION,HIT_AND_RUN,TYPE_OF_COLLISION,MVIW,PED_ACTION,ROAD_SURFACE,ROAD_COND_1,ROAD_COND_2,LIGHTING,CONTROL_DEVICE,CHP_ROAD_TYPE,PEDESTRIAN_ACCIDENT,BICYCLE_ACCIDENT,MOTORCYCLE_ACCIDENT,TRUCK_ACCIDENT,NOT_PRIVATE_PROPERTY,ALCOHOL_INVOLVED,STWD_VEHTYPE_AT_FAULT,CHP_VEHTYPE_AT_FAULT,COUNT_SEVERE_INJ,COUNT_VISIBLE_INJ,COUNT_COMPLAINT_PAIN,COUNT_PED_KILLED,COUNT_PED_INJURED,COUNT_BICYCLIST_KILLED,COUNT_BICYCLIST_INJURED,COUNT_MC_KILLED,COUNT_MC_INJURED,PRIMARY_RAMP,SECONDARY_RAMP,LATITUDE,LONGITUDE,COUNTY,CITY,POINT_X,POINT_Y
9545528,2023,2023-02-25,3801,2023-01-03,1355,4274,RICHM,2,5,7,3801,0,0,0,,0,3B13C,"BALBOA ST","ARGUELLO BL",0.00,,Y,A,-,N,,,,,,,,,,N,4,0,1,2,D,-,00,,,N,A,G,A,A,H,-,A,A,0,,Y,,,Y,,-,"- ",0,0,1,0,0,0,1,0,0,"- ","- ",,,"SAN FRANCISCO","SAN FRANCISCO",-122.45858764648438,37.777248382568359
9545538,2023,2023-02-25,3801,2023-01-13,2141,2359,TARAV,5,5,7,3801,0,0,0,,0,0I6,"OCEAN AV","PLYMOUTH AV",0.00,,Y,A,-,N,,,,,,,,,,Y,2,0,2,3,A,-,01,23152,A,N,D,C,A,A,H,-,C,A,0,,,,,Y,Y,A,01,1,1,0,0,0,0,0,0,0,"- ","- ",,,"SAN FRANCISCO","SAN FRANCISCO",-122.45653533935547,37.723976135253906
9545549,2023,2023-02-24,3801,2023-01-17,1635,375,BAYVI,2,5,7,3801,0,0,0,,0,3C13D,"LANE ST","OAKDALE AV",0.00,,Y,A,-,N,,,,,,,,,,N,4,0,1,2,A,-,10,21950,A,N,G,B,B,A,H,-,B,D,0,Y,,,,Y,,A,01,0,0,1,0,1,0,0,0,0,"- ","- ",,,"SAN FRANCISCO","SAN FRANCISCO",-122.38849639892578,37.733543395996094
9545556,2023,2023-02-24,3801,2023-01-15,1843,1845,TARAV,7,5,7,3801,0,0,0,,0,3I1D,"IRVING ST","15TH AV",0.00,,Y,C,-,N,,,,,,,,,,N,3,0,1,2,A,-,10,21950,A,N,G,B,B,B,H,-,C,D,0,Y,,,,Y,,A,01,0,1,0,0,1,0,0,0,0,"- ","- ",,,"SAN FRANCISCO","SAN FRANCISCO",-122.47280120849609,37.763748168945312
9545559,2023,2023-02-24,3801,2023-01-19,2152,1688,BAYVI,4,5,7,3801,0,0,0,,0,3C12E,"BAY SHORE BL","SILVER AV",0.00,,Y,A,-,N,,,,,,,,,,Y,4,0,1,2,A,-,12,21453,A,N,D,C,A,A,H,-,A,A,0,,,,,Y,,-,"- ",0,0,1,0,0,0,0,0,0,"- ","- ",,,"SAN FRANCISCO","SAN FRANCISCO",-122.40464782714844,37.732959747314453
9545562,2023,2023-03-04,3801,2023-01-15,1041,993,SOUTH,7,5,7,3801,0,0,0,,0,4CAR,"10TH ST","FOLSOM ST",0.00,,Y,B,-,N,,,,,,,,,,Y,4,0,2,3,A,-,12,21453,A,N,D,C,A,B,H,-,A,A,0,,,,,Y,,-,"- ",0,0,2,0,0,0,0,0,0,"- ","- ",,,"SAN FRANCISCO","SAN FRANCISCO",-122.41281890869141,37.772819519042969
9545564,2023,2023-03-04,3801,2023-01-07,2109,460,INGL,6,5,7,3801,0,0,0,,0,3H16E,"LELAND AV","RUTLAND ST",0.00,,Y,C,-,N,,,,,,,,,,Y,3,0,3,2,A,-,12,22450,A,N,D,C,A,B,H,-,C,A,0,,,,,Y,,A,01,0,1,2,0,0,0,0,0,0,"- ","- ",,,"SAN FRANCISCO","SAN FRANCISCO",-122.40736389160156,37.712554931640625
9545574,2023,2023-03-04,3801,2023-01-05,1942,2390,MISSI,4,5,7,3801,0,0,0,,0,3D11D,"DOLORES ST","14TH ST",0.00,,Y,A,-,N,,,,,,,,,,N,4,0,1,2,A,-,09,21801,A,F,C,C,A,A,H,-,C,A,0,,,,,Y,Y,-,,0,0,1,0,0,0,0,0,0,"- ","- ",,,"SAN FRANCISCO","SAN FRANCISCO",-122.42677307128906,37.767879486083984
9545577,2023,2023-03-04,3801,2023-01-20,"853 ",432,MISSI,5,5,7,3801,0,0,0,,0,D41A,"DIAMOND ST","JERSEY ST",0.00,,Y,A,-,N,,,,,,,,,,Y,3,0,1,2,A,-,03,22350,,N,C,E,A,A,H,-,A,D,0,,,,,Y,,A,01,0,1,0,0,0,0,0,0,0,"- ","- ",,,"SAN FRANCISCO","SAN FRANCISCO",-122.43622589111328,37.750354766845703
9545581,2023,2023-02-17,3801,2023-01-08,1010,1657,BAYVI,7,5,7,3801,0,0,0,,0,3C14A,"UNIVERSITY ST","FELTON ST",0.00,,Y,A,-,N,,,,,,,,,,N,4,0,1,2,A,-,10,21950,A,N,G,B,B,A,H,-,A,A,0,Y,,,,Y,,A,01,0,0,1,0,1,0,0,0,0,"- ","- ",,,"SAN FRANCISCO","SAN FRANCISCO",-122.41447448730469,37.727470397949219
9545589,2023,2023-03-01,3801,2023-01-14,1209,4356,INGLE,6,5,7,3801,0,0,0,,0,3H15A,"MISSION ST","ALLISON ST",0.00,,Y,B,-,N,,,,,,,,,,N,4,0,3,2,A,-,12,21453,A,N,D,C,A,B,H,-,A,A,0,,,,,Y,,A,01,0,0,3,0,0,0,0,0,0,"- ","- ",,,"SAN FRANCISCO","SAN FRANCISCO",-122.44264984130859,37.714607238769531
9545591,2023,2023-02-17,3801,2023-01-01,1940,1183,MISSI,7,5,7,3801,0,0,0,,0,4CAR,"GUERRERO ST","25TH ST",0.00,,Y,A,-,N,,,,,,,,,,N,4,0,2,2,A,-,04,21703,,M,C,C,A,A,H,-,C,A,0,,,,,Y,,A,01,0,0,2,0,0,0,0,0,0,"- ","- ",,,"SAN FRANCISCO","SAN FRANCISCO",-122.42272186279297,37.750392913818359
9545599,2023,2023-02-21,3801,2023-01-22,1837,375,BAYVI,7,5,7,3801,0,0,0,,0,3C13D,"OAKDALE AV","3RD ST",115.00,W,N,A,-,N,,,,,,,,,,Y,4,0,1,2,A,-,01,23153,,N,C,C,A,A,H,-,C,A,0,,,,,Y,Y,A,01,0,0,1,0,0,0,0,0,0,"- ","- ",,,"SAN FRANCISCO","SAN FRANCISCO",-122.39109039306641,37.735015869140625
9552232,2023,2023-03-13,3801,2023-01-25,1433,1286,SOUTH,3,5,7,3801,0,0,0,,0,3D1,"VALENCIA ST","17TH ST",0.00,,N,A,-,N,,,,,,,,,,N,3,0,1,2,A,-,00,22177,,N,H,J,A,A,H,-,A,D,0,,,,,Y,,M,94,0,1,0,0,0,0,0,0,0,"- ","- ",,,"SAN FRANCISCO","SAN FRANCISCO",-122.42173767089844,37.763298034667969
9553520,2023,2023-03-28,3801,2023-02-18,1604,1961,TENDE,6,5,7,3801,0,0,0,,0,3J11D,"TAYLOR ST","TAYLOR ST 385",0.00,,Y,A,-,N,,,,,,,,,,N,4,0,2,2,A,-,09,21801,,N,D,C,A,A,H,-,A,D,0,,,,,Y,,A,01,0,0,2,0,0,0,0,0,0,"- ","- ",,,"SAN FRANCISCO","SAN FRANCISCO",,
9553661,2023,2023-03-15,3801,2023-01-25,2231,707,TRAFF,3,5,7,3801,0,0,0,,0,4B1C,"TERRY A FRANCOIS BL","WARRIORS WY",0.00,,Y,A,-,N,,,,,,,,,,N,3,0,1,2,A,-,11,21954,A,N,G,B,E,A,H,-,C,B,0,Y,,,,Y,,N,60,0,1,0,0,1,0,0,0,0,"- ","- ",,,"SAN FRANCISCO","SAN FRANCISCO",-122.38632202148438,37.768985748291016
9553663,2023,2023-03-15,3801,2023-01-21,2301,1803,RICHM,6,5,7,3801,0,0,0,,0,3G5E,"FULTON ST","6TH AV",0.00,,Y,A,-,N,,,,,,,,,,N,3,0,1,2,B,-,22,,,N,-,G,A,A,H,-,C,A,0,,Y,,,Y,,A,01,0,1,0,0,0,0,1,0,0,"- ","- ",,,"SAN FRANCISCO","SAN FRANCISCO",-122.46376037597656,37.773612976074219
9553669,2023,2023-03-16,3801,2023-01-25,1115,1766,TRAFF,3,5,7,3801,0,0,0,,0,4B103,"COLUMBUS AV","FILBERT ST",12.00,S,N,A,-,N,,,,,,,,,,N,4,0,1,2,A,-,10,21950,A,F,G,B,B,A,H,-,A,A,0,Y,,,,Y,,A,01,0,0,1,0,1,0,0,0,0,"- ","- ",,,"SAN FRANCISCO","SAN FRANCISCO",-122.41133117675781,37.801097869873047
9553672,2023,2023-03-21,3801,2023-01-22,"209 ",4375,TRAFF,7,5,7,3801,0,0,0,,0,4B1F,"16TH ST","CAPP ST",132.00,W,N,A,-,N,,,,,,,,,,Y,2,0,6,5,A,-,01,23152,A,F,-,D,F,A,D,-,C,A,0,Y,,,,Y,Y,A,07,2,2,2,0,2,0,0,0,0,"- ","- ",,,"SAN FRANCISCO","SAN FRANCISCO",-122.41919708251953,37.76507568359375
9553676,2023,2023-03-21,3801,2023-01-22,1118,2089,CENTR,7,5,7,3801,0,0,0,,0,COASCA,"BROADWAY ST","LARKIN ST",125.00,E,N,A,-,N,,,,,,,,,,N,4,0,1,2,A,-,13,22515,A,N,B,E,A,A,H,-,A,A,0,,,,,Y,,A,01,0,0,1,0,0,0,0,0,0,"- ","- ",,,"SAN FRANCISCO","SAN FRANCISCO",-122.41970062255859,37.796279907226562
9553680,2023,2023-03-16,3801,2023-01-27,1940,582,CENTR,5,5,7,3801,0,0,0,,0,001,"LARKIN ST","CLAY ST",60.00,S,N,A,-,N,,,,,,,,,,N,3,0,1,2,A,-,03,22350,,N,C,-,A,A,H,-,C,A,0,,,Y,,Y,,C,02,0,1,0,0,0,0,0,0,1,"- ","- ",,,"SAN FRANCISCO","SAN FRANCISCO",-122.41938018798828,37.792427062988281
9553726,2023,2023-03-16,3801,2023-01-23,1847,1951,SOUTH,1,5,7,3801,0,0,0,,0,0B2,"5TH ST","MINNA ST",0.00,,Y,A,-,N,,,,,,,,,,N,4,0,1,2,A,-,21,22106,,N,D,C,A,A,H,-,C,A,0,,,,,Y,,B,01,0,0,1,0,0,0,0,0,0,"- ","- ",,,"SAN FRANCISCO","SAN FRANCISCO",-122.40592193603516,37.782295227050781
9553759,2023,2023-03-30,3801,2023-02-15,"736 ",1396,SOUTH,3,5,7,3801,0,0,0,,0,3B3A,"MINNA ST","6TH ST",0.00,,Y,A,-,N,,,,,,,,,,Y,4,0,1,2,D,-,00,,,N,D,C,A,A,H,-,A,A,0,,,,,Y,,-,"- ",0,0,1,0,0,0,0,0,0,"- ","- ",,,"SAN FRANCISCO","SAN FRANCISCO",-122.40813446044922,37.780551910400391
9553785,2023,2023-04-07,3801,2023-02-05,"52  ",460,INGLE,7,5,7,3801,0,0,0,,0,3H15E,"ALEMANY BL","STONEYBROOK AV",0.00,,Y,C,-,N,,,,,,,,,,Y,4,0,1,2,A,-,05,21651,A,F,B,C,A,B,H,-,C,D,0,,,,,Y,,D,22,0,0,1,0,0,0,0,0,0,"- ","- ",,,"SAN FRANCISCO","SAN FRANCISCO",-122.42173767089844,37.731330871582031
9553880,2023,2023-03-15,3801,2023-01-31,1410,2113,BAYVI,2,5,7,3801,0,0,0,,0,3C12E,"INDUSTRIAL ST","BARNEVELD AV",0.00,,Y,A,-,N,,,,,,,,,,N,4,0,1,2,A,-,08,22107,,F,B,C,A,A,H,-,A,D,0,,,,,Y,,A,01,0,0,1,0,0,0,0,0,0,"- ","- ",,,"SAN FRANCISCO","SAN FRANCISCO",-122.40430450439453,37.738735198974609
9553881,2023,2023-03-15,3801,2023-01-19,"910 ",1967,NORTH,4,5,7,3801,0,0,0,,0,3E12A,"DIVISADERO ST","GEARY BL",0.00,,Y,A,-,N,,,,,,,,,,N,4,0,1,2,A,-,10,21950,A,N,G,B,B,A,H,-,A,A,0,Y,,,,Y,,A,01,0,0,1,0,1,0,0,0,0,"- ","- ",,,"SAN FRANCISCO","SAN FRANCISCO",-122.43947601318359,37.783359527587891
9553927,2023,2023-03-25,3801,2023-02-03,"759 ",2466,RICHM,5,5,7,3801,0,0,0,,0,THREE,"CALIFORNIA ST","7TH AV",0.00,,Y,B,C,N,,,,,,,,,,N,4,0,1,2,A,-,03,22350,,N,C,-,A,B,H,-,A,D,0,,,,,Y,,A,01,0,0,1,0,0,0,0,0,0,"- ","- ",,,"SAN FRANCISCO","SAN FRANCISCO",-122.46564483642578,37.784862518310547
9553932,2023,2023-03-25,3801,2023-02-02,"807 ",4026,BAYVI,4,5,7,3801,0,0,0,,0,3C12A,"PAUL AV","GOULD ST",0.00,,Y,A,-,N,,,,,,,,,,N,4,0,1,2,A,-,04,21703,,N,C,C,A,A,H,-,A,A,0,,,,,Y,,A,07,0,0,1,0,0,0,0,0,0,"- ","- ",,,"SAN FRANCISCO","SAN FRANCISCO",-122.39768981933594,37.722862243652344
9553939,2023,2023-03-25,3801,2023-02-04,1829,MOYLAN,,6,5,7,3801,0,0,0,,0,3J13D,"ELLIS ST","JONES ST",0.00,,Y,C,-,N,,,,,,,,,,N,4,0,1,2,A,-,10,21950,,N,D,C,-,B,H,-,B,A,0,Y,,,,Y,,A,01,0,0,1,0,1,0,0,0,0,"- ","- ",,,"SAN FRANCISCO","SAN FRANCISCO",-122.41278076171875,37.784896850585938
9553940,2023,2023-03-25,3801,2023-02-02,2244,4325,,4,5,7,3801,0,0,0,,0,,"FRANKLIN ST","GROVE ST",10.00,S,N,A,-,N,,,,,,,,,,Y,4,0,1,1,A,-,01,23152,A,M,A,I,A,A,H,-,C,A,0,,,,,Y,Y,A,01,0,0,1,0,0,0,0,0,0,"- ","- ",,,"SAN FRANCISCO","SAN FRANCISCO",-122.42151641845703,37.777992248535156
9553952,2023,2023-04-11,3801,2023-02-10,"502 ",1933,TENDE,5,5,7,3801,0,0,0,,0,3T12E,"JONESS ST","MCALLISTER ST",0.00,,Y,A,-,N,,,,,,,,,,N,4,0,1,2,A,-,08,22107,,N,G,B,B,A,H,-,C,A,0,Y,,,,Y,,A,01,0,0,1,0,1,0,0,0,0,"- ","- ",,,"SAN FRANCISCO","SAN FRANCISCO",-122.41202545166016,37.7811279296875
9553954,2023,2023-04-11,3801,2023-02-15,1643,1988,INGLE,3,5,7,3801,0,0,0,,0,3H16D,"CHENERY ST","MATEO ST",147.00,W,N,A,-,N,,,,,,,,,,N,3,0,1,2,A,-,03,22350,,N,G,B,E,A,H,-,A,D,0,Y,,,,Y,,A,01,0,1,0,0,1,0,0,0,0,"- ","- ",,,"SAN FRANCISCO","SAN FRANCISCO",-122.42934417724609,37.736141204833984
9553959,2023,2023-04-11,3801,2023-02-04,"50  ",1216,NORTH,6,5,7,3801,0,0,0,,0,3E16E,"LOMBARD ST","VAN NESS AV",250.00,W,N,A,-,N,,,,,,,,,,N,2,0,1,2,A,-,03,22350,,F,C,G,A,A,H,-,C,-,0,,Y,,,Y,,-,99,1,0,0,0,0,0,1,0,0,"- ","- ",37.801151275634766,-122.425537109375,"SAN FRANCISCO","SAN FRANCISCO",-122.42554473876953,37.801162719726562
9553961,2023,2023-04-11,3801,2023-02-22,2240,4115,CENTR,3,5,7,3801,0,0,0,,0,3A11E,"OFARRELL ST","POWELL ST",60.00,W,N,A,-,N,,,,,,,,,,Y,4,0,1,2,A,-,01,23152,A,F,C,C,A,A,H,-,C,A,0,,,,,Y,Y,A,01,0,0,1,0,0,0,0,0,0,"- ","- ",,,"SAN FRANCISCO","SAN FRANCISCO",-122.40823364257812,37.786411285400391
9553964,2023,2023-04-11,3801,2023-02-23,"709 ",432,MISSI,4,5,7,3801,0,0,0,,0,3D41A,"MARKET ST","CASTRO ST",0.00,,Y,C,-,N,,,,,,,,,,N,4,0,2,2,A,-,03,22350,,F,C,C,A,B,H,-,A,A,0,,,,,Y,,A,01,0,0,2,0,0,0,0,0,0,"- ","- ",,,"SAN FRANCISCO","SAN FRANCISCO",-122.43515777587891,37.762641906738281
9553966,2023,2023-04-11,3801,2023-02-24,2050,2142,NORTH,5,5,7,3801,0,0,0,,0,,"POLK ST","MCALLISTER ST",0.00,,Y,A,F,N,,,,,,,,,,Y,4,0,1,2,A,-,09,21802,A,N,G,B,B,A,H,-,C,A,0,Y,,,,Y,,-,"- ",0,0,1,0,1,0,0,0,0,"- ","- ",,,"SAN FRANCISCO","SAN FRANCISCO",-122.41860198974609,37.7802734375
9553968,2023,2023-04-11,3801,2023-02-25,1910,319,CENTR,6,5,7,3801,0,0,0,,0,3A12D,"POWELL ST","POST ST",0.00,,Y,A,-,N,,,,,,,,,,N,3,0,1,2,A,-,10,21950,A,N,G,B,B,A,H,-,C,A,0,Y,,,,Y,,A,01,0,1,0,0,1,0,0,0,0,"- ","- ",,,"SAN FRANCISCO","SAN FRANCISCO",-122.40840148925781,37.788291931152344
9553969,2023,2023-04-11,3801,2023-02-20,1853,1520,BAYVI,1,5,7,3801,0,0,0,,0,0C2,"PALOU AV","RANKIN ST",158.00,E,N,A,-,N,,,,,,,,,,Y,3,0,2,4,A,-,03,22350,,F,C,C,A,A,H,-,C,D,0,,,,,Y,,A,01,0,1,1,0,0,0,0,0,0,"- ","- ",,,"SAN FRANCISCO","SAN FRANCISCO",-122.39792633056641,37.73797607421875
9553971,2023,2023-04-07,3801,2023-02-27,1700,1276,SOUTH,1,5,7,3801,0,0,0,,0,3B14D,"MARKET ST","SOUTH VAN NESS AV",0.00,,Y,A,-,N,,,,,,,,,,N,3,0,1,2,A,-,12,21453,A,N,D,G,A,A,H,-,A,A,0,,Y,,,Y,,L,04,0,1,0,0,0,0,1,0,0,"- ","- ",,,"SAN FRANCISCO","SAN FRANCISCO",-122.41925811767578,37.775169372558594
9553973,2023,2023-04-07,3801,2023-02-09,1808,1696,NORTH,4,5,7,3801,0,0,0,,0,3E16D,"POLK ST","CALIFORNIA ST",0.00,,Y,A,-,N,,,,,,,,,,N,4,0,1,2,A,-,03,22350,,N,D,G,A,A,H,-,C,A,0,,Y,,,Y,Y,L,04,0,0,1,0,0,0,1,0,0,"- ","- ",,,"SAN FRANCISCO","SAN FRANCISCO",-122.42068481445312,37.790569305419922
9553976,2023,2023-05-09,3801,2023-02-09,"950 ",1118,SOUTH,4,5,7,3801,0,0,0,,0,3B14A,"HARRISON ST","02ND ST",124.00,E,N,A,-,N,,,,,,,,,,Y,4,0,1,2,A,-,08,22107,,N,D,C,A,A,H,-,A,D,0,,,,,Y,,A,07,0,0,1,0,0,0,0,0,0,"- ","- ",,,"SAN FRANCISCO","SAN FRANCISCO",,
9553980,2023,2023-04-07,3801,2023-02-05,1143,1653,INGLE,7,5,7,3801,0,0,0,,0,3H5A,"SICKLES AV","ALEMANY BL",0.00,,Y,A,-,N,,,,,,,,,,Y,4,0,2,2,A,-,09,21801,A,N,A,C,A,A,H,-,A,A,0,,,,,Y,,A,01,0,0,2,0,0,0,0,0,0,"- ","- ",,,"SAN FRANCISCO","SAN FRANCISCO",-122.45491790771484,37.710514068603516
9553991,2023,2023-03-25,3801,2023-02-04,2149,317,CENTR,6,5,7,3801,0,0,0,,0,SECTOR,BROADWAY,"POWELL ST",664.00,W,N,C,-,N,,,,,,,,,,Y,4,0,1,3,A,-,03,22350,,N,C,C,A,B,H,-,C,D,0,,,,,Y,,A,01,0,0,1,0,0,0,0,0,0,"- ","- ",,,"SAN FRANCISCO","SAN FRANCISCO",-122.41250610351562,37.797183990478516
9553993,2023,2023-03-25,3801,2023-02-22,"735 ",2112,SOUTH,3,5,7,3801,0,0,0,,0,,"FOLSOM ST","8TH ST",150.00,W,N,A,-,N,,,,,,,,,,N,3,0,1,1,A,-,03,22350,,N,H,A,A,A,H,-,A,A,0,,,Y,,Y,,C,02,0,1,0,0,0,0,0,0,1,"- ","- ",,,"SAN FRANCISCO","SAN FRANCISCO",-122.41042327880859,37.774703979492188
9554000,2023,2023-03-25,3801,2023-02-22,1907,2718,BAYVI,3,5,7,3801,0,0,0,,0,3C91A,"3RD ST","LE CONTE AV",0.00,,Y,A,-,N,,,,,,,,,,Y,3,0,1,2,A,-,04,21703,,F,C,C,A,A,H,-,C,A,0,,,,,Y,,D,22,0,1,0,0,0,0,0,0,0,"- ","- ",,,"SAN FRANCISCO","SAN FRANCISCO",-122.39756774902344,37.718875885009766
9554082,2023,2023-03-17,3801,2023-02-14,1800,1527,NORTH,2,5,7,3801,0,0,0,,0,0E6,"POLK ST","CLAY ST",0.00,,Y,A,-,N,,,,,,,,,,N,4,0,1,2,A,-,08,22102,,N,D,C,A,A,H,-,C,A,0,,,,,Y,,A,01,0,0,1,0,0,0,0,0,0,"- ","- ",,,"SAN FRANCISCO","SAN FRANCISCO",-122.42105102539062,37.792385101318359
9554088,2023,2023-03-17,3801,2023-02-14,"935 ",379,BAYVI,2,5,7,3801,0,0,0,,0,3C15A,"3RD ST","GILMAN AV",5.00,N,N,A,-,N,,,,,,,,,,Y,3,0,1,2,A,-,12,21453,A,F,-,B,F,A,H,-,A,A,0,Y,,,,Y,,A,01,0,1,0,0,1,0,0,0,0,"- ","- ",,,"SAN FRANCISCO","SAN FRANCISCO",-122.39556121826172,37.722381591796875
9554102,2023,2023-03-16,3801,2023-02-15,1240,1620,RICHM,3,5,7,3801,0,0,0,,0,3G11C,"BALBOA ST","40TH AV",0.00,,Y,A,-,N,,,,,,,,,,Y,3,0,2,5,A,-,07,21658,,N,C,E,A,A,H,-,A,D,0,,,,,Y,,A,07,0,1,1,0,0,0,0,0,0,"- ","- ",,,"SAN FRANCISCO","SAN FRANCISCO",-122.50054168701172,37.775581359863281
9554107,2023,2023-03-16,3801,2023-02-15,2300,2142,NORTH,3,5,7,3801,0,0,0,,0,3E12E,"DIVISADERO ST","GROVE ST",0.00,,Y,A,-,N,,,,,,,,,,Y,2,0,1,2,A,-,00,21740,,N,B,C,A,A,H,-,C,A,0,,,Y,,Y,,C,02,1,0,0,0,0,0,0,0,1,"- ","- ",,,"SAN FRANCISCO","SAN FRANCISCO",-122.43798065185547,37.775932312011719
9554114,2023,2023-03-16,3801,2023-02-24,"840 ",2495,BAYVI,5,5,7,3801,0,0,0,,0,,"SILVER AV","SCOTIA AV",41.00,W,N,C,-,N,,,,,,,,,,,4,0,1,2,A,-,03,22350,,F,C,C,A,B,H,-,A,A,0,,,,,Y,,A,01,0,0,1,0,0,0,0,0,0,"- ","- ",,,"SAN FRANCISCO","SAN FRANCISCO",-122.40228271484375,37.734458923339844
9554116,2023,2023-03-16,3801,2023-02-25,1315,4350,BAYVI,6,5,7,3801,0,0,0,,0,3C11C,"3RD ST","GALVEZ AV",0.00,,Y,A,-,N,,,,,,,,,,N,4,0,1,2,A,-,10,21950,A,N,G,B,B,A,H,-,A,A,0,Y,,,,Y,Y,A,01,0,0,1,0,1,0,0,0,0,"- ","- ",,,"SAN FRANCISCO","SAN FRANCISCO",-122.38858032226562,37.741165161132812
9554117,2023,2023-03-16,3801,2023-02-24,1800,1591,INGLE,5,5,7,3801,0,0,0,,0,3H11D,"SAN JOSE AV","SAN JUAN AV",0.00,,-,A,-,N,,,,,,,,,,N,2,0,1,1,A,-,03,22350,,N,-,A,A,A,H,-,C,A,0,,,Y,,Y,,C,02,1,0,0,0,0,0,0,0,1,"- ","- ",,,"SAN FRANCISCO","SAN FRANCISCO",-122.44145202636719,37.726982116699219
9554122,2023,2023-03-25,3801,2023-02-01,1957,1696,NORTH,3,5,7,3801,0,0,0,,0,3E12D,"VAN NESS AV","HAYES ST",0.00,,Y,A,-,N,,,,,,,,,,N,4,0,1,2,A,-,12,21453,A,N,D,C,A,A,H,-,C,A,0,,,,,Y,,-,,0,0,1,0,0,0,0,0,0,"- ","- ",,,"SAN FRANCISCO","SAN FRANCISCO",-122.419677734375,37.777294158935547
9554127,2023,2023-03-25,3801,2023-02-06,1809,327,MISSI,1,5,7,3801,0,0,0,,0,3D16C,"VALENCIA ST","17TH ST",0.00,,Y,A,-,N,,,,,,,,,,N,4,0,2,2,A,-,09,21801,A,N,D,C,A,A,H,-,C,A,0,,,,,Y,,A,01,0,0,2,0,0,0,0,0,0,"- ","- ",,,"SAN FRANCISCO","SAN FRANCISCO",-122.42173767089844,37.763298034667969
9554134,2023,2023-03-25,3801,2023-02-05,1846,2008,MISSI,7,5,7,3801,0,0,0,,0,3D15D,"17TH ST","VALENCIA ST",145.00,E,N,A,-,N,,,,,,,,,,N,3,0,1,2,A,-,09,21804,A,N,D,G,A,A,H,-,C,D,0,,Y,,,Y,,A,07,0,1,0,0,0,0,1,0,0,"- ","- ",,,"SAN FRANCISCO","SAN FRANCISCO",-122.42124176025391,37.763332366943359
9554136,2023,2023-03-25,3801,2023-02-06,1605,1782,TENDE,1,5,7,3801,0,0,0,,0,COJ,"MARKET ST","5TH ST",68.00,E,N,A,-,N,,,,,,,,,,N,4,0,1,1,A,-,03,22350,,N,E,I,A,A,C,D,A,D,0,,,,,Y,,-,,0,0,1,0,0,0,0,0,0,"- ","- ",,,"SAN FRANCISCO","SAN FRANCISCO",-122.40789031982422,37.784130096435547
9554158,2023,2023-03-25,3801,2023-02-13,"830 ",342,NORTH,1,5,7,3801,0,0,0,,0,3E14A,"SUTTER ST","FILLMORE ST",0.00,,Y,-,-,N,,,,,,,,,,N,4,0,1,2,A,-,10,21950,A,N,G,B,B,A,-,-,A,A,0,Y,,,,Y,,A,01,0,0,1,0,1,0,0,0,0,"- ","- ",,,"SAN FRANCISCO","SAN FRANCISCO",-122.43326568603516,37.786087036132812
9554160,2023,2023-03-25,3801,2023-02-07,1145,1075,SOUTH,2,5,7,3801,0,0,0,,0,3B13A,"KING ST","4TH ST",30.00,S,N,A,-,N,,,,,,,,,,N,2,0,1,2,A,-,11,21954,A,N,G,B,D,A,A,H,A,-,0,Y,,,,Y,,N,60,1,0,0,0,1,0,0,0,0,"- ","- ",,,"SAN FRANCISCO","SAN FRANCISCO",-122.39422607421875,37.776371002197266
9554232,2023,2023-04-13,3801,2023-02-24,"928 ",2202,INGLE,5,5,7,3801,0,0,0,,0,3H13A,"OSHAUGHNESSY BL","DEL VALE AV",199.00,W,N,C,-,N,,,,,,,,,,Y,4,0,1,1,A,-,03,22350,,N,E,I,A,D,H,-,A,D,0,,,,,Y,Y,A,01,0,0,1,0,0,0,0,0,0,"- ","- ",,,"SAN FRANCISCO","SAN FRANCISCO",-122.44615173339844,37.741691589355469
9554250,2023,2023-03-20,3801,2023-02-03,"614 ",1273,CENTR,5,5,7,3801,0,0,0,,0,3A2A,"MONTGOMERY ST","BUSH ST",0.00,,Y,C,-,N,,,,,,,,,,N,4,0,1,2,A,-,12,21453,A,N,D,C,A,B,H,-,C,A,0,,,,,Y,,A,07,0,0,1,0,0,0,0,0,0,"- ","- ",,,"SAN FRANCISCO","SAN FRANCISCO",-122.40235900878906,37.790973663330078