CASE_ID,ACCIDENT_YEAR,PROC_DATE,JURIS,COLLISION_DATE,COLLISION_TIME,OFFICER_ID,REPORTING_DISTRICT,DAY_OF_WEEK,CHP_SHIFT,POPULATION,CNTY_CITY_LOC,SPECIAL_COND,BEAT_TYPE,CHP_BEAT_TYPE,CITY_DIVISION_LAPD,CHP_BEAT_CLASS,BEAT_NUMBER,PRIMARY_RD,SECONDARY_RD,DISTANCE,DIRECTION,INTERSECTION,WEATHER_1,WEATHER_2,STATE_HWY_IND,CALTRANS_COUNTY,CALTRANS_DISTRICT,STATE_ROUTE,ROUTE_SUFFIX,POSTMILE_PREFIX,POSTMILE,LOCATION_TYPE,RAMP_INTERSECTION,SIDE_OF_HWY,TOW_AWAY,COLLISION_SEVERITY,NUMBER_KILLED,NUMBER_INJURED,PARTY_COUNT,PRIMARY_COLL_FACTOR,PCF_CODE_OF_VIOL,PCF_VIOL_CATEGORY,PCF_VIOLATION,PCF_VIOL_SUBSECTION,HIT_AND_RUN,TYPE_OF_COLLISION,MVIW,PED_ACTION,ROAD_SURFACE,ROAD_COND_1,ROAD_COND_2,LIGHTING,CONTROL_DEVICE,CHP_ROAD_TYPE,PEDESTRIAN_ACCIDENT,BICYCLE_ACCIDENT,MOTORCYCLE_ACCIDENT,TRUCK_ACCIDENT,NOT_PRIVATE_PROPERTY,ALCOHOL_INVOLVED,STWD_VEHTYPE_AT_FAULT,CHP_VEHTYPE_AT_FAULT,COUNT_SEVERE_INJ,COUNT_VISIBLE_INJ,COUNT_COMPLAINT_PAIN,COUNT_PED_KILLED,COUNT_PED_INJURED,COUNT_BICYCLIST_KILLED,COUNT_BICYCLIST_INJURED,COUNT_MC_KILLED,COUNT_MC_INJURED,PRIMARY_RAMP,SECONDARY_RAMP,LATITUDE,LONGITUDE,COUNTY,CITY,POINT_X,POINT_Y
9554308,2023,2023-03-27,3801,2023-02-07,"855 ",1540,TARAY,2,5,7,3801,0,0,0,,0,3I11A,"17TH AV","SANTIAGO ST",100.00,S,N,A,-,N,,,,,,,,,,N,4,0,1,2,A,-,11,21954,A,N,-,B,D,-,H,-,A,D,0,Y,,,,Y,,N,60,0,0,1,0,1,0,0,0,0,"- ","- ",,,"SAN FRANCISCO","SAN FRANCISCO",-122.47367095947266,37.744735717773438
9554387,2023,2023-03-17,3801,2023-02-24,"716 ",2202,INGLE,5,5,7,3801,0,0,0,,0,3H13A,"MONTEREY BL","GENNESSEE ST",0.00,,Y,C,-,N,,,,,,,,,,Y,4,0,1,2,A,-,09,21801,A,N,D,C,A,D,H,-,A,A,0,,,,,Y,,A,01,0,0,1,0,0,0,0,0,0,"- ","- ",,,"SAN FRANCISCO","SAN FRANCISCO",-122.45112609863281,37.731536865234375
9554842,2023,2023-03-23,3801,2023-01-31,"835 ",1003,INGLE,2,5,7,3801,0,0,0,,0,4CAR,"BOSWORTH ST","RT 280",0.00,,Y,A,-,Y,SF,4,280,-,R,3.448,R,4,S,N,3,0,1,2,A,-,10,21950,A,N,G,B,B,A,H,-,A,D,0,Y,,,,Y,,A,01,0,1,0,0,1,0,0,0,0,"- ",SO,,,"SAN FRANCISCO","SAN FRANCISCO",-122.42207336425781,37.731731414794922
9557570,2023,2023-06-13,3801,2023-05-12,1531,2132,PARK,5,5,7,3801,0,0,0,,0,3F1D,"FREDERICK ST","STANYAN ST",0.00,,Y,A,-,N,,,,,,,,,,N,4,0,1,2,A,-,07,21658,A,N,B,C,A,A,H,-,A,A,0,,,,Y,Y,,F,55,0,0,1,0,0,0,0,0,0,"- ","- ",,,"SAN FRANCISCO","SAN FRANCISCO",-122.45295715332031,37.766376495361328
9557571,2023,2023-06-13,3801,2023-05-13,1250,4325,TARAV,6,5,7,3801,0,0,0,,0,002,"SUNSET BL","TARAVAL ST",0.00,,Y,A,-,N,,,,,,,,,,Y,4,0,1,2,A,-,12,21453,A,N,B,C,A,A,H,-,A,A,0,,,,,Y,,D,22,0,0,1,0,0,0,0,0,0,"- ","- ",,,"SAN FRANCISCO","SAN FRANCISCO",-122.49452972412109,37.742210388183594
9560879,2023,2023-04-12,3801,2023-02-27,"939 ",392,MISSI,1,5,7,3801,0,0,0,,0,3D14A,"POTRERO AV","18TH ST",246.00,S,N,B,-,N,,,,,,,,,,N,3,0,1,1,A,-,03,22350,,N,H,-,A,B,H,-,A,D,0,,,,,Y,,M,94,0,1,0,0,0,0,0,0,0,"- ","- ",,,"SAN FRANCISCO","SAN FRANCISCO",-122.40715789794922,37.761257171630859
9560982,2023,2023-04-20,3801,2023-03-24,1410,2706,MISSI,5,5,7,3801,0,0,0,,0,3D13A,"FOLSOM ST","23RD ST",0.00,,Y,A,-,N,,,,,,,,,,Y,4,0,3,2,A,-,12,21453,A,N,D,C,A,A,H,-,A,A,0,,,,Y,Y,,F,26,0,0,3,0,0,0,0,0,0,"- ","- ",,,"SAN FRANCISCO","SAN FRANCISCO",-122.41425323486328,37.754119873046875
9560990,2023,2023-04-14,3801,2023-02-24,1913,359,TARAV,5,5,7,3801,0,0,0,,0,3I3D,"SLOAT BL","19TH AV",0.00,,Y,A,-,N,,,,,,,,,,Y,4,0,1,3,A,-,08,22107,,N,D,C,A,A,H,-,C,A,0,,,,,Y,,A,01,0,0,1,0,0,0,0,0,0,"- ","- ",,,"SAN FRANCISCO","SAN FRANCISCO",-122.47511291503906,37.734561920166016
9560998,2023,2023-05-08,3801,2023-03-03,"838 ",2499,TARAV,5,5,7,3801,0,0,0,,0,3I16E,"SAN JOSE AV","ALEMANY BL",0.00,,Y,A,-,N,,,,,,,,,,Y,2,0,6,3,A,-,03,22350,,N,D,I,A,A,H,-,A,A,0,,,,,Y,,A,01,1,0,5,0,0,0,0,0,0,"- ","- ",,,"SAN FRANCISCO","SAN FRANCISCO",-122.45709991455078,37.710071563720703
9561026,2023,2023-04-28,3801,2023-03-08,1643,1246,BAYVI,3,5,7,3801,0,0,0,,0,3C12D,"INDUSTRIAL ST","OAKDALE AV",0.00,,Y,A,-,N,,,,,,,,,,Y,3,0,2,2,A,-,12,22450,A,N,D,C,A,A,H,-,A,D,0,,,,,Y,Y,D,22,0,1,1,0,0,0,0,0,0,"- ","- ",,,"SAN FRANCISCO","SAN FRANCISCO",-122.39969635009766,37.739933013916016
9561033,2023,2023-04-14,3801,2023-03-24,1848,1620,RICHM,5,5,7,3801,0,0,0,,0,3G3D,"ANZA ST","26TH AV",41.00,W,N,A,-,N,,,,,,,,,,N,4,0,1,2,A,-,03,22350,,N,C,E,A,A,H,-,A,D,0,,,,Y,Y,,A,07,0,0,1,0,0,0,0,0,0,"- ","- ",,,"SAN FRANCISCO","SAN FRANCISCO",-122.48580932617188,37.778102874755859
9561205,2023,2023-04-24,3801,2023-03-06,1150,1003,INGLE,1,5,7,3801,0,0,0,,0,3CAR,"MISSION ST","COTTER ST",0.00,,Y,A,-,N,,,,,,,,,,N,4,0,1,2,A,-,05,21460,A,N,D,C,A,A,H,-,A,D,0,,,,,Y,,A,01,0,0,1,0,0,0,0,0,0,"- ","- ",,,"SAN FRANCISCO","SAN FRANCISCO",-122.43289947509766,37.727188110351562
9561207,2023,2023-04-24,3801,2023-03-06,"926 ",428,CENTR,1,5,7,3801,0,0,0,,0,,"POWELL ST","CALIFORNIA ST",75.00,N,N,A,-,N,,,,,,,,,,N,4,0,1,2,A,-,09,21804,A,N,D,G,A,A,H,-,A,D,0,,Y,,,Y,,A,07,0,0,1,0,0,0,1,0,0,"- ","- ",,,"SAN FRANCISCO","SAN FRANCISCO",-122.40921020507812,37.792251586914062
9561208,2023,2023-04-24,3801,2023-03-04,1517,2228,CENTR,6,5,7,3801,0,0,0,,0,3A14D,"PACIFIC AV","BATTERY ST",0.00,,Y,A,-,N,,,,,,,,,,Y,3,0,3,2,A,-,12,21453,A,N,D,C,A,A,H,-,A,A,0,,,,,Y,,A,01,0,1,2,0,0,0,0,0,0,"- ","- ",,,"SAN FRANCISCO","SAN FRANCISCO",-122.40087890625,37.797679901123047
9561212,2023,2023-04-24,3801,2023-03-19,1103,1572,SOUTH,7,5,7,3801,0,0,0,,0,3B1A,"HARRISON ST","MAIN ST",0.00,,Y,C,-,N,,,,,,,,,,Y,4,0,2,2,A,-,09,21801,A,N,B,C,A,B,H,-,A,A,0,,,,,Y,,A,01,0,0,2,0,0,0,0,0,0,"- ","- ",,,"SAN FRANCISCO","SAN FRANCISCO",-122.39031982421875,37.78814697265625
9561216,2023,2023-04-24,3801,2023-03-18,2112,2249,PARK,6,5,7,3801,0,0,0,,0,3F13E,"OFARRELL ST","MASONIC AV",0.00,,Y,A,-,N,,,,,,,,,,N,4,0,1,2,A,-,08,22107,,N,A,C,A,A,H,-,C,A,0,,,,,Y,,A,01,0,0,1,0,0,0,0,0,0,"- ","- ",,,"SAN FRANCISCO","SAN FRANCISCO",-122.44754028320312,37.781036376953125
9561222,2023,2023-04-28,3801,2023-03-24,2135,2748,MISSI,5,5,7,3801,0,0,0,,0,3D11E,"16TH ST","DOLORES ST",0.00,,Y,A,-,N,,,,,,,,,,Y,3,0,1,2,A,-,08,22107,,N,D,C,A,A,H,-,C,A,0,,,,,Y,,A,01,0,1,0,0,0,0,0,0,0,"- ","- ",,,"SAN FRANCISCO","SAN FRANCISCO",-122.42644500732422,37.764640808105469
9561223,2023,2023-04-28,3801,2023-03-29,"815 ",189,NORTH,3,5,7,3801,0,0,0,,0,,"CALIFORNIA ST","OCTAVIA ST",0.00,,Y,B,C,N,,,,,,,,,,N,4,0,1,2,A,-,10,21950,A,F,G,B,B,B,H,-,A,A,0,Y,,,,Y,,-,99,0,0,1,0,1,0,0,0,0,"- ","- ",,,"SAN FRANCISCO","SAN FRANCISCO",-122.42726135253906,37.789730072021484
9561234,2023,2023-04-28,3801,2023-03-01,1558,1198,MISSI,3,5,7,3801,0,0,0,,0,,"19TH ST","GUERRERO ST",0.00,,Y,A,-,N,,,,,,,,,,N,3,0,1,2,A,-,10,21950,,N,C,G,A,A,H,-,A,A,0,,Y,,,Y,,A,01,0,1,0,0,0,0,1,0,0,"- ","- ",,,"SAN FRANCISCO","SAN FRANCISCO",-122.42362976074219,37.759975433349609
9561235,2023,2023-04-28,3801,2023-03-06,2029,2008,MISSI,1,5,7,3801,0,0,0,,0,3D15D,"MISSION ST","15TH ST",221.00,S,N,C,-,N,,,,,,,,,,N,4,0,3,3,A,-,03,22350,,N,H,C,A,B,H,-,C,D,0,,,,,Y,,A,01,0,0,3,0,0,0,0,0,0,"- ","- ",,,"SAN FRANCISCO","SAN FRANCISCO",-122.41976165771484,37.766063690185547
9561237,2023,2023-04-28,3801,2023-03-06,"100 ",1466,SOUTH,1,5,7,3801,0,0,0,,0,04B,"GOUGH ST","MARKET ST",0.00,,Y,A,-,N,,,,,,,,,,Y,4,0,1,2,A,-,03,22350,,N,D,C,A,A,H,-,D,A,0,,,,,Y,,A,01,0,0,1,0,0,0,0,0,0,"- ","- ",,,"SAN FRANCISCO","SAN FRANCISCO",-122.42221069335938,37.772872924804688
9561238,2023,2023-04-28,3801,2023-03-06,"835 ",179,NORTH,1,5,7,3801,0,0,0,,0,3E12A,"MCALLISTER ST","STEINER ST",136.00,W,N,A,-,N,,,,,,,,,,N,4,0,1,2,A,-,21,22106,,N,-,G,A,A,-,-,A,A,0,,Y,,,Y,,A,01,0,0,1,0,0,0,1,0,0,"- ","- ",,,"SAN FRANCISCO","SAN FRANCISCO",-122.43386840820312,37.778362274169922
9561239,2023,2023-04-28,3801,2023-03-02,1159,93,NORTH,4,5,7,3801,0,0,0,,0,3E76,"GROVE ST","POLK ST",66.00,W,N,A,-,N,,,,,,,,,,N,4,0,1,2,A,-,08,22102,,N,G,B,E,A,H,-,A,A,0,Y,,,,Y,,A,01,0,0,1,0,1,0,0,0,0,"- ","- ",,,"SAN FRANCISCO","SAN FRANCISCO",-122.41844177246094,37.778446197509766
9561243,2023,2023-04-08,3801,2023-03-03,1455,1857,NORTH,5,5,7,3801,0,0,0,,0,3E13D,"EDDY ST","GOUGH ST",54.00,S,N,A,-,N,,,,,,,,,,N,4,0,1,2,A,-,04,21703,,N,C,C,A,A,H,-,A,A,0,,,,,Y,,A,01,0,0,1,0,0,0,0,0,0,"- ","- ",,,"SAN FRANCISCO","SAN FRANCISCO",-122.42430114746094,37.782447814941406
9561244,2023,2023-04-08,3801,2023-03-08,1958,158,NORTH,3,5,7,3801,0,0,0,,0,3E15D,"BAY ST","LAGUNA ST",0.00,,Y,A,-,N,,,,,,,,,,N,4,0,1,2,A,-,12,21453,A,N,D,G,A,A,H,-,C,A,0,,Y,,,Y,,L,04,0,0,1,0,0,0,1,0,0,"- ","- ",,,"SAN FRANCISCO","SAN FRANCISCO",-122.43167877197266,37.803276062011719
9561247,2023,2023-04-08,3801,2023-03-10,1650,643,TARAV,5,5,7,3801,0,0,0,,0,3I16D,"SAGAMORE ST","PLYMOUTH AV",20.00,W,N,A,-,N,,,,,,,,,,Y,3,0,1,1,A,-,03,22350,,N,E,I,A,-,H,-,A,D,0,,,,,Y,,A,01,0,1,0,0,0,0,0,0,0,"- ","- ",,,"SAN FRANCISCO","SAN FRANCISCO",-122.45613098144531,37.711418151855469
9561259,2023,2023-04-08,3801,2023-03-12,1715,986,TARAV,7,5,7,3801,0,0,0,,0,3115D,"LAKE MERCED BL","JOHN MUIR DR",0.00,,Y,C,-,N,,,,,,,,,,Y,4,0,1,2,A,-,03,22350,,N,C,C,A,B,H,-,A,A,0,,,,,Y,,A,07,0,0,1,0,0,0,0,0,0,"- ","- ",,,"SAN FRANCISCO","SAN FRANCISCO",-122.48574066162109,37.708110809326172
9561260,2023,2023-04-08,3801,2023-03-09,1939,2017,MISSI,4,5,7,3801,0,0,0,,0,3D11D,"GUERRERO ST","DUBOCE AV",0.00,,Y,C,-,N,,,,,,,,,,N,4,0,1,2,A,-,10,21950,A,N,G,B,B,B,H,-,C,A,0,Y,,,,Y,,A,01,0,0,1,0,1,0,0,0,0,"- ","- ",,,"SAN FRANCISCO","SAN FRANCISCO",-122.42459106445312,37.769741058349609
9561265,2023,2023-04-08,3801,2023-03-13,"843 ",4036,RICH,1,5,7,3801,0,0,0,,0,4B2C,GEARY,"20TH AV",28.00,W,N,A,-,N,,,,,,,,,,Y,4,0,2,3,A,-,01,23152,B,N,C,C,A,A,H,-,A,D,0,,,,,Y,,A,01,0,0,2,0,0,0,0,0,0,"- ","- ",,,"SAN FRANCISCO","SAN FRANCISCO",-122.47948455810547,37.780384063720703
9561268,2023,2023-04-08,3801,2023-03-03,1016,564,MISSI,5,5,7,3801,0,0,0,,0,3D11A,"16TH ST","VALENCIA ST",5.00,W,N,A,-,N,,,,,,,,,,N,4,0,1,2,A,-,04,21703,,N,C,C,A,A,H,-,A,D,0,,,,,Y,,A,01,0,0,1,0,0,0,0,0,0,"- ","- ",,,"SAN FRANCISCO","SAN FRANCISCO",-122.42190551757812,37.764907836914062
9561270,2023,2023-04-08,3801,2023-03-15,"732 ",1519,BAYV,3,5,7,3801,0,0,0,,0,3C15A,"JENNINGS AV","EGBERT ST",0.00,,Y,A,-,N,,,,,,,,,,N,4,0,1,3,A,-,10,21950,A,N,G,B,B,A,H,-,A,A,0,Y,,,,Y,,A,01,0,0,1,0,1,0,0,0,0,"- ","- ",,,"SAN FRANCISCO","SAN FRANCISCO",-122.39260864257812,37.722671508789062
9561271,2023,2023-04-08,3801,2023-03-05,1945,4314,RICHM,7,5,7,3801,0,0,0,,0,0G3,"GEARY BL","6TH AV",32.00,E,N,C,-,N,,,,,,,,,,N,4,0,2,2,A,-,04,21703,,N,C,C,A,B,H,-,C,A,0,,,,,Y,,A,01,0,0,2,0,0,0,0,0,0,"- ","- ",,,"SAN FRANCISCO","SAN FRANCISCO",-122.46417999267578,37.781093597412109
9561290,2023,2023-04-12,3801,2023-02-27,1239,1771,MISSI,1,5,7,3801,0,0,0,,0,,"23RD ST","FOLSOM ST",98.00,W,N,C,-,N,,,,,,,,,,N,4,0,1,2,A,-,06,21750,A,N,B,C,A,B,H,-,A,D,0,,,,,Y,,D,22,0,0,1,0,0,0,0,0,0,"- ","- ",37.754108428955078,-122.41471099853516,"SAN FRANCISCO","SAN FRANCISCO",-122.41458892822266,37.754096984863281
9561292,2023,2023-04-17,3801,2023-02-18,1619,1244,SOUTH,6,5,7,3801,0,0,0,,0,006,"AVENUE H","10TH ST",310.00,W,N,A,-,N,,,,,,,,,,N,3,0,1,1,C,-,18,,,N,H,J,A,A,G,-,A,A,0,,,,,Y,,-,"- ",0,1,0,0,0,0,0,0,0,"- ","- ",,,"SAN FRANCISCO","SAN FRANCISCO",-122.37386322021484,37.825897216796875
9561295,2023,2023-04-12,3801,2023-02-25,1014,1513,RICHM,6,5,7,3801,0,0,0,,0,TWO,"GEARY BL","BLAKE ST",0.00,,Y,B,-,N,,,,,,,,,,,4,0,2,3,A,-,08,22100,B,F,-,C,A,A,H,-,A,A,0,,,,,Y,,A,01,0,0,2,0,0,0,0,0,0,"- ","- ",,,"SAN FRANCISCO","SAN FRANCISCO",-122.45111846923828,37.782054901123047
9561298,2023,2023-04-13,3801,2023-02-22,1740,2419,RICHM,3,5,7,3801,0,0,0,,0,901,"FELL ST","ASHBURY ST",0.00,,Y,A,-,N,,,,,,,,,,N,4,0,1,2,A,-,03,22350,,F,C,J,A,A,H,-,A,D,0,,,Y,,Y,,A,01,0,0,1,0,0,0,0,0,1,"- ","- ",,,"SAN FRANCISCO","SAN FRANCISCO",-122.44750213623047,37.772811889648438
9561306,2023,2023-05-10,3801,2023-03-17,1350,82,MISSI,5,5,7,3801,0,0,0,,0,3D45C,"24TH ST","SAN JOSE AV",0.00,,Y,A,-,N,,,,,,,,,,Y,4,0,1,2,A,-,12,22450,A,N,D,C,A,A,H,-,A,A,0,,,,,Y,,A,01,0,0,1,0,0,0,0,0,0,"- ","- ",,,"SAN FRANCISCO","SAN FRANCISCO",-122.42160034179688,37.752067565917969
9561310,2023,2023-05-03,3801,2023-03-22,1108,4102,SOUTH,3,5,7,3801,0,0,0,,0,3B47,"FREMONT ST","HOWARD ST",50.00,N,N,A,-,N,,,,,,,,,,N,4,0,1,3,A,-,17,22517,,N,H,G,A,A,H,-,A,D,0,,Y,,,Y,,-,,0,0,1,0,0,0,1,0,0,"- ","- ",,,"SAN FRANCISCO","SAN FRANCISCO",-122.395263671875,37.789329528808594
9561316,2023,2023-04-28,3801,2023-03-24,"140 ",1252,RICHM,5,5,7,3801,0,0,0,,0,901,"GEARY BL","ST JOSEPH AV",45.00,W,N,A,-,N,,,,,,,,,,Y,4,0,1,3,A,-,03,22350,,N,B,C,A,A,H,-,C,D,0,,,Y,,Y,,A,01,0,0,1,0,0,0,0,0,1,"- ","- ",,,"SAN FRANCISCO","SAN FRANCISCO",-122.44295501708984,37.782791137695312
9561321,2023,2023-04-19,3801,2023-03-21,"516 ",1871,INGLE,2,5,7,3801,0,0,0,,0,901,"GENEVA AV","SAN JOSE AV",0.00,,Y,B,-,N,,,,,,,,,,Y,3,0,2,2,A,-,12,21453,A,N,D,C,A,A,H,-,C,A,0,,,,,Y,,A,01,0,1,1,0,0,0,0,0,0,"- ","- ",,,"SAN FRANCISCO","SAN FRANCISCO",-122.44663238525391,37.720729827880859
9561322,2023,2023-04-19,3801,2023-03-20,1623,933,INGLE,1,5,7,3801,0,0,0,,0,0H5,"BRUNSWICK ST","CONCORD ST",0.00,,Y,A,-,N,,,,,,,,,,Y,3,0,1,2,A,-,03,22350,,N,D,C,A,A,H,-,A,A,0,,,Y,,Y,,C,02,0,1,0,0,0,0,0,0,1,"- ","- ",,,"SAN FRANCISCO","SAN FRANCISCO",-122.44216156005859,37.710918426513672
9561323,2023,2023-04-26,3801,2023-03-28,"600 ",4267,TARAV,2,5,7,3801,0,0,0,,0,3116A,"ST CHARLES AV","PALMETTO AV",0.00,,Y,C,-,N,,,,,,,,,,Y,4,0,1,2,A,-,09,21800,A,N,D,C,A,B,H,-,C,A,0,,,,,Y,,A,01,0,0,1,0,0,0,0,0,0,"- ","- ",,,"SAN FRANCISCO","SAN FRANCISCO",-122.46935272216797,37.710700988769531
9561324,2023,2023-04-18,3801,2023-03-28,1840,1244,SOUTH,2,5,7,3801,0,0,0,,0,005,"17TH ST","VERMONT ST",0.00,,Y,C,-,N,,,,,,,,,,N,4,0,1,2,A,-,03,22350,,N,C,C,A,B,H,-,A,A,0,,,,,Y,,-,,0,0,1,0,0,0,0,0,0,"- ","- ",,,"SAN FRANCISCO","SAN FRANCISCO",-122.40448760986328,37.764682769775391
9561330,2023,2023-04-18,3801,2023-03-28,1850,2228,CENTR,2,5,7,3801,0,0,0,,0,3A3D,"COLUMBUS AV","LOMBARD ST",20.00,S,N,A,-,N,,,,,,,,,,N,3,0,1,2,-,-,"- ",,,N,B,J,A,A,H,-,A,D,0,,,,,Y,Y,-,"- ",0,1,0,0,0,0,0,0,0,"- ","- ",,,"SAN FRANCISCO","SAN FRANCISCO",-122.41361999511719,37.802703857421875
9561336,2023,2023-04-19,3801,2023-03-29,1247,390,PARK,3,5,7,3801,0,0,0,,0,003,"FULTON ST","PARKER ST",24.00,W,N,B,-,N,,,,,,,,,,N,4,0,1,2,A,-,10,21950,,N,G,B,B,B,H,-,A,A,0,Y,,,,Y,,A,01,0,0,1,0,1,0,0,0,0,"- ","- ",,,"SAN FRANCISCO","SAN FRANCISCO",-122.45291137695312,37.774978637695312
9561339,2023,2023-04-18,3801,2023-03-19,"100 ",2391,NORTH,7,5,7,3801,0,0,0,,0,3E12E,"FILLMORE ST","CHESTNUT ST",11.00,N,N,C,-,N,,,,,,,,,,N,3,0,1,2,A,-,03,22350,,N,G,B,B,B,H,-,C,A,0,Y,,,,Y,,A,07,0,1,0,0,1,0,0,0,0,"- ","- ",,,"SAN FRANCISCO","SAN FRANCISCO",-122.436279296875,37.800861358642578
9561341,2023,2023-04-17,3801,2023-03-05,1005,1572,SOUTH,7,5,7,3801,0,0,0,,0,3B1A,"MINNA ALLEY","2ND ST",0.00,,Y,A,-,N,,,,,,,,,,N,4,0,1,2,A,-,03,22350,A,N,B,D,A,A,H,-,A,D,0,,,,,Y,,-,,0,0,1,0,0,0,0,0,0,"- ","- ",,,"SAN FRANCISCO","SAN FRANCISCO",-122.39927673339844,37.78759765625
9561342,2023,2023-04-17,3801,2023-03-08,1259,1442,NORTH,3,5,7,3801,0,0,0,,0,3E15A,"GOUGH ST","POST ST",10.00,E,N,A,-,N,,,,,,,,,,N,3,0,1,2,A,-,10,21950,,N,G,B,B,A,H,-,A,A,0,Y,,,,Y,,A,01,0,1,0,0,1,0,0,0,0,"- ","- ",,,"SAN FRANCISCO","SAN FRANCISCO",-122.42483520507812,37.786163330078125
9561343,2023,2023-04-17,3801,2023-03-07,1440,1511,BAYVI,2,5,7,3801,0,0,0,,0,3C11A,"INDIANA ST","20TH ST",38.00,S,N,A,-,N,,,,,,,,,,N,4,0,1,2,A,-,21,22106,,N,B,C,A,A,H,-,A,D,0,,,Y,,Y,,C,03,0,0,1,0,0,0,0,0,1,"- ","- ",,,"SAN FRANCISCO","SAN FRANCISCO",-122.39144134521484,37.760295867919922
9561349,2023,2023-04-17,3801,2023-03-08,1520,1496,INGLE,3,5,7,3801,0,0,0,,0,,"MISSION ST","POPE ST",0.00,,Y,A,-,N,,,,,,,,,,N,2,0,1,2,A,-,11,21453,D,N,G,B,B,A,-,-,A,A,0,Y,,,,Y,,N,60,1,0,0,0,1,0,0,0,0,"- ","- ",,,"SAN FRANCISCO","SAN FRANCISCO",-122.44183349609375,37.715427398681641
9561354,2023,2023-06-27,3801,2023-03-12,1938,1207,SOUTH,7,5,7,3801,0,0,0,,0,0B4,"BRYANT ST","DIVISION ST",0.00,,Y,A,-,N,,,,,,,,,,Y,4,0,1,2,D,-,00,,,N,D,C,A,B,H,-,D,A,0,,,,,Y,,-,"- ",0,0,1,0,0,0,0,0,0,"- ","- ",,,"SAN FRANCISCO","SAN FRANCISCO",-122.41082000732422,37.769309997558594
9561355,2023,2023-04-17,3801,2023-03-09,2330,821,SOUTH,4,5,7,3801,0,0,0,,0,3B1,"1ST ST","HOWARD ST",0.00,,Y,C,-,N,,,,,,,,,,Y,4,0,1,2,A,-,05,21650,1,N,B,J,A,B,H,-,C,A,0,,,,,Y,Y,A,01,0,0,1,0,0,0,0,0,0,"- ","- ",,,"SAN FRANCISCO","SAN FRANCISCO",-122.39604187011719,37.788551330566406
9561357,2023,2023-04-17,3801,2023-03-10,1216,1061,CENTR,5,5,7,3801,0,0,0,,0,3A91A,"STOCKTON ST","STOCKTON ST 275",0.00,,Y,A,-,N,,,,,,,,,,N,3,0,1,2,A,-,11,21955,,N,G,B,D,A,H,-,A,A,0,Y,,,,Y,Y,N,60,0,1,0,0,1,0,0,0,0,"- ","- ",,,"SAN FRANCISCO","SAN FRANCISCO",-122.40765380859375,37.792781829833984
9561358,2023,2023-04-17,3801,2023-03-11,1235,2380,SOUTH,6,5,7,3801,0,0,0,,0,0B5,"3RD ST","BERRY ST",147.00,S,N,C,-,N,,,,,,,,,,N,3,0,1,1,A,-,03,22350,,N,H,A,A,B,G,-,A,A,0,,,Y,,Y,,C,03,0,1,0,0,0,0,0,0,1,"- ","- ",,,"SAN FRANCISCO","SAN FRANCISCO",-122.39073181152344,37.777263641357422
9565835,2023,2023-04-10,3801,2023-03-09,2025,2400,BAYVI,4,5,7,3801,0,0,0,,0,3CAR,"20TH ST","FOLSOM ST",0.00,,Y,C,-,N,,,,,,,,,,N,4,0,1,2,A,-,09,21801,A,N,A,G,A,B,H,-,C,A,0,,Y,,,Y,,J,48,0,0,1,0,0,0,1,0,0,"- ","- ",,,"SAN FRANCISCO","SAN FRANCISCO",-122.41468048095703,37.758888244628906
9566744,2023,2023-05-17,3801,2023-04-07,"912 ",262,TRAFF,5,5,7,3801,0,0,0,,0,4B1E,"7TH ST","NATOMA ST",0.00,,Y,B,C,N,,,,,,,,,,Y,4,0,2,2,A,-,09,21800,A,N,D,C,A,B,H,-,A,A,0,,,,,Y,,A,07,0,0,2,0,0,0,0,0,0,"- ","- ",,,"SAN FRANCISCO","SAN FRANCISCO",-122.40989685058594,37.778400421142578
9567973,2023,2023-06-29,3801,2023-05-28,1947,2408,MISSI,7,5,7,3801,0,0,0,,0,3D11D,"DOLORES ST","18TH ST",0.00,,Y,A,-,N,,,,,,,,,,Y,3,0,3,2,A,-,08,22108,,N,D,C,A,A,H,-,A,A,0,,,,,Y,,A,01,0,1,2,0,0,0,0,0,0,"- ","- ",,,"SAN FRANCISCO","SAN FRANCISCO",-122.42615509033203,37.761444091796875
9567975,2023,2023-06-22,3801,2023-05-16,2217,1217,MISSI,2,5,7,3801,0,0,0,,0,"4 CAR","SOUTH VAN NESS AV","25TH ST",201.00,S,N,A,-,N,,,,,,,,,,N,3,0,1,2,A,-,03,22350,A,N,C,C,A,A,H,-,C,D,0,,,Y,,Y,,C,02,0,1,0,0,0,0,0,0,1,"- ","- ",,,"SAN FRANCISCO","SAN FRANCISCO",-122.41611480712891,37.750228881835938
9567977,2023,2023-06-21,3801,2023-05-22,1914,2238,BAYVI,1,5,7,3801,0,0,0,,0,3C15D,"VAN DYKE AV","LANE ST",190.00,E,N,A,-,N,,,,,,,,,,N,4,0,1,2,A,-,03,22350,,F,A,C,A,A,H,-,A,D,0,,,,,Y,,A,01,0,0,1,0,0,0,0,0,0,"- ","- ",,,"SAN FRANCISCO","SAN FRANCISCO",-122.39189910888672,37.728836059570312
9567986,2023,2023-06-22,3801,2023-05-22,"808 ",1825,SOUTH,1,5,7,3801,0,0,0,,0,3B12A,"5TH ST","FOLSOM ST",0.00,,Y,A,-,N,,,,,,,,,,N,3,0,1,2,A,-,09,21453,C,N,D,G,A,A,H,-,A,A,0,,Y,,,Y,,A,01,0,1,0,0,0,0,1,0,0,"- ","- ",,,"SAN FRANCISCO","SAN FRANCISCO",-122.40340423583984,37.7802734375
9567990,2023,2023-06-22,3801,2023-05-04,"637 ",1396,SOUTH,4,5,7,3801,0,0,0,,0,3B13A,"5TH ST","BRANNAN ST",0.00,,Y,A,-,N,,,,,,,,,,N,2,0,1,2,A,-,12,21453,A,N,D,J,A,A,H,-,A,A,0,,,Y,,Y,,C,03,1,0,0,0,0,0,0,0,1,"- ","- ",,,"SAN FRANCISCO","SAN FRANCISCO",-122.39875793457031,37.776573181152344