CASE_ID,ACCIDENT_YEAR,PROC_DATE,JURIS,COLLISION_DATE,COLLISION_TIME,OFFICER_ID,REPORTING_DISTRICT,DAY_OF_WEEK,CHP_SHIFT,POPULATION,CNTY_CITY_LOC,SPECIAL_COND,BEAT_TYPE,CHP_BEAT_TYPE,CITY_DIVISION_LAPD,CHP_BEAT_CLASS,BEAT_NUMBER,PRIMARY_RD,SECONDARY_RD,DISTANCE,DIRECTION,INTERSECTION,WEATHER_1,WEATHER_2,STATE_HWY_IND,CALTRANS_COUNTY,CALTRANS_DISTRICT,STATE_ROUTE,ROUTE_SUFFIX,POSTMILE_PREFIX,POSTMILE,LOCATION_TYPE,RAMP_INTERSECTION,SIDE_OF_HWY,TOW_AWAY,COLLISION_SEVERITY,NUMBER_KILLED,NUMBER_INJURED,PARTY_COUNT,PRIMARY_COLL_FACTOR,PCF_CODE_OF_VIOL,PCF_VIOL_CATEGORY,PCF_VIOLATION,PCF_VIOL_SUBSECTION,HIT_AND_RUN,TYPE_OF_COLLISION,MVIW,PED_ACTION,ROAD_SURFACE,ROAD_COND_1,ROAD_COND_2,LIGHTING,CONTROL_DEVICE,CHP_ROAD_TYPE,PEDESTRIAN_ACCIDENT,BICYCLE_ACCIDENT,MOTORCYCLE_ACCIDENT,TRUCK_ACCIDENT,NOT_PRIVATE_PROPERTY,ALCOHOL_INVOLVED,STWD_VEHTYPE_AT_FAULT,CHP_VEHTYPE_AT_FAULT,COUNT_SEVERE_INJ,COUNT_VISIBLE_INJ,COUNT_COMPLAINT_PAIN,COUNT_PED_KILLED,COUNT_PED_INJURED,COUNT_BICYCLIST_KILLED,COUNT_BICYCLIST_INJURED,COUNT_MC_KILLED,COUNT_MC_INJURED,PRIMARY_RAMP,SECONDARY_RAMP,LATITUDE,LONGITUDE,COUNTY,CITY,POINT_X,POINT_Y
9567998,2023,2023-06-22,3801,2023-05-07,"405 ",1326,BAYVI,7,5,7,3801,0,0,0,,0,3C11E,"245 BAYSHORE BL","OAKDALE AV",473.00,N,N,A,-,N,,,,,,,,,,N,4,0,1,2,A,-,03,22350,,F,C,C,A,A,H,-,C,D,0,,,,,Y,,-,99,0,0,1,0,0,0,0,0,0,"- ","- ",,,"SAN FRANCISCO","SAN FRANCISCO",-122.40448760986328,37.744197845458984
9567999,2023,2023-06-22,3801,2023-05-07,"300 ",2357,TARAV,7,5,7,3801,0,0,0,,0,3I16E,"JUDAH ST","37TH AV",0.00,,Y,A,-,N,,,,,,,,,,Y,4,0,2,4,A,-,12,22450,,F,D,C,A,A,H,-,C,A,0,,,,,Y,,A,01,0,0,2,0,0,0,0,0,0,"- ","- ",,,"SAN FRANCISCO","SAN FRANCISCO",-122.49630737304688,37.760841369628906
9568550,2023,2023-05-15,3801,2023-04-11,1430,334,BAYVI,2,5,7,3801,0,0,0,,0,NORTH,"VAN NESS AV","MARKET ST",0.00,,Y,A,-,Y,SF,4,101,-,T,4.840,H,-,N,N,4,0,2,2,A,-,07,21658,A,F,C,C,A,A,H,-,A,A,0,,,,,Y,,A,01,0,0,2,0,0,0,0,0,0,"- ","- ",,,"SAN FRANCISCO","SAN FRANCISCO",-122.41912841796875,37.774925231933594
9569080,2023,2023-06-07,3801,2023-05-14,"155 ",4222,INGLE,7,5,7,3801,0,0,0,,0,3H11E,"MISSION ST","BRAZIL AV",68.00,N,N,A,-,N,,,,,,,,,,Y,4,0,2,2,A,-,05,21651,A,F,B,C,A,A,H,-,C,A,0,,,,,Y,,A,01,0,0,2,0,0,0,0,0,0,"- ","- ",,,"SAN FRANCISCO","SAN FRANCISCO",-122.43470001220703,37.724857330322266
9572293,2023,2023-06-07,3801,2023-05-11,2045,2355,TARAV,4,5,7,3801,0,0,0,,0,011,"19TH AV","TARAVAL ST",0.00,,Y,A,-,N,,,,,,,,,,Y,4,0,1,2,A,-,08,22101,D,F,D,C,A,A,H,-,C,A,0,,,,,Y,,A,01,0,0,1,0,0,0,0,0,0,"- ","- ",,,"SAN FRANCISCO","SAN FRANCISCO",-122.47566223144531,37.742977142333984
9572298,2023,2023-06-07,3801,2023-05-10,2200,1326,BAYVI,3,5,7,3801,0,0,0,,0,3C11E,"18TH ST","MINNESOTA ST",456.00,W,N,A,-,N,,,,,,,,,,Y,4,0,1,2,A,-,03,22350,,F,C,C,A,A,H,-,C,D,0,,,,,Y,,-,99,0,0,1,0,0,0,0,0,0,"- ","- ",,,"SAN FRANCISCO","SAN FRANCISCO",-122.39228820800781,37.762855529785156
9572299,2023,2023-06-12,3801,2023-05-12,1410,1837,CENTR,5,5,7,3801,0,0,0,,0,901,"CLAY ST","STOCKTON ST",18.00,W,N,A,-,N,,,,,,,,,,Y,3,0,1,1,C,-,18,,,N,A,I,A,A,H,-,A,A,0,,,,,Y,,-,"- ",0,1,0,0,0,0,0,0,0,"- ","- ",,,"SAN FRANCISCO","SAN FRANCISCO",-122.40791320800781,37.794063568115234
9572301,2023,2023-06-07,3801,2023-05-14,1223,719,CENTR,7,5,7,3801,0,0,0,,0,3A12A,"MARKET ST",MONTGOMERY,0.00,,Y,A,-,N,,,,,,,,,,N,4,0,1,2,A,-,10,21950,A,N,E,G,A,A,H,-,A,A,0,,Y,,,Y,,A,01,0,0,1,0,0,0,1,0,0,"- ","- ",,,"SAN FRANCISCO","SAN FRANCISCO",-122.40199279785156,37.788768768310547
9572304,2023,2023-06-12,3801,2023-05-12,"911 ",2466,RICHM,5,5,7,3801,0,0,0,,0,TWO,"GEARY BL","PALM AV",0.00,,Y,A,-,N,,,,,,,,,,N,4,0,1,3,A,-,03,22350,,N,C,C,A,A,H,-,A,-,0,,,,,Y,,A,01,0,0,1,0,0,0,0,0,0,"- ","- ",,,"SAN FRANCISCO","SAN FRANCISCO",-122.45774841308594,37.781379699707031
9572308,2023,2023-06-07,3801,2023-05-13,1519,2408,MISSI,6,5,7,3801,0,0,0,,0,3D14D,"TREAT WY","CESAR CHAVEZ ST",0.00,,Y,A,-,N,,,,,,,,,,N,3,0,1,2,A,-,08,22107,,N,D,G,A,A,H,-,A,A,0,,Y,,,Y,,A,01,0,1,0,0,0,0,1,0,0,"- ","- ",,,"SAN FRANCISCO","SAN FRANCISCO",-122.41259002685547,37.748329162597656
9572419,2023,2023-06-09,3801,2023-05-12,2001,203,MISSI,5,5,7,3801,0,0,0,,0,,"17TH ST","CAPP ST",0.00,,Y,A,-,N,,,,,,,,,,N,4,0,1,2,A,-,17,21663,,F,D,B,B,A,H,-,B,A,0,Y,Y,,,Y,Y,L,04,0,0,1,0,1,0,0,0,0,"- ","- ",,,"SAN FRANCISCO","SAN FRANCISCO",-122.41853332519531,37.763477325439453
9572420,2023,2023-06-16,3801,2023-05-07,1546,2425,TENDE,7,5,7,3801,0,0,0,,0,3J15D,"OFARRELL ST","LEAVENWORTH ST",0.00,,-,A,-,N,,,,,,,,,,,4,0,1,2,A,-,08,22107,,N,B,C,A,A,H,-,A,A,0,,,,,Y,,A,01,0,0,1,0,0,0,0,0,0,"- ","- ",,,"SAN FRANCISCO","SAN FRANCISCO",-122.41461181640625,37.785598754882812
9572423,2023,2023-06-09,3801,2023-05-02,1038,1657,BAYVI,2,5,7,3801,0,0,0,,0,3801,"3RD ST","ARMSTRONG AV",0.00,,Y,A,-,N,,,,,,,,,,Y,2,0,1,2,A,-,11,21453,D,N,G,B,B,A,H,-,A,A,0,Y,,,,Y,,N,60,1,0,0,0,1,0,0,0,0,"- ","- ",,,"SAN FRANCISCO","SAN FRANCISCO",-122.39366912841797,37.727035522460938
9572425,2023,2023-06-09,3801,2023-05-10,2347,2463,SOUTH,3,5,7,3801,0,0,0,,0,3B14E,"11TH ST","NATOMA ST",0.00,,Y,A,-,N,,,,,,,,,,N,4,0,1,1,A,-,03,22350,,N,H,A,A,A,H,-,C,D,0,,Y,,,Y,,L,04,0,0,1,0,0,0,1,0,0,"- ","- ",,,"SAN FRANCISCO","SAN FRANCISCO",-122.41609954833984,37.773521423339844
9572426,2023,2023-06-09,3801,2023-05-15,1003,1990,SOUTH,1,5,7,3801,0,0,0,,0,5CAR,"3RD ST","MISSION ROCK",0.00,,Y,A,-,N,,,,,,,,,,Y,4,0,1,2,A,-,12,21453,A,N,D,C,A,A,H,-,A,A,0,,,,,Y,,A,01,0,0,1,0,0,0,0,0,0,"- ","- ",,,"SAN FRANCISCO","SAN FRANCISCO",-122.38980102539062,37.772918701171875
9572428,2023,2023-06-09,3801,2023-05-27,"231 ",2457,SOUTH,6,5,7,3801,0,0,0,,0,3B14E,"11TH ST","FOLSOM ST",140.00,S,N,A,-,N,,,,,,,,,,N,2,0,1,2,A,-,11,21954,A,N,G,B,D,A,H,-,C,D,0,Y,Y,,,Y,Y,N,60,1,0,0,0,1,0,0,0,0,"- ","- ",,,"SAN FRANCISCO","SAN FRANCISCO",-122.41367340087891,37.7716064453125
9572435,2023,2023-06-13,3801,2023-05-03,1520,2147,NORTH,3,5,7,3801,0,0,0,,0,3E14D,"STEINER ST","POST ST",0.00,,Y,-,-,N,,,,,,,,,,N,3,0,1,1,A,-,03,22350,,N,H,A,A,B,H,-,A,A,0,,,Y,,Y,,C,02,0,1,0,0,0,0,0,0,1,"- ","- ",,,"SAN FRANCISCO","SAN FRANCISCO",-122.43472290039062,37.784942626953125
9572437,2023,2023-06-13,3801,2023-05-02,2223,994,CENTR,2,5,7,3801,0,0,0,,0,3A14E,"STOCKTON ST","PACIFIC AV",0.00,,Y,B,C,N,,,,,,,,,,N,3,0,1,2,D,-,00,,,N,G,B,D,B,H,-,C,A,0,Y,,,,Y,,-,"- ",0,1,0,0,1,0,0,0,0,"- ","- ",,,"SAN FRANCISCO","SAN FRANCISCO",-122.40840911865234,37.796722412109375
9572446,2023,2023-06-13,3801,2023-05-11,1643,1136,MISSI,4,5,7,3801,0,0,0,,0,3D16D,"DUBOCE AV","VALENCIA ST",0.00,,Y,A,-,N,,,,,,,,,,N,4,0,1,2,A,-,08,22107,,N,C,C,A,A,H,-,A,A,0,,,,,Y,,A,01,0,0,1,0,0,0,0,0,0,"- ","- ",,,"SAN FRANCISCO","SAN FRANCISCO",-122.42236328125,37.769866943359375
9572449,2023,2023-06-13,3801,2023-05-29,1414,4259,RICHM,1,5,7,3801,0,0,0,,0,,"FULTON ST","10TH AV",12.00,W,N,A,-,N,,,,,,,,,,N,4,0,1,2,A,-,00,21954,,N,G,B,D,A,H,-,A,A,0,Y,,,,Y,,N,60,0,0,1,0,1,0,0,0,0,"- ","- ",,,"SAN FRANCISCO","SAN FRANCISCO",-122.46807861328125,37.773288726806641
9572454,2023,2023-06-16,3801,2023-05-26,1248,2272,BAYVI,5,5,7,3801,0,0,0,,0,3C15D,"BANKS ST","CRESCENT AV",0.00,,Y,A,-,N,,,,,,,,,,N,4,0,1,2,A,-,10,21950,A,N,G,B,B,A,H,-,A,A,0,Y,,,,Y,,-,"- ",0,0,1,0,1,0,0,0,0,"- ","- ",,,"SAN FRANCISCO","SAN FRANCISCO",-122.41309356689453,37.734714508056641
9572455,2023,2023-06-14,3801,2023-05-26,"954 ",1511,BAYVI,5,5,7,3801,0,0,0,,0,,"MANSELL ST","GOETTINGEN ST",0.00,,-,B,-,N,,,,,,,,,,N,4,0,1,1,A,-,03,22350,,N,F,A,A,B,H,-,A,D,0,,,,,Y,,A,07,0,0,1,0,0,0,0,0,0,"- ","- ",,,"SAN FRANCISCO","SAN FRANCISCO",-122.40406036376953,37.720863342285156
9572462,2023,2023-06-14,3801,2023-05-07,1702,964,NORTH,7,5,7,3801,0,0,0,,0,,"POST ST","PIERCE ST",0.00,,Y,A,-,N,,,,,,,,,,N,4,0,1,2,A,-,10,21950,A,N,G,-,B,A,H,-,A,D,0,Y,,,,Y,,A,01,0,0,1,0,1,0,0,0,0,"- ","- ",,,"SAN FRANCISCO","SAN FRANCISCO",-122.43637084960938,37.784763336181641
9572467,2023,2023-06-16,3801,2023-05-07,1551,2186,INGLE,7,5,7,3801,0,0,0,,0,3H4D,"SILVER AV","CAMELLIA AV",0.00,,Y,A,-,N,,,,,,,,,,N,2,0,2,2,A,-,08,22107,,N,D,C,A,A,H,-,A,A,0,,,,,Y,Y,A,01,1,1,0,0,0,0,0,0,0,"- ","- ",,,"SAN FRANCISCO","SAN FRANCISCO",-122.43230438232422,37.729259490966797
9572471,2023,2023-06-14,3801,2023-05-25,2106,2330,TARAV,4,5,7,3801,0,0,0,,0,901,"LINCOLN WY","41ST AV",0.00,,Y,A,-,N,,,,,,,,,,N,4,0,1,3,A,-,12,22450,A,F,D,C,A,A,H,-,C,A,0,,,,,Y,,A,01,0,0,1,0,0,0,0,0,0,"- ","- ",,,"SAN FRANCISCO","SAN FRANCISCO",-122.50084686279297,37.764415740966797
9572531,2023,2023-06-16,3801,2023-05-14,1739,2408,MISSI,7,5,7,3801,0,0,0,,0,3D3D,"23RD ST","TREAT WY",39.00,W,N,A,-,N,,,,,,,,,,N,2,0,1,1,A,-,03,22350,,N,F,J,A,A,H,-,A,D,0,,,,,Y,,M,94,1,0,0,0,0,0,0,0,0,"- ","- ",,,"SAN FRANCISCO","SAN FRANCISCO",-122.41325378417969,37.754165649414062
9573023,2023,2023-05-06,3801,2023-04-19,1504,2715,NORTH,3,5,7,3801,0,0,0,,0,3E11D,"GEARY ST","LARKIN ST",45.00,W,N,A,-,N,,,,,,,,,,N,3,0,1,2,A,-,21,22106,,F,G,B,E,A,H,-,A,D,0,Y,,,,Y,,A,01,0,1,0,0,1,0,0,0,0,"- ","- ",,,"SAN FRANCISCO","SAN FRANCISCO",-122.41826629638672,37.786090850830078
9573024,2023,2023-05-06,3801,2023-04-22,"955 ",1118,SOUTH,6,5,7,3801,0,0,0,,0,3B14A,"THE EMBARCADERO","BRYANT ST",0.00,,Y,A,-,N,,,,,,,,,,N,4,0,1,2,A,-,08,22107,,N,D,G,A,A,H,-,A,A,0,,Y,,,Y,,A,01,0,0,1,0,0,0,1,0,0,"- ","- ",,,"SAN FRANCISCO","SAN FRANCISCO",-122.38801574707031,37.787094116210938
9573025,2023,2023-05-06,3801,2023-04-22,"45  ",4115,CENTR,6,5,7,3801,0,0,0,,0,3A15E,"JACKSON ST","MONTGOMERY ST",0.00,,Y,A,-,N,,,,,,,,,,N,3,0,1,2,A,-,12,22450,A,N,D,C,A,A,H,-,C,A,0,,,,,Y,,-,,0,1,0,0,0,0,0,0,0,"- ","- ",,,"SAN FRANCISCO","SAN FRANCISCO",-122.40348052978516,37.796428680419922
9573027,2023,2023-05-06,3801,2023-04-20,1510,1804,BAYVI,4,5,7,3801,0,0,0,,0,3C12D,"PAUL AV","WHEAT ST",0.00,,Y,A,-,N,,,,,,,,,,N,4,0,1,2,A,-,09,21804,A,N,D,C,A,A,D,H,A,D,0,,,,,Y,,A,07,0,0,1,0,0,0,0,0,0,"- ","- ",,,"SAN FRANCISCO","SAN FRANCISCO",-122.40009307861328,37.723426818847656
9573029,2023,2023-05-06,3801,2023-04-23,"312 ",1688,BAYVI,7,5,7,3801,0,0,0,,0,3C13E,"BAY SHORE BL","INDUSTRIAL ST",245.00,S,N,A,-,N,,,,,,,,,,Y,4,0,1,1,A,-,07,21658,A,F,E,I,A,A,H,-,C,D,0,,,,,Y,,A,01,0,0,1,0,0,0,0,0,0,"- ","- ",,,"SAN FRANCISCO","SAN FRANCISCO",-122.40686798095703,37.737331390380859
9573033,2023,2023-05-06,3801,2023-04-18,1415,2186,TARAV,2,5,7,3801,0,0,0,,0,3I13B,"19TH AV","WINSTON DR",0.00,,Y,A,-,N,,,,,,,,,,N,3,0,1,2,A,-,11,21954,A,N,G,B,B,A,H,-,A,A,0,Y,,,,Y,Y,N,60,0,1,0,0,1,0,0,0,0,"- ","- ",,,"SAN FRANCISCO","SAN FRANCISCO",-122.47492218017578,37.728935241699219
9573034,2023,2023-05-06,3801,2023-04-18,1745,2499,TARAV,2,5,7,3801,0,0,0,,0,3I5D,"OCEAN AV","MIDDLEFIELD DR",0.00,,Y,A,-,N,,,,,,,,,,Y,4,0,2,2,A,-,12,22450,,N,D,C,A,A,H,-,A,D,0,,,,,Y,,A,01,0,0,2,0,0,0,0,0,0,"- ","- ",,,"SAN FRANCISCO","SAN FRANCISCO",-122.48628997802734,37.732246398925781
9573035,2023,2023-05-06,3801,2023-04-23,1352,4006,TARAV,7,5,7,3801,0,0,0,,0,3I3B,"SAGAMORE ST","CAPITOL AV",406.00,E,N,A,-,N,,,,,,,,,,N,4,0,1,2,A,-,04,21703,,F,C,C,A,A,H,-,A,A,0,,,,,Y,,A,01,0,0,1,0,0,0,0,0,0,"- ","- ",,,"SAN FRANCISCO","SAN FRANCISCO",-122.45761871337891,37.711399078369141
9573039,2023,2023-05-06,3801,2023-04-20,1903,312,TARAV,4,5,7,3801,0,0,0,,0,3CAR,"41ST AV","LINCOLN WY",0.00,,Y,A,-,N,,,,,,,,,,N,4,0,2,2,A,-,12,22450,A,F,D,C,A,A,H,-,A,D,0,,,,,Y,,A,07,0,0,2,0,0,0,0,0,0,"- ","- ",,,"SAN FRANCISCO","SAN FRANCISCO",-122.50084686279297,37.764415740966797
9573158,2023,2023-05-08,3801,2023-03-22,2240,1447,PARK,3,5,7,3801,0,0,0,,0,003,"ANZA ST","BLAKE ST",0.00,,Y,A,-,N,,,,,,,,,,Y,4,0,1,6,A,-,12,22450,A,F,D,C,A,A,H,-,C,A,0,,,,Y,Y,,F,21,0,0,1,0,0,0,0,0,0,"- ","- ",,,"SAN FRANCISCO","SAN FRANCISCO",-122.45082092285156,37.7806396484375
9573181,2023,2023-06-19,3801,2023-04-12,"313 ",LI1074,BAYVI,3,5,7,3801,0,0,0,,0,3C13E,"CESAR CHAVEZ ST","TENNESSEE ST",64.00,W,N,A,-,N,,,,,,,,,,Y,4,0,2,4,A,-,03,22350,,F,C,E,A,A,H,-,C,D,0,,,,,Y,,A,01,0,0,2,0,0,0,0,0,0,"- ","- ",,,"SAN FRANCISCO","SAN FRANCISCO",-122.38876342773438,37.750148773193359
9573197,2023,2023-05-08,3801,2023-03-19,"100 ",1466,SOUTH,7,5,7,3801,0,0,0,,0,03B,"MISSION ST","6TH ST",0.00,,Y,C,-,N,,,,,,,,,,Y,4,0,1,2,A,-,08,22107,,N,A,C,A,B,H,-,C,A,0,,,,,Y,,A,07,0,0,1,0,0,0,0,0,0,"- ","- ",,,"SAN FRANCISCO","SAN FRANCISCO",-122.40869140625,37.780982971191406
9573228,2023,2023-05-15,3801,2023-04-03,1237,1832,TENDE,1,5,7,3801,0,0,0,,0,3J98C,"HYDE ST","FULTON ST",60.00,S,N,A,-,N,,,,,,,,,,,4,0,1,3,A,-,06,21755,A,N,B,C,A,A,H,-,A,D,0,,,,,Y,,A,01,0,0,1,0,0,0,0,0,0,"- ","- ",,,"SAN FRANCISCO","SAN FRANCISCO",-122.41510009765625,37.779647827148438
9573236,2023,2023-05-15,3801,2023-04-01,2005,104,EMPTY,6,5,7,3801,0,0,0,,0,4B4F,"THE EMBARCADERO","MARKET ST",73.00,N,N,A,-,N,,,,,,,,,,Y,2,0,1,3,C,-,18,,,N,C,C,A,A,H,-,C,A,0,,,,,Y,,-,"- ",1,0,0,0,0,0,0,0,0,"- ","- ",,,"SAN FRANCISCO","SAN FRANCISCO",-122.39629364013672,37.793525695800781
9573248,2023,2023-05-12,3801,2023-04-07,1250,2419,RICHM,5,5,7,3801,0,0,0,,0,908,"BALBOA ST","42ND AV",0.00,,Y,B,-,N,,,,,,,,,,,4,0,1,2,A,-,09,21802,A,N,-,-,A,A,H,-,A,A,0,,,,,Y,,D,22,0,0,1,0,0,0,0,0,0,"- ","- ",,,"SAN FRANCISCO","SAN FRANCISCO",-122.50270080566406,37.775482177734375
9573288,2023,2023-05-13,3801,2023-04-26,1207,1967,NORTH,3,5,7,3801,0,0,0,,0,3E12A,"WEBSTER ST","BROADWAY ST",0.00,,Y,A,-,N,,,,,,,,,,Y,4,0,1,2,A,-,05,21651,A,N,A,C,A,A,H,-,A,A,0,,,,,Y,,A,07,0,0,1,0,0,0,0,0,0,"- ","- ",,,"SAN FRANCISCO","SAN FRANCISCO",-122.43325805664062,37.794490814208984
9573295,2023,2023-05-13,3801,2023-04-06,2010,938,INGLE,4,5,7,3801,0,0,0,,0,0H2,"CHENERY ST","WHITNEY ST",0.00,,Y,A,-,N,,,,,,,,,,N,3,0,2,2,A,-,05,21752,A,N,D,C,A,A,H,-,C,D,0,,,Y,,Y,,C,02,0,1,1,0,0,0,0,0,1,"- ","- ",,,"SAN FRANCISCO","SAN FRANCISCO",-122.4276123046875,37.737297058105469
9573297,2023,2023-05-13,3801,2023-04-09,2148,1833,TENDE,7,5,7,3801,0,0,0,,0,3J13E,"EDDY ST","LARKIN ST",0.00,,Y,A,-,N,,,,,,,,,,N,3,0,2,2,A,-,12,21453,A,N,D,C,A,A,H,-,C,A,0,,,,,Y,,D,22,0,1,1,0,0,0,0,0,0,"- ","- ",,,"SAN FRANCISCO","SAN FRANCISCO",-122.41751861572266,37.783294677734375
9573301,2023,2023-06-28,3801,2023-04-11,"704 ",624,NORTH,2,5,7,3801,0,0,0,,0,001,"OCTAVIA ST","HAIGHT ST",0.00,,Y,A,-,N,,,,,,,,,,Y,4,0,2,2,A,-,08,22101,D,N,D,C,A,A,H,-,A,A,0,,,,,Y,,A,01,0,0,2,0,0,0,0,0,0,"- ","- ",,,"SAN FRANCISCO","SAN FRANCISCO",-122.42392730712891,37.772964477539062
9573304,2023,2023-05-13,3801,2023-04-07,1652,2091,NORTH,5,5,7,3801,0,0,0,,0,3E1D,"HAYES ST","VAN NESS AV",0.00,,Y,A,-,N,,,,,,,,,,N,3,0,1,2,A,-,10,21950,A,N,G,B,B,A,H,-,A,A,0,Y,,,,Y,,-,99,0,1,0,0,1,0,0,0,0,"- ","- ",,,"SAN FRANCISCO","SAN FRANCISCO",-122.419677734375,37.777294158935547
9573307,2023,2023-05-13,3801,2023-04-11,1709,2008,MISSI,2,5,7,3801,0,0,0,,0,3D15D,"16TH ST","MISSION ST",27.00,W,N,A,-,N,,,,,,,,,,Y,4,0,3,2,A,-,03,22350,,N,A,C,A,A,H,-,A,A,0,,,,,Y,,A,01,0,0,3,0,0,0,0,0,0,"- ","- ",,,"SAN FRANCISCO","SAN FRANCISCO",-122.41976165771484,37.765045166015625
9573312,2023,2023-05-13,3801,2023-04-26,2046,1897,INGLE,3,5,7,3801,0,0,0,,0,3H13D,"SILVER AV","MADISON ST",0.00,,Y,B,-,N,,,,,,,,,,N,3,0,1,2,A,-,10,21950,A,N,G,B,B,A,H,-,C,D,0,Y,,,,Y,,A,01,0,1,0,0,1,0,0,0,0,"- ","- ",,,"SAN FRANCISCO","SAN FRANCISCO",-122.42372131347656,37.728775024414062
9573314,2023,2023-05-13,3801,2023-04-28,"804 ",2157,RICHM,5,5,7,3801,0,0,0,,0,3G11A,"PARK PRESIDIO DR","CROSSOVER DR",0.00,,Y,A,E,N,,,,,,,,,,Y,4,0,1,1,A,-,03,22350,,N,H,A,A,B,H,-,A,D,0,,,Y,,Y,,C,02,0,0,1,0,0,0,0,0,1,"- ","- ",,,"SAN FRANCISCO","SAN FRANCISCO",-122.47945404052734,37.771183013916016
9573319,2023,2023-05-13,3801,2023-04-29,1430,2354,TARAV,6,5,7,3801,0,0,0,,0,3113D,"JUNIPERO SERRA BL","ROSSMOOR DR",99.00,N,N,A,-,N,,,,,,,,,,Y,4,0,1,3,A,-,03,22350,,F,B,E,A,A,H,-,A,A,0,,,,,Y,,A,01,0,0,1,0,0,0,0,0,0,"- ","- ",,,"SAN FRANCISCO","SAN FRANCISCO",-122.47219085693359,37.730373382568359
9573330,2023,2023-05-11,3801,2023-04-01,1503,4335,RICHM,6,5,7,3801,0,0,0,,0,901,"CALIFORNIA ST","23RD AV",50.00,W,N,A,-,N,,,,,,,,,,N,3,0,1,1,A,-,03,22350,,N,E,I,A,A,H,-,A,D,0,,,Y,,Y,,C,03,0,1,0,0,0,0,0,0,1,"- ","- ",,,"SAN FRANCISCO","SAN FRANCISCO",-122.48303985595703,37.783973693847656
9573331,2023,2023-05-11,3801,2023-04-01,1337,93,NORTH,6,5,7,3801,0,0,0,,0,3E76,"MCALLISTER ST","LAGUNA ST",45.00,W,N,A,-,N,,,,,,,,,,N,4,0,1,2,A,-,05,21650,,F,A,G,A,A,H,-,A,A,0,,Y,,,Y,,A,07,0,0,1,0,0,0,1,0,0,"- ","- ",,,"SAN FRANCISCO","SAN FRANCISCO",-122.42697143554688,37.779239654541016
9573338,2023,2023-05-11,3801,2023-04-01,2047,621,RICHM,6,5,7,3801,0,0,0,,0,3G14D,"FULTON ST","25TH AV",40.00,W,N,A,-,N,,,,,,,,,,Y,4,0,2,3,A,-,03,22350,,N,C,C,E,A,H,-,C,A,0,Y,,,,Y,,A,01,0,0,2,0,2,0,0,0,0,"- ","- ",,,"SAN FRANCISCO","SAN FRANCISCO",-122.48432159423828,37.772563934326172
9573341,2023,2023-05-20,3801,2023-04-06,2244,1300,RICHM,4,5,7,3801,0,0,0,,0,3G11E,"25TH AV","BALBOA ST",0.00,,Y,A,-,N,,,,,,,,,,Y,4,0,7,2,A,-,09,21801,A,N,A,C,A,A,H,-,C,A,0,,,,,Y,,A,01,0,0,7,0,0,0,0,0,0,"- ","- ",,,"SAN FRANCISCO","SAN FRANCISCO",-122.48443603515625,37.776302337646484
9573347,2023,2023-05-20,3801,2023-04-16,2044,835,NORTH,7,5,7,3801,0,0,0,,0,001,"OCTAVIA ST","HAIGHT ST",0.00,,Y,A,-,N,,,,,,,,,,Y,4,0,1,3,A,-,04,21703,,N,C,C,A,A,H,-,C,D,0,,,,,Y,,A,01,0,0,1,0,0,0,0,0,0,"- ","- ",,,"SAN FRANCISCO","SAN FRANCISCO",-122.42392730712891,37.772964477539062
9573348,2023,2023-05-13,3801,2023-04-17,"614 ",229,MISSI,1,5,7,3801,0,0,0,,0,3D14A,"S VAN NESS AV","17TH ST",43.00,N,N,A,-,N,,,,,,,,,,Y,2,0,1,2,A,-,03,22350,,N,C,-,A,A,H,-,B,A,0,,,Y,,Y,Y,C,02,1,0,0,0,0,0,0,0,1,"- ","- ",,,"SAN FRANCISCO","SAN FRANCISCO",-122.41735076904297,37.763679504394531
9573354,2023,2023-05-13,3801,2023-04-12,"710 ",4132,MISS,3,5,7,3801,0,0,0,,0,6CAR,"14TH ST","SOUTH VAN NESS AV",0.00,,Y,A,-,N,,,,,,,,,,N,4,0,1,2,A,-,04,21703,,N,C,G,A,A,H,-,A,A,0,,Y,,,Y,,L,04,0,0,1,0,0,0,1,0,0,"- ","- ",,,"SAN FRANCISCO","SAN FRANCISCO",-122.41780090332031,37.768417358398438
9573358,2023,2023-05-13,3801,2023-04-04,1914,2733,TARA,2,5,7,3801,0,0,0,,0,011,"JUDAH ST","8TH AV",0.00,,Y,A,-,N,,,,,,,,,,N,3,0,1,2,A,-,11,21954,A,N,D,B,D,A,H,-,A,A,0,Y,,,,Y,,N,60,0,1,0,0,1,0,0,0,0,"- ","- ",,,"SAN FRANCISCO","SAN FRANCISCO",-122.46512603759766,37.762237548828125
9573406,2023,2023-05-01,3801,2023-03-02,"839 ",2310,BAYVI,4,5,7,3801,0,0,0,,0,3C12A,"PALOU AV","RANKIN ST",0.00,,Y,A,-,N,,,,,,,,,,Y,4,0,2,2,A,-,12,22450,A,F,D,C,A,A,H,-,A,A,0,,,,,Y,,-,,0,0,2,0,0,0,0,0,0,"- ","- ",,,"SAN FRANCISCO","SAN FRANCISCO",-122.39837646484375,37.738224029541016
9573416,2023,2023-05-02,3801,2023-03-16,2346,2341,INGLE,4,5,7,3801,0,0,0,,0,3H13E,"ALEMANY BL","LYELL ST",0.00,,Y,A,-,N,,,,,,,,,,Y,4,0,1,2,-,-,"- ",,,N,D,C,A,A,H,-,C,A,0,,,,,Y,,-,"- ",0,0,1,0,0,0,0,0,0,"- ","- ",,,"SAN FRANCISCO","SAN FRANCISCO",-122.43122863769531,37.730609893798828