CASE_ID,ACCIDENT_YEAR,PROC_DATE,JURIS,COLLISION_DATE,COLLISION_TIME,OFFICER_ID,REPORTING_DISTRICT,DAY_OF_WEEK,CHP_SHIFT,POPULATION,CNTY_CITY_LOC,SPECIAL_COND,BEAT_TYPE,CHP_BEAT_TYPE,CITY_DIVISION_LAPD,CHP_BEAT_CLASS,BEAT_NUMBER,PRIMARY_RD,SECONDARY_RD,DISTANCE,DIRECTION,INTERSECTION,WEATHER_1,WEATHER_2,STATE_HWY_IND,CALTRANS_COUNTY,CALTRANS_DISTRICT,STATE_ROUTE,ROUTE_SUFFIX,POSTMILE_PREFIX,POSTMILE,LOCATION_TYPE,RAMP_INTERSECTION,SIDE_OF_HWY,TOW_AWAY,COLLISION_SEVERITY,NUMBER_KILLED,NUMBER_INJURED,PARTY_COUNT,PRIMARY_COLL_FACTOR,PCF_CODE_OF_VIOL,PCF_VIOL_CATEGORY,PCF_VIOLATION,PCF_VIOL_SUBSECTION,HIT_AND_RUN,TYPE_OF_COLLISION,MVIW,PED_ACTION,ROAD_SURFACE,ROAD_COND_1,ROAD_COND_2,LIGHTING,CONTROL_DEVICE,CHP_ROAD_TYPE,PEDESTRIAN_ACCIDENT,BICYCLE_ACCIDENT,MOTORCYCLE_ACCIDENT,TRUCK_ACCIDENT,NOT_PRIVATE_PROPERTY,ALCOHOL_INVOLVED,STWD_VEHTYPE_AT_FAULT,CHP_VEHTYPE_AT_FAULT,COUNT_SEVERE_INJ,COUNT_VISIBLE_INJ,COUNT_COMPLAINT_PAIN,COUNT_PED_KILLED,COUNT_PED_INJURED,COUNT_BICYCLIST_KILLED,COUNT_BICYCLIST_INJURED,COUNT_MC_KILLED,COUNT_MC_INJURED,PRIMARY_RAMP,SECONDARY_RAMP,LATITUDE,LONGITUDE,COUNTY,CITY,POINT_X,POINT_Y
9573418,2023,2023-05-01,3801,2023-03-17,"640 ",1967,NORTH,5,5,7,3801,0,0,0,,0,3E12A,"CEDAR ST","VAN NESS AV",0.00,,Y,A,-,N,,,,,,,,,,N,4,0,1,2,A,-,12,22450,A,N,D,J,A,A,H,-,B,A,0,,,,,Y,,A,01,0,0,1,0,0,0,0,0,0,"- ","- ",,,"SAN FRANCISCO","SAN FRANCISCO",-122.42143249511719,37.786167144775391
9573475,2023,2023-04-11,3801,2023-02-26,1725,1252,RICHM,7,5,7,3801,0,0,0,,0,0G2,"FULTON ST","PARSONS ST",8.00,W,N,A,-,N,,,,,,,,,,,4,0,1,5,A,-,01,23152,A,N,B,E,A,B,H,-,A,B,0,,,,,Y,Y,A,01,0,0,1,0,0,0,0,0,0,"- ","- ",,,"SAN FRANCISCO","SAN FRANCISCO",-122.45529937744141,37.774665832519531
9573485,2023,2023-04-28,3801,2023-03-02,1129,1448,INGLE,4,5,7,3801,0,0,0,,0,3H15A,"ALEMANY BL","MT VERNON AVE",0.00,,Y,A,-,N,,,,,,,,,,N,4,0,3,2,A,-,03,22350,,N,C,C,A,A,-,-,A,A,0,,,,,Y,,A,08,0,0,3,0,0,0,0,0,0,"- ","- ",,,"SAN FRANCISCO","SAN FRANCISCO",-122.44460296630859,37.716102600097656
9573486,2023,2023-04-28,3801,2023-03-20,"733 ",2202,INGLE,1,5,7,3801,0,0,0,,0,3H4A,"SAN JOSE AV","COLONIAL WY",49.00,S,N,B,-,N,,,,,,,,,,N,3,0,1,2,A,-,08,22107,,F,B,D,A,B,H,-,A,D,0,,,Y,,Y,Y,C,06,0,1,0,0,0,0,0,0,1,"- ","- ",,,"SAN FRANCISCO","SAN FRANCISCO",-122.44054412841797,37.728321075439453
9573808,2023,2023-04-18,3801,2023-02-27,"948 ",1917,TARAV,1,5,7,3801,0,0,0,,0,3I16A,"IRVING ST","21ST AV",0.00,,Y,C,-,N,,,,,,,,,,N,4,0,1,2,A,-,10,21950,A,N,G,B,B,B,H,-,A,A,0,Y,,,,Y,,A,01,0,0,1,0,1,0,0,0,0,"- ","- ",,,"SAN FRANCISCO","SAN FRANCISCO",-122.47927856445312,37.763469696044922
9574037,2023,2023-04-25,3801,2023-03-10,1600,1696,NORTH,5,5,7,3801,0,0,0,,0,3E15D,"DIVISADERO ST","CHESTNUT ST",0.00,,Y,A,-,N,,,,,,,,,,N,4,0,1,2,A,-,04,21703,,N,C,C,A,A,H,-,A,A,0,,,,,Y,,A,01,0,0,1,0,0,0,0,0,0,"- ","- ",,,"SAN FRANCISCO","SAN FRANCISCO",-122.44284057617188,37.799980163574219
9574040,2023,2023-05-05,3801,2023-03-26,2129,2730,BAYVI,7,5,7,3801,0,0,0,,0,3C15E,"3RD ST","JAMESTOWN AV",0.00,,Y,A,-,N,,,,,,,,,,Y,3,0,3,2,A,-,08,22107,,N,A,C,A,A,H,-,C,A,0,,,,,Y,,-,"- ",0,1,2,0,0,0,0,0,0,"- ","- ",,,"SAN FRANCISCO","SAN FRANCISCO",-122.39671325683594,37.720260620117188
9574152,2023,2023-04-26,3801,2023-03-25,1703,1680,MISSI,6,5,7,3801,0,0,0,,0,3D13D,"CLIPPER ST","DOUGLAS ST",0.00,,Y,A,-,N,,,,,,,,,,Y,3,0,1,8,-,-,"- ",,,N,D,C,A,A,H,-,A,A,0,,,,,Y,,-,"- ",0,1,0,0,0,0,0,0,0,"- ","- ",,,"SAN FRANCISCO","SAN FRANCISCO",-122.43824768066406,37.748664855957031
9575933,2023,2023-06-13,3801,2023-04-16,"1   ",1709,PARK,7,5,7,3801,0,0,0,,0,003,"MASONIC AV","TURK BL",0.00,,Y,A,-,N,,,,,,,,,,Y,4,0,1,2,A,-,12,21453,A,M,D,D,A,A,H,-,C,A,0,,,,,Y,,-,,0,0,1,0,0,0,0,0,0,"- ","- ",,,"SAN FRANCISCO","SAN FRANCISCO",-122.44705200195312,37.778633117675781
9575936,2023,2023-06-13,3801,2023-04-30,1920,2499,TARAV,7,5,7,3801,0,0,0,,0,3I16D,"SLOAT BL","CLEARFIELD DR",0.00,,Y,A,-,N,,,,,,,,,,Y,4,0,1,3,A,-,04,21703,,N,C,C,A,A,H,-,B,A,0,,,,,Y,,A,07,0,0,1,0,0,0,0,0,0,"- ","- ",,,"SAN FRANCISCO","SAN FRANCISCO",-122.49156188964844,37.733940124511719
9575938,2023,2023-06-16,3801,2023-04-25,"928 ",1825,SOUTH,2,5,7,3801,0,0,0,,0,3B12A,"BRANNAN ST","04TH ST",0.00,,Y,A,-,N,,,,,,,,,,N,3,0,1,2,A,-,08,22107,,N,D,G,A,A,H,-,A,A,0,,Y,,,Y,,A,01,0,1,0,0,0,0,1,0,0,"- ","- ",,,"SAN FRANCISCO","SAN FRANCISCO",,
9575940,2023,2023-06-13,3801,2023-04-05,"146 ",2437,BAYVI,3,5,7,3801,0,0,0,,0,3C15E,"SILVER AV","SAN BRUNO AV",20.00,N,N,A,-,N,,,,,,,,,,Y,4,0,1,2,A,-,08,22107,,N,D,C,A,A,H,-,C,A,0,,,,,Y,,A,07,0,0,1,0,0,0,0,0,0,"- ","- ",,,"SAN FRANCISCO","SAN FRANCISCO",-122.40556335449219,37.732479095458984
9575946,2023,2023-06-13,3801,2023-04-05,2205,2390,MISSI,3,5,7,3801,0,0,0,,0,3D15E,"MISSION ST","18TH ST",0.00,,Y,A,-,N,,,,,,,,,,N,4,0,1,2,A,-,12,21453,A,F,H,G,A,A,H,-,C,A,0,,Y,,,Y,,A,01,0,0,1,0,0,0,1,0,0,"- ","- ",,,"SAN FRANCISCO","SAN FRANCISCO",-122.41936492919922,37.7618408203125
9576008,2023,2023-05-10,3801,2023-04-04,1852,1244,SOUTH,2,5,7,3801,0,0,0,,0,002,"BRYANT ST","2ND ST",218.00,W,N,A,-,N,,,,,,,,,,Y,4,0,1,3,A,-,03,22350,A,F,C,C,A,A,-,-,A,A,0,,,,,Y,,A,01,0,0,1,0,0,0,0,0,0,"- ","- ",,,"SAN FRANCISCO","SAN FRANCISCO",-122.3941650390625,37.782657623291016
9576013,2023,2023-05-10,3801,2023-04-02,1500,307,NORTH,7,5,7,3801,0,0,0,,0,3E13D,"POLK ST","POST ST",0.00,,Y,A,-,N,,,,,,,,,,N,4,0,1,2,A,-,09,21801,A,N,D,C,A,A,H,-,A,A,0,,,,,Y,,A,01,0,0,1,0,0,0,0,0,0,"- ","- ",,,"SAN FRANCISCO","SAN FRANCISCO",-122.41989898681641,37.786834716796875
9576015,2023,2023-05-10,3801,2023-04-03,"755 ",4286,RICHM,1,5,7,3801,0,0,0,,0,0G2,"SACRAMENTO ST","LYON ST",100.00,E,N,A,-,N,,,,,,,,,,N,4,0,1,2,A,-,21,22106,,N,D,B,E,A,H,-,A,D,0,Y,,,,Y,,A,01,0,0,1,0,1,0,0,0,0,"- ","- ",,,"SAN FRANCISCO","SAN FRANCISCO",-122.44525146484375,37.788402557373047
9576017,2023,2023-05-10,3801,2023-04-06,1649,964,NORTH,4,5,7,3801,0,0,0,,0,3E11D,"GOUGH ST","OAK ST",0.00,,Y,A,-,N,,,,,,,,,,Y,4,0,1,2,A,-,08,22107,,N,B,C,A,A,H,-,A,A,0,,,,,Y,,A,01,0,0,1,0,0,0,0,0,0,"- ","- ",,,"SAN FRANCISCO","SAN FRANCISCO",-122.42259216308594,37.775016784667969
9576019,2023,2023-05-10,3801,2023-04-05,2500,1833,SOUTH,3,5,7,3801,0,0,0,,0,0B2,"MISSION ST","6TH ST",107.00,E,N,A,-,N,,,,,,,,,,Y,4,0,1,2,A,-,08,22107,,N,D,C,A,A,H,-,A,D,0,,,Y,,Y,,A,01,0,0,1,0,0,0,0,0,1,"- ","- ",,,"SAN FRANCISCO","SAN FRANCISCO",-122.40842437744141,37.781185150146484
9576021,2023,2023-05-17,3801,2023-04-21,1017,2402,TARAV,5,5,7,3801,0,0,0,,0,3I1A,"19TH AV","VICENTE ST",300.00,S,N,A,-,N,,,,,,,,,,N,4,0,3,2,A,-,04,21703,,N,C,C,A,A,H,-,A,A,0,,,,,Y,,A,01,0,0,3,0,0,0,0,0,0,"- ","- ",,,"SAN FRANCISCO","SAN FRANCISCO",-122.47537994384766,37.738487243652344
9576026,2023,2023-05-17,3801,2023-04-18,1130,1653,INGLE,2,5,7,3801,0,0,0,,0,3H5A,"NAHUA AV",DELANO,218.00,W,N,A,-,N,,,,,,,,,,N,4,0,1,3,A,-,03,22350,,N,C,E,A,A,H,-,A,D,0,,,,,Y,,A,01,0,0,1,0,0,0,0,0,0,"- ","- ",,,"SAN FRANCISCO","SAN FRANCISCO",-122.44764709472656,37.717426300048828
9576030,2023,2023-05-17,3801,2023-04-21,1814,158,NORTH,5,5,7,3801,0,0,0,,0,3E14D,"FELL ST","FELL ST 774",10.00,E,N,A,-,N,,,,,,,,,,N,4,0,1,2,A,-,09,21804,A,N,B,C,A,A,H,-,A,D,0,,,Y,,Y,,A,01,0,0,1,0,0,0,0,0,1,"- ","- ",,,"SAN FRANCISCO","SAN FRANCISCO",,
9576031,2023,2023-05-17,3801,2023-04-18,"742 ",390,PARK,2,5,7,3801,0,0,0,,0,003,"FELL ST","BRODERICK ST",0.00,,Y,A,-,N,,,,,,,,,,N,3,0,1,2,A,-,17,21657,,N,A,G,A,A,H,-,A,A,0,,Y,,,Y,,A,01,0,1,0,0,0,0,1,0,0,"- ","- ",,,"SAN FRANCISCO","SAN FRANCISCO",-122.43929290771484,37.773838043212891
9576047,2023,2023-05-13,3801,2023-04-14,1417,1250,SOUTH,5,5,7,3801,0,0,0,,0,3B14A,"OTIS ST","S VAN NESS AV",0.00,,Y,A,-,N,,,,,,,,,,Y,4,0,1,2,A,-,03,22350,,N,E,E,A,A,H,-,A,A,0,,,,,Y,,A,01,0,0,1,0,0,0,0,0,0,"- ","- ",,,"SAN FRANCISCO","SAN FRANCISCO",-122.41863250732422,37.773109436035156
9576075,2023,2023-05-11,3801,2023-04-11,2124,1830,CENTR,2,5,7,3801,0,0,0,,0,3A11E,"SAMSOME ST","PACIFIC AV",0.00,,Y,A,-,N,,,,,,,,,,N,3,0,1,1,D,-,00,,,N,H,A,A,A,H,-,C,A,0,,Y,,,Y,,-,"- ",0,1,0,0,0,0,1,0,0,"- ","- ",,,"SAN FRANCISCO","SAN FRANCISCO",-122.40203094482422,37.797508239746094
9576077,2023,2023-05-11,3801,2023-04-12,"746 ",2097,BAYVI,3,5,7,3801,0,0,0,,0,3C14A,"FELTON ST","BRUSSELS ST",0.00,,Y,A,-,N,,,,,,,,,,N,3,0,2,3,A,-,09,21800,A,N,D,D,A,A,H,-,A,A,0,,,Y,,Y,,A,01,0,2,0,0,0,0,0,0,2,"- ","- ",,,"SAN FRANCISCO","SAN FRANCISCO",-122.40657043457031,37.729530334472656
9576086,2023,2023-06-27,3801,2023-04-14,1754,2425,TENDE,5,5,7,3801,0,0,0,,0,3J13D,"LARKIN ST","TURK ST",0.00,,Y,A,-,N,,,,,,,,,,N,2,0,1,2,A,-,10,21950,A,N,G,B,B,A,H,-,A,A,0,Y,,,,Y,,A,01,1,0,0,0,1,0,0,0,0,"- ","- ",,,"SAN FRANCISCO","SAN FRANCISCO",-122.41733551025391,37.782379150390625
9576088,2023,2023-05-10,3801,2023-04-13,1354,2065,TENDE,4,5,7,3801,0,0,0,,0,3J117,ELLIS,"JONES ST",187.00,W,N,A,-,N,,,,,,,,,,N,4,0,2,2,A,-,09,21801,A,N,C,C,A,A,H,-,A,D,0,,,,,Y,,A,01,0,0,2,0,0,0,0,0,0,"- ","- ",,,"SAN FRANCISCO","SAN FRANCISCO",-122.41341400146484,37.784805297851562
9576095,2023,2023-05-18,3801,2023-04-12,1338,2195,NORTH,3,5,7,3801,0,0,0,,0,001,"FELL ST","FILLMORE ST",0.00,,Y,A,-,N,,,,,,,,,,Y,3,0,2,2,A,-,12,21453,A,N,D,C,A,A,H,-,A,A,0,,,,,Y,,A,07,0,1,1,0,0,0,0,0,0,"- ","- ",,,"SAN FRANCISCO","SAN FRANCISCO",-122.43099975585938,37.774890899658203
9576097,2023,2023-05-10,3801,2023-04-20,1838,1620,RICHM,4,5,7,3801,0,0,0,,0,3G13D,"CLEMENT ST","5TH AV",99.00,E,N,A,-,N,,,,,,,,,,N,4,0,1,2,A,-,06,21755,A,N,B,C,A,A,H,-,A,D,0,,,Y,,Y,,C,03,0,0,1,0,0,0,0,0,1,"- ","- ",,,"SAN FRANCISCO","SAN FRANCISCO",-122.46302032470703,37.783008575439453
9576100,2023,2023-05-10,3801,2023-04-23,1959,2272,BAYVI,7,5,7,3801,0,0,0,,0,3C12D,"BAYSHORE BL","OAKDALE AV",0.00,,Y,A,-,N,,,,,,,,,,Y,4,0,4,2,A,-,12,21453,A,N,D,C,A,A,H,-,C,A,0,,,,,Y,,A,01,0,0,4,0,0,0,0,0,0,"- ","- ",,,"SAN FRANCISCO","SAN FRANCISCO",-122.40522003173828,37.743038177490234
9576102,2023,2023-05-10,3801,2023-04-01,1436,307,NORTH,6,5,7,3801,0,0,0,,0,3E15D,"LOMBARD ST","PIERCE ST",0.00,,Y,A,-,N,,,,,,,,,,Y,3,0,1,3,A,-,09,21801,A,N,D,E,A,A,H,-,A,A,0,,,Y,,Y,,A,01,0,1,0,0,0,0,0,0,1,"- ","- ",,,"SAN FRANCISCO","SAN FRANCISCO",-122.43933868408203,37.799423217773438
9576105,2023,2023-05-15,3801,2023-04-15,"204 ",1024,TENDE,6,5,7,3801,0,0,0,,0,3J13E,"MCALLISTER ST","HYDE ST",0.00,,Y,A,-,N,,,,,,,,,,Y,3,0,2,2,A,-,12,21453,A,N,D,C,A,A,H,-,C,A,0,,,,,Y,,A,01,0,1,1,0,0,0,0,0,0,"- ","- ",,,"SAN FRANCISCO","SAN FRANCISCO",-122.41532135009766,37.780738830566406
9576107,2023,2023-05-12,3801,2023-04-16,1350,93,NORTH,7,5,7,3801,0,0,0,,0,3E76,"DIVISADERO ST","OFARRELL ST",10.00,W,N,A,-,N,,,,,,,,,,N,4,0,1,2,A,-,10,21950,A,N,G,B,B,A,H,-,A,A,0,Y,,,,Y,,A,01,0,0,1,0,1,0,0,0,0,"- ","- ",,,"SAN FRANCISCO","SAN FRANCISCO",-122.43930816650391,37.782455444335938
9576120,2023,2023-05-10,3801,2023-04-25,1749,1182,RICHM,2,5,7,3801,0,0,0,,0,3G11D,"GREAT HWY","GREAT HWY 1139",0.00,,-,A,-,N,,,,,,,,,,N,4,0,1,2,A,-,03,22350,,N,D,G,A,A,H,-,A,D,0,,Y,,,Y,,L,04,0,0,1,0,0,0,1,0,0,"- ","- ",37.766281127929688,-122.51042175292969,"SAN FRANCISCO","SAN FRANCISCO",,
9576134,2023,2023-05-10,3801,2023-04-20,"930 ",899,NORTH,4,5,7,3801,0,0,0,,0,,"LOMBARD ST","SCOTT ST",0.00,,Y,A,-,N,,,,,,,,,,N,4,0,1,3,A,-,04,21703,,N,C,C,A,A,H,-,A,A,0,,,,,Y,,A,01,0,0,1,0,0,0,0,0,0,"- ","- ",,,"SAN FRANCISCO","SAN FRANCISCO",-122.44100189208984,37.799209594726562
9576136,2023,2023-05-10,3801,2023-04-18,1735,A09968,PARK,2,5,7,3801,0,0,0,,0,3F13D,"FELL ST","SHRADER ST",0.00,,Y,A,-,N,,,,,,,,,,N,4,0,1,2,A,-,12,21453,A,N,D,G,A,A,H,-,A,A,0,,Y,,,Y,,A,01,0,0,1,0,0,0,1,0,0,"- ","- ",,,"SAN FRANCISCO","SAN FRANCISCO",-122.45240783691406,37.77215576171875
9576141,2023,2023-05-10,3801,2023-04-26,"920 ",4265,INGLE,3,5,7,3801,0,0,0,,0,3H11A,"MISSION ST","RANDALL ST",0.00,,Y,A,-,N,,,,,,,,,,N,4,0,1,2,A,-,03,22350,,M,C,C,A,A,H,-,A,A,0,,,,,Y,,A,01,0,0,1,0,0,0,0,0,0,"- ","- ",,,"SAN FRANCISCO","SAN FRANCISCO",-122.42362213134766,37.739799499511719
9576301,2023,2023-05-09,3801,2023-03-16,1749,537,PARK,4,5,7,3801,0,0,0,,0,3F14D,"14TH ST","DIVISADERO ST",0.00,,Y,A,-,N,,,,,,,,,,N,3,0,2,3,A,-,10,21950,A,N,A,B,C,A,H,-,A,D,0,Y,,,,Y,,A,01,0,1,1,0,2,0,0,0,0,"- ","- ",,,"SAN FRANCISCO","SAN FRANCISCO",-122.43647003173828,37.767276763916016
9576308,2023,2023-05-10,3801,2023-03-06,1359,1832,TENDE,1,5,7,3801,0,0,0,,0,3J90C,"9TH ST","JESSIE ST",55.00,N,N,A,-,N,,,,,,,,,,N,4,0,1,2,A,-,06,21755,,N,B,-,A,A,H,-,A,D,0,,Y,,,Y,,A,07,0,0,1,0,0,0,1,0,0,"- ","- ",,,"SAN FRANCISCO","SAN FRANCISCO",-122.41546630859375,37.776817321777344
9576313,2023,2023-05-09,3801,2023-03-08,1145,4294,NORTH,3,5,7,3801,0,0,0,,0,0E3,"TURK ST","POLK ST",3.00,E,N,A,-,N,,,,,,,,,,N,3,0,1,2,A,-,17,21657,,N,A,C,A,A,H,-,A,A,0,,Y,,,Y,,L,04,0,1,0,0,0,0,1,0,0,"- ","- ",,,"SAN FRANCISCO","SAN FRANCISCO",-122.41899108886719,37.782173156738281
9576319,2023,2023-05-15,3801,2023-03-23,1457,1118,SOUTH,4,5,7,3801,0,0,0,,0,3B14A,"VERMONT ST","16TH ST",0.00,,Y,A,-,N,,,,,,,,,,Y,4,0,1,2,A,-,09,21800,D,N,D,C,A,A,H,-,A,B,0,,,,,Y,,-,"- ",0,0,1,0,0,0,0,0,0,"- ","- ",,,"SAN FRANCISCO","SAN FRANCISCO",-122.40463256835938,37.765960693359375
9576320,2023,2023-05-09,3801,2023-03-29,"805 ",4356,INGLE,3,5,7,3801,0,0,0,,0,3H14A,"MONTEREY BL","PLYMOUTH AV",0.00,,Y,C,-,N,,,,,,,,,,N,4,0,1,2,A,-,10,21950,A,N,G,B,B,B,H,-,A,A,0,Y,,,,Y,,A,08,0,0,1,0,1,0,0,0,0,"- ","- ",,,"SAN FRANCISCO","SAN FRANCISCO",-122.45806121826172,37.730808258056641
9576647,2023,2023-05-11,3801,2023-04-23,"433 ",1857,NORTH,7,5,7,3801,0,0,0,,0,3E61,"GOUGH ST","POST ST",18.00,N,N,A,-,N,,,,,,,,,,Y,3,0,1,2,A,-,01,23152,,N,B,E,A,A,H,-,C,D,0,,,,,Y,,A,01,0,1,0,0,0,0,0,0,0,"- ","- ",,,"SAN FRANCISCO","SAN FRANCISCO",-122.42485046386719,37.786239624023438
9576682,2023,2023-05-09,3801,2023-04-28,1304,2093,NORTH,5,5,7,3801,0,0,0,,0,3E14A,"DIVISADERO ST","HAIGHT ST",0.00,,Y,A,-,N,,,,,,,,,,N,3,0,3,4,A,-,12,21453,A,N,D,-,B,A,H,-,A,A,0,Y,,,,Y,,N,60,0,3,0,0,3,0,0,0,0,"- ","- ",,,"SAN FRANCISCO","SAN FRANCISCO",-122.43704223632812,37.771270751953125
9576683,2023,2023-05-09,3801,2023-04-25,"900 ",2348,INGLE,2,5,7,3801,0,0,0,,0,3H15A,"SENECA AV","ALEMANY BL",10.00,E,N,A,-,N,,,,,,,,,,N,4,0,1,2,A,-,08,22107,,N,C,C,A,A,H,-,A,A,0,,,,,Y,,A,07,0,0,1,0,0,0,0,0,0,"- ","- ",,,"SAN FRANCISCO","SAN FRANCISCO",-122.44132995605469,37.718643188476562
9576684,2023,2023-05-09,3801,2023-04-26,"810 ",4356,INGLE,3,5,7,3801,0,0,0,,0,3H15A,"PHELAN AV","OCEAN AV",75.00,N,N,A,-,N,,,,,,,,,,N,3,0,1,2,C,-,18,,,N,C,C,A,A,H,-,A,D,0,,,,,Y,,-,"- ",0,1,0,0,0,0,0,0,0,"- ","- ",,,"SAN FRANCISCO","SAN FRANCISCO",,
9576690,2023,2023-05-09,3801,2023-03-31,2139,2457,SOUTH,5,5,7,3801,0,0,0,,0,3B14E,"MARKET ST","GOUGH ST",0.00,,Y,A,-,N,,,,,,,,,,N,2,0,1,2,A,-,08,22107,,F,B,C,A,A,-,-,C,A,0,,,Y,,Y,,A,01,1,0,0,0,0,0,0,0,1,"- ","- ",,,"SAN FRANCISCO","SAN FRANCISCO",-122.42221069335938,37.772872924804688
9576691,2023,2023-05-08,3801,2023-03-31,2337,4039,CENTR,5,5,7,3801,0,0,0,,0,3A2,"CLAY ST","MONTGOMERY ST",0.00,,Y,A,-,N,,,,,,,,,,N,4,0,1,2,A,-,10,21950,A,N,G,B,B,A,H,-,C,A,0,Y,,,,Y,Y,A,01,0,0,1,0,1,0,0,0,0,"- ","- ",,,"SAN FRANCISCO","SAN FRANCISCO",-122.40312194824219,37.794681549072266
9576695,2023,2023-05-08,3801,2023-03-30,1940,1339,TRAFF,4,5,7,3801,0,0,0,,0,4B3D,"STANYAN ST","HAIGHT ST",0.00,,Y,A,-,N,,,,,,,,,,Y,3,0,1,2,A,-,09,21801,A,N,D,C,A,A,H,-,B,A,0,,,Y,,Y,,A,01,0,1,0,0,0,0,0,0,1,"- ","- ",,,"SAN FRANCISCO","SAN FRANCISCO",-122.45352935791016,37.769149780273438
9576697,2023,2023-05-08,3801,2023-03-31,"945 ",504,NORTH,5,5,7,3801,0,0,0,,0,3E15A,"LOMBARD ST","BUCHANAN ST",0.00,,Y,A,-,N,,,,,,,,,,Y,4,0,1,3,A,-,08,22100,A,N,D,C,F,A,H,-,A,A,0,Y,,,,Y,,A,01,0,0,1,0,1,0,0,0,0,"- ","- ",,,"SAN FRANCISCO","SAN FRANCISCO",-122.43276214599609,37.800262451171875
9579923,2023,2023-06-21,3801,2023-05-19,2011,4040,SOUTH,5,5,7,3801,0,0,0,,0,3B13E,"MISSION ST","6TH ST",49.00,W,N,A,-,N,,,,,,,,,,N,3,0,1,2,A,-,05,21651,B,N,G,A,E,A,H,-,C,D,0,Y,Y,,,Y,,L,04,0,1,0,0,1,0,0,0,0,"- ","- ",,,"SAN FRANCISCO","SAN FRANCISCO",-122.4088134765625,37.780887603759766
9579928,2023,2023-06-21,3801,2023-05-12,"940 ",899,NORTH,5,5,7,3801,0,0,0,,0,3E13A,"SUTTER ST","FRANKLIN ST",175.00,W,N,A,-,N,,,,,,,,,,Y,3,0,1,2,A,-,21,22106,,N,D,C,A,A,H,-,A,D,0,,,Y,,Y,,C,02,0,1,0,0,0,0,0,0,1,"- ","- ",,,"SAN FRANCISCO","SAN FRANCISCO",-122.42399597167969,37.787273406982422
9579938,2023,2023-06-21,3801,2023-05-14,"848 ",4125,RICHM,7,5,7,3801,0,0,0,,0,3G15A,"CABRILLO ST","43RD AV",0.00,,Y,B,-,N,,,,,,,,,,N,3,0,1,2,A,-,12,22450,A,N,D,G,A,A,H,-,A,A,0,,Y,,,Y,,L,04,0,1,0,0,0,0,1,0,0,"- ","- ",,,"SAN FRANCISCO","SAN FRANCISCO",-122.50362396240234,37.7735595703125
9579940,2023,2023-06-21,3801,2023-05-14,"123 ",276,NORTH,7,5,7,3801,0,0,0,,0,3E13E,"FRANKLIN ST","GOLDEN GATE AV",0.00,,Y,A,-,N,,,,,,,,,,N,4,0,2,2,A,-,12,21453,,F,D,C,A,A,H,-,C,A,0,,,,,Y,,-,,0,0,2,0,0,0,0,0,0,"- ","- ",,,"SAN FRANCISCO","SAN FRANCISCO",-122.42209625244141,37.78082275390625
9579941,2023,2023-06-21,3801,2023-05-13,2202,2469,SOUTH,6,5,7,3801,0,0,0,,0,,"BRYANT ST","3RD ST",0.00,,Y,A,-,N,,,,,,,,,,Y,4,0,2,3,A,-,12,21453,A,F,D,C,A,A,H,-,C,A,0,,,,,Y,,A,01,0,0,2,0,0,0,0,0,0,"- ","- ",,,"SAN FRANCISCO","SAN FRANCISCO",-122.39585113525391,37.781307220458984
9579945,2023,2023-06-21,3801,2023-05-16,2115,2463,SOUTH,2,5,7,3801,0,0,0,,0,3B13E,"7TH ST","HOWARD ST",0.00,,Y,A,-,N,,,,,,,,,,N,4,0,1,2,A,-,05,21650,1,F,A,G,A,A,H,-,C,A,0,,Y,,,Y,,L,04,0,0,1,0,0,0,1,0,0,"- ","- ",,,"SAN FRANCISCO","SAN FRANCISCO",-122.40940093994141,37.777976989746094
9579947,2023,2023-06-21,3801,2023-05-16,"724 ",2707,TARAV,2,5,7,3801,0,0,0,,0,2CAR,"22ND AV","IRVING ST",272.00,S,N,A,-,N,,,,,,,,,,Y,4,0,1,2,A,-,08,22107,,N,A,E,A,A,H,-,A,D,0,,,,,Y,,A,01,0,0,1,0,0,0,0,0,0,"- ","- ",,,"SAN FRANCISCO","SAN FRANCISCO",-122.48030090332031,37.762672424316406
9579950,2023,2023-06-21,3801,2023-05-20,"10  ",1463,SOUTH,6,5,7,3801,0,0,0,,0,0B3,"BRYANT ST","6TH ST",0.00,,Y,A,-,N,,,,,,,,,,Y,3,0,1,2,A,-,03,22350,,N,C,C,A,A,H,-,C,A,0,,,Y,,Y,,C,02,0,1,0,0,0,0,0,0,1,"- ","- ",,,"SAN FRANCISCO","SAN FRANCISCO",-122.40250396728516,37.776058197021484
9579951,2023,2023-06-21,3801,2023-05-20,2333,4039,CENTR,6,5,7,3801,0,0,0,,0,3A3,"LOMBARD ST","HYDE ST",115.00,E,N,A,-,N,,,,,,,,,,Y,3,0,1,1,A,-,03,22350,,N,E,I,A,A,H,-,C,D,0,,,,,Y,,A,01,0,1,0,0,0,0,0,0,0,"- ","- ",,,"SAN FRANCISCO","SAN FRANCISCO",-122.41928863525391,37.802036285400391
9579955,2023,2023-06-21,3801,2023-05-18,1249,1021,SOUTH,4,5,7,3801,0,0,0,,0,3B12A,"MISSION ST","MINT ST",170.00,W,N,A,-,N,,,,,,,,,,Y,2,0,1,2,A,-,09,21801,A,N,D,C,A,A,H,-,A,D,0,,,Y,,Y,,A,01,1,0,0,0,0,0,0,0,1,"- ","- ",,,"SAN FRANCISCO","SAN FRANCISCO",-122.40758514404297,37.7818603515625