CASE_ID,ACCIDENT_YEAR,PROC_DATE,JURIS,COLLISION_DATE,COLLISION_TIME,OFFICER_ID,REPORTING_DISTRICT,DAY_OF_WEEK,CHP_SHIFT,POPULATION,CNTY_CITY_LOC,SPECIAL_COND,BEAT_TYPE,CHP_BEAT_TYPE,CITY_DIVISION_LAPD,CHP_BEAT_CLASS,BEAT_NUMBER,PRIMARY_RD,SECONDARY_RD,DISTANCE,DIRECTION,INTERSECTION,WEATHER_1,WEATHER_2,STATE_HWY_IND,CALTRANS_COUNTY,CALTRANS_DISTRICT,STATE_ROUTE,ROUTE_SUFFIX,POSTMILE_PREFIX,POSTMILE,LOCATION_TYPE,RAMP_INTERSECTION,SIDE_OF_HWY,TOW_AWAY,COLLISION_SEVERITY,NUMBER_KILLED,NUMBER_INJURED,PARTY_COUNT,PRIMARY_COLL_FACTOR,PCF_CODE_OF_VIOL,PCF_VIOL_CATEGORY,PCF_VIOLATION,PCF_VIOL_SUBSECTION,HIT_AND_RUN,TYPE_OF_COLLISION,MVIW,PED_ACTION,ROAD_SURFACE,ROAD_COND_1,ROAD_COND_2,LIGHTING,CONTROL_DEVICE,CHP_ROAD_TYPE,PEDESTRIAN_ACCIDENT,BICYCLE_ACCIDENT,MOTORCYCLE_ACCIDENT,TRUCK_ACCIDENT,NOT_PRIVATE_PROPERTY,ALCOHOL_INVOLVED,STWD_VEHTYPE_AT_FAULT,CHP_VEHTYPE_AT_FAULT,COUNT_SEVERE_INJ,COUNT_VISIBLE_INJ,COUNT_COMPLAINT_PAIN,COUNT_PED_KILLED,COUNT_PED_INJURED,COUNT_BICYCLIST_KILLED,COUNT_BICYCLIST_INJURED,COUNT_MC_KILLED,COUNT_MC_INJURED,PRIMARY_RAMP,SECONDARY_RAMP,LATITUDE,LONGITUDE,COUNTY,CITY,POINT_X,POINT_Y
9579957,2023,2023-06-21,3801,2023-05-04,1546,2118,SOUTH,4,5,7,3801,0,0,0,,0,3B12D,"3RD ST","MISSION ST",10.00,N,N,A,-,N,,,,,,,,,,N,4,0,1,2,A,-,08,22107,,N,B,C,A,A,H,-,A,D,0,,,,,Y,,-,,0,0,1,0,0,0,0,0,0,"- ","- ",,,"SAN FRANCISCO","SAN FRANCISCO",-122.40202331542969,37.786289215087891
9579966,2023,2023-06-16,3801,2023-05-15,1819,4292,BAYVI,1,5,7,3801,0,0,0,,0,3C11D,"PENNSYLVANIA AV","23RD ST",0.00,,Y,A,-,N,,,,,,,,,,N,3,0,1,2,A,-,03,22350,,N,D,-,A,A,H,-,B,A,0,,,,,Y,,A,01,0,1,0,0,0,0,0,0,0,"- ","- ",,,"SAN FRANCISCO","SAN FRANCISCO",-122.39290618896484,37.755126953125
9579973,2023,2023-06-16,3801,2023-05-23,2033,2064,MISSI,2,5,7,3801,0,0,0,,0,3D5D,"MISSION ST",PERSIA,0.00,,Y,A,-,N,,,,,,,,,,N,4,0,2,3,A,-,10,21950,A,N,D,B,B,A,H,-,A,A,0,Y,,,,Y,,-,,0,0,2,0,2,0,0,0,0,"- ","- ",,,"SAN FRANCISCO","SAN FRANCISCO",-122.43596649169922,37.723140716552734
9579978,2023,2023-06-16,3801,2023-05-20,1840,2419,RICHM,6,5,7,3801,0,0,0,,0,908,"SACRAMENTO ST","PRESIDIO AV",0.00,,Y,A,-,N,,,,,,,,,,Y,2,0,1,2,A,-,12,21453,A,N,D,C,A,A,H,-,A,A,0,,,Y,,Y,,C,02,1,0,0,0,0,0,0,0,1,"- ","- ",,,"SAN FRANCISCO","SAN FRANCISCO",-122.44696807861328,37.788181304931641
9584020,2023,2023-05-15,3801,2023-01-25,"930 ",2151,PARK,3,5,7,3801,0,0,0,,0,3F11A,"7TH AV","KIRKHAM ST",0.00,,Y,A,-,N,,,,,,,,,,N,4,0,1,2,A,-,08,22107,,N,D,G,A,A,H,-,A,A,0,,Y,,,Y,,A,01,0,0,1,0,0,0,1,0,0,"- ","- ",,,"SAN FRANCISCO","SAN FRANCISCO",-122.46392059326172,37.760391235351562
9585081,2023,2023-06-01,3801,2023-05-01,"150 ",1350,TARAV,1,5,7,3801,0,0,0,,0,,"35TH AV","TARAVAL ST",270.00,N,N,A,-,N,,,,,,,,,,Y,3,0,1,4,A,-,03,22350,,N,B,E,A,A,H,-,C,A,0,,,,,Y,,A,01,0,1,0,0,0,0,0,0,0,"- ","- ",,,"SAN FRANCISCO","SAN FRANCISCO",-122.49287414550781,37.743030548095703
9586583,2023,2023-06-09,3801,2023-05-24,1944,1620,RICHM,3,5,7,3801,0,0,0,,0,3G13D,"CROSSOVER DR","PARK PRESIDIO BY PASS",0.00,,Y,-,-,N,,,,,,,,,,Y,4,0,1,2,A,-,04,21703,,N,C,C,A,A,H,-,A,A,0,,,,,Y,,J,48,0,0,1,0,0,0,0,0,0,"- ","- ",,,"SAN FRANCISCO","SAN FRANCISCO",-122.47945404052734,37.771183013916016
9586617,2023,2023-06-09,3801,2023-05-22,"851 ",390,PARK,1,5,7,3801,0,0,0,,0,002,"6TH ST","MINNA ST",6.00,S,N,A,-,N,,,,,,,,,,N,4,0,1,2,A,-,10,21950,A,N,B,B,B,A,H,-,A,A,0,Y,,,,Y,,J,48,0,0,1,0,1,0,0,0,0,"- ","- ",,,"SAN FRANCISCO","SAN FRANCISCO",-122.40811920166016,37.780536651611328
9587641,2023,2023-06-13,3801,2023-05-11,"924 ",2315,MISSI,4,5,7,3801,0,0,0,,0,3D11A,"17TH ST","CHURCH ST",20.00,W,N,A,-,N,,,,,,,,,,N,4,0,1,1,A,-,03,22350,,N,E,J,A,A,H,-,A,A,0,,,Y,,Y,,C,03,0,0,1,0,0,0,0,0,1,"- ","- ",,,"SAN FRANCISCO","SAN FRANCISCO",-122.42858123779297,37.762874603271484
9590068,2023,2023-06-13,3801,2023-05-19,"747 ",2202,INGLE,5,5,7,3801,0,0,0,,0,3H13A,"MISSION ST","SANTA ROSA AV",26.00,N,N,B,-,N,,,,,,,,,,N,4,0,1,2,A,-,11,21954,A,N,G,B,D,A,H,-,A,D,0,Y,,Y,,Y,Y,N,60,0,0,1,0,1,0,0,0,0,"- ","- ",,,"SAN FRANCISCO","SAN FRANCISCO",-122.4339599609375,37.725822448730469
9590168,2023,2023-06-15,3801,2023-03-14,1600,1666,PARK,2,5,7,3801,0,0,0,,0,3CAR,"MASONIC AV","OFARRELL ST",0.00,,Y,B,C,N,,,,,,,,,,N,4,0,1,2,A,-,10,21950,A,N,-,B,B,B,H,-,A,A,0,Y,,,,Y,,A,01,0,0,1,0,1,0,0,0,0,"- ","- ",,,"SAN FRANCISCO","SAN FRANCISCO",-122.44754028320312,37.781036376953125
9590312,2023,2023-07-20,3801,2023-06-13,1510,1740,CENTR,2,5,7,3801,0,0,0,,0,3A13D,"NORTHPOINT ST","LARKIN ST",0.00,,Y,A,-,N,,,,,,,,,,N,4,0,1,2,A,-,10,21950,,N,G,B,B,A,H,-,A,A,0,Y,,,,Y,,I,10,0,0,1,0,1,0,0,0,0,"- ","- ",,,"SAN FRANCISCO","SAN FRANCISCO",-122.4219970703125,37.805507659912109
9591065,2023,2023-07-17,3801,2023-06-09,1430,1503,BAYVI,5,5,7,3801,0,0,0,,0,3C14C,"LA SALLE AV","WHITFIELD CT",0.00,,Y,A,-,N,,,,,,,,,,Y,3,0,2,1,A,-,08,22107,,N,E,I,A,A,H,-,A,D,0,,,,,Y,,A,01,0,2,0,0,0,0,0,0,0,"- ","- ",,,"SAN FRANCISCO","SAN FRANCISCO",-122.38156890869141,37.731124877929688
9591066,2023,2023-07-14,3801,2023-06-09,1105,2417,BAYVI,5,5,7,3801,0,0,0,,0,3C15A,"3RD ST","FITZGERALD AV",0.00,,Y,A,-,N,,,,,,,,,,Y,4,0,1,2,A,-,04,21703,,N,C,C,A,A,H,-,A,A,0,,,,,Y,,A,01,0,0,1,0,0,0,0,0,0,"- ","- ",,,"SAN FRANCISCO","SAN FRANCISCO",-122.39539337158203,37.723201751708984
9591072,2023,2023-07-18,3801,2023-06-09,2228,1414,MISSI,5,5,7,3801,0,0,0,,0,3D14D,"HARRISON ST","18TH ST",0.00,,Y,B,-,N,,,,,,,,,,N,4,0,1,2,A,-,04,21703,,N,C,C,A,A,H,-,C,D,0,,,,,Y,,A,08,0,0,1,0,0,0,0,0,0,"- ","- ",,,"SAN FRANCISCO","SAN FRANCISCO",-122.41284942626953,37.762252807617188
9591077,2023,2023-07-14,3801,2023-06-11,"232 ",2463,SOUTH,7,5,7,3801,0,0,0,,0,3B12E,"HARRISON ST","3RD ST",15.00,W,N,A,-,N,,,,,,,,,,Y,4,0,1,2,A,-,01,23153,A,F,A,J,F,A,H,-,C,D,0,Y,,,,Y,Y,A,01,0,0,1,0,1,0,0,0,0,"- ","- ",,,"SAN FRANCISCO","SAN FRANCISCO",-122.39743041992188,37.782520294189453
9591078,2023,2023-07-14,3801,2023-06-12,1809,1825,SOUTH,1,5,7,3801,0,0,0,,0,3B12D,"5TH ST","BRYANT ST",119.00,S,N,A,-,N,,,,,,,,,,Y,4,0,1,2,A,-,04,21703,,F,C,C,A,-,A,-,A,D,0,,,Y,,Y,,A,01,0,0,1,0,0,0,0,0,1,"- ","- ",,,"SAN FRANCISCO","SAN FRANCISCO",-122.40000152587891,37.777568817138672
9591085,2023,2023-07-19,3801,2023-06-04,2006,4178,TRAFF,7,5,7,3801,0,0,0,,0,4B3A,"POWELL ST","WASHINGTON ST",61.00,N,N,A,-,N,,,,,,,,,,Y,4,0,2,2,A,-,03,22350,,N,C,C,A,A,H,-,C,A,0,,,,,Y,Y,A,01,0,0,2,0,0,0,0,0,0,"- ","- ",,,"SAN FRANCISCO","SAN FRANCISCO",-122.40972137451172,37.794914245605469
9591086,2023,2023-07-27,3801,2023-06-13,1040,4267,TARAV,2,5,7,3801,0,0,0,,0,1CAR,"19TH AV","LINCOLN WY",166.00,W,N,A,-,N,,,,,,,,,,Y,4,0,2,3,A,-,03,22350,,N,C,C,A,A,H,-,A,D,0,,,,,Y,,A,01,0,0,2,0,0,0,0,0,0,"- ","- ",,,"SAN FRANCISCO","SAN FRANCISCO",-122.47733306884766,37.76544189453125
9591091,2023,2023-07-18,3801,2023-06-02,1751,1544,CENTR,5,5,7,3801,0,0,0,,0,,POWELL,"JACKSON ST",150.00,S,N,A,-,N,,,,,,,,,,N,3,0,1,2,A,-,11,21954,A,N,G,B,D,A,H,-,A,D,0,Y,,,,Y,,N,60,0,1,0,0,1,0,0,0,0,"- ","- ",,,"SAN FRANCISCO","SAN FRANCISCO",-122.4097900390625,37.795215606689453
9591101,2023,2023-07-11,3801,2023-06-05,1607,2499,TARAV,1,5,7,3801,0,0,0,,0,311D,"FUNSTON AV","QUINTARA ST",0.00,,Y,A,-,N,,,,,,,,,,Y,3,0,1,2,A,-,21,22106,,N,E,I,A,A,H,-,A,D,0,,,,,Y,,A,01,0,1,0,0,0,0,0,0,0,"- ","- ",,,"SAN FRANCISCO","SAN FRANCISCO",-122.46955108642578,37.748878479003906
9591105,2023,2023-08-24,3801,2023-06-01,"219 ",1857,NORTH,4,5,7,3801,0,0,0,,0,3E16E,"VAN NESS AV","OFARRELL ST",0.00,,Y,A,-,N,,,,,,,,,,Y,3,0,1,2,A,-,01,23152,A,N,D,D,A,A,H,-,C,A,0,,,,,Y,Y,A,01,0,1,0,0,0,0,0,0,0,"- ","- ",,,"SAN FRANCISCO","SAN FRANCISCO",-122.42111968994141,37.784763336181641
9591118,2023,2023-07-11,3801,2023-06-24,"40  ",839,CENTR,6,5,7,3801,0,0,0,,0,0A2,"KEARNY ST","SACRAMENTO ST",0.00,,Y,A,-,N,,,,,,,,,,Y,4,0,1,2,A,-,12,21453,,F,D,C,A,A,H,-,C,A,0,,,,,Y,,A,01,0,0,1,0,0,0,0,0,0,"- ","- ",,,"SAN FRANCISCO","SAN FRANCISCO",-122.40458679199219,37.793601989746094
9591225,2023,2023-07-13,3801,2023-05-28,2205,400,SOUTH,7,5,7,3801,0,0,0,,0,3B13E,"FOLSOM ST","LAGTON ST",0.00,,Y,A,-,N,,,,,,,,,,Y,3,0,1,1,C,-,18,,,N,H,J,A,A,G,-,C,A,0,,,Y,,Y,,-,"- ",0,1,0,0,0,0,0,0,1,"- ","- ",,,"SAN FRANCISCO","SAN FRANCISCO",-122.40840148925781,37.776321411132812
9591226,2023,2023-07-13,3801,2023-05-10,"853 ",2059,CENTR,3,5,7,3801,0,0,0,,0,3A13A,MASON,"BROADWAY ST",6.00,S,N,A,-,N,,,,,,,,,,N,3,0,1,2,A,-,10,21950,A,N,A,B,B,A,H,-,A,A,0,Y,,,,Y,,A,01,0,1,0,0,1,0,0,0,0,"- ","- ",,,"SAN FRANCISCO","SAN FRANCISCO",-122.41191864013672,37.797245025634766
9591229,2023,2023-07-13,3801,2023-05-23,1635,1148,MISSI,2,5,7,3801,0,0,0,,0,3D16D,"16TH ST","FLORIDA ST",7.00,E,N,A,-,N,,,,,,,,,,N,4,0,1,2,A,-,00,28101,A,N,B,C,A,A,H,-,A,A,0,,,,,Y,,B,01,0,0,1,0,0,0,0,0,0,"- ","- ",,,"SAN FRANCISCO","SAN FRANCISCO",-122.41141510009766,37.765552520751953
9591230,2023,2023-07-13,3801,2023-05-19,1815,IMHOFF8,NORTH,5,5,7,3801,0,0,0,,0,3E11A,"SCOTT ST","LOMBARD ST",50.00,S,N,A,-,N,,,,,,,,,,N,4,0,1,2,A,-,21,22106,,F,D,C,A,A,H,-,B,D,0,,,,,Y,,A,01,0,0,1,0,0,0,0,0,0,"- ","- ",,,"SAN FRANCISCO","SAN FRANCISCO",-122.44097137451172,37.799076080322266
9591231,2023,2023-07-13,3801,2023-05-16,1959,812,BAYVI,2,5,7,3801,0,0,0,,0,0C3,"3RD ST","EVANS AV",0.00,,Y,A,-,N,,,,,,,,,,N,3,0,1,2,A,-,12,21453,,F,D,C,A,A,H,-,A,A,0,,,Y,,Y,,A,01,0,1,0,0,0,0,0,0,1,"- ","- ",,,"SAN FRANCISCO","SAN FRANCISCO",-122.38801574707031,37.742733001708984
9591601,2023,2023-07-18,3801,2023-06-18,1232,8,NORTH,7,5,7,3801,0,0,0,,0,3E11A,"HAIGHT ST","LAGUNA ST",24.00,W,N,A,-,N,,,,,,,,,,N,4,0,2,3,A,-,08,22107,,N,B,C,A,A,H,-,A,D,0,,,,,Y,,A,01,0,0,2,0,0,0,0,0,0,"- ","- ",,,"SAN FRANCISCO","SAN FRANCISCO",-122.42559051513672,37.772731781005859
9591695,2023,2023-07-13,3801,2023-06-28,2348,2249,PARK,3,5,7,3801,0,0,0,,0,3F13E,"FULTON ST","STANYAN BL",150.00,E,N,A,-,N,,,,,,,,,,Y,4,0,1,2,A,-,07,21658,A,N,B,A,A,A,H,-,C,A,0,,,,,Y,,A,01,0,0,1,0,0,0,0,0,0,"- ","- ",,,"SAN FRANCISCO","SAN FRANCISCO",-122.45414733886719,37.774818420410156
9591698,2023,2023-07-13,3801,2023-06-22,1843,1875,BAYVI,4,5,7,3801,0,0,0,,0,3C13D,"SILVER AV","TOPEKA AV",0.00,,Y,A,-,N,,,,,,,,,,Y,4,0,1,2,A,-,03,22350,,N,D,C,A,A,H,-,A,D,0,,,Y,,Y,,A,01,0,0,1,0,0,0,0,0,1,"- ","- ",,,"SAN FRANCISCO","SAN FRANCISCO",-122.40095520019531,37.73529052734375
9591704,2023,2023-07-17,3801,2023-06-25,"21  ",1217,MISSI,7,5,7,3801,0,0,0,,0,3CAR,"MISSION ST","23RD ST",0.00,,Y,A,-,N,,,,,,,,,,Y,3,0,3,7,A,-,03,22350,A,F,C,C,A,A,H,-,C,A,0,,,,,Y,,A,01,0,1,2,0,0,0,0,0,0,"- ","- ",,,"SAN FRANCISCO","SAN FRANCISCO",-122.41860198974609,37.753829956054688
9591705,2023,2023-07-13,3801,2023-06-25,"50  ",392,MISSI,7,5,7,3801,0,0,0,,0,0D2,"CASTRO ST","CLIPPER ST",0.00,,Y,A,-,N,,,,,,,,,,N,4,0,1,2,A,-,12,22450,A,N,D,G,A,A,H,-,C,A,0,,Y,,,Y,,L,04,0,0,1,0,0,0,1,0,0,"- ","- ",,,"SAN FRANCISCO","SAN FRANCISCO",-122.433837890625,37.748897552490234
9591715,2023,2023-07-13,3801,2023-06-27,1124,4305,NORTH,2,5,7,3801,0,0,0,,0,,"SUTTER ST","POLK ST",0.00,,Y,A,-,N,,,,,,,,,,N,4,0,1,2,A,-,10,21950,A,N,G,B,B,A,H,-,A,A,0,Y,,,,Y,,A,01,0,0,1,0,1,0,0,0,0,"- ","- ",,,"SAN FRANCISCO","SAN FRANCISCO",-122.42010498046875,37.787761688232422
9591717,2023,2023-07-13,3801,2023-06-29,2017,1804,BAYVI,4,5,7,3801,0,0,0,,0,3C13D,"3RD ST","EVANS AV",20.00,N,N,B,E,N,,,,,,,,,,N,4,0,1,1,A,-,03,22350,,N,H,A,A,B,H,-,B,D,0,,,Y,,Y,,C,02,0,0,1,0,0,0,0,0,1,"- ","- ",,,"SAN FRANCISCO","SAN FRANCISCO",-122.38799285888672,37.742782592773438
9591723,2023,2023-07-12,3801,2023-06-18,1512,282,TARAV,7,5,7,3801,0,0,0,,0,315B,"BROTHERHOOD WY","BROTHERHOOD WY 725",0.00,,Y,A,-,N,,,,,,,,,,Y,4,0,1,1,A,-,03,22350,,N,E,I,A,A,H,-,A,D,0,,,,,Y,,A,07,0,0,1,0,0,0,0,0,0,"- ","- ",,,"SAN FRANCISCO","SAN FRANCISCO",,
9591724,2023,2023-07-12,3801,2023-06-21,2222,2148,MISSI,3,5,7,3801,0,0,0,,0,3D16E,"FOLSOM ST","18TH ST",20.00,S,N,A,-,N,,,,,,,,,,N,4,0,2,3,A,-,03,22350,,F,C,C,A,A,H,-,C,A,0,,,,,Y,,-,,0,0,2,0,0,0,0,0,0,"- ","- ",,,"SAN FRANCISCO","SAN FRANCISCO",-122.41498565673828,37.762046813964844
9591725,2023,2023-07-12,3801,2023-06-21,1116,1279,BAYVI,3,5,7,3801,0,0,0,,0,3C12D,"ALEMANY BL","SAN BRUNO AV",150.00,E,N,A,-,N,,,,,,,,,,Y,3,0,3,2,A,-,03,22350,,N,C,C,A,A,H,-,A,A,0,,,,,Y,,A,01,0,1,2,0,0,0,0,0,0,"- ","- ",,,"SAN FRANCISCO","SAN FRANCISCO",-122.40766143798828,37.735954284667969
9591727,2023,2023-07-12,3801,2023-06-20,1153,1826,CENTR,2,5,7,3801,0,0,0,,0,3A12A,"3RD ST","STEVENSON ST",0.00,,Y,A,-,N,,,,,,,,,,N,4,0,1,2,A,-,12,21453,A,N,D,C,A,A,-,-,A,A,0,,,,,Y,,A,01,0,0,1,0,0,0,0,0,0,"- ","- ",,,"SAN FRANCISCO","SAN FRANCISCO",-122.40297698974609,37.787040710449219
9591729,2023,2023-07-12,3801,2023-06-19,"810 ",179,NORTH,1,5,7,3801,0,0,0,,0,3E2A,"FILLMORE ST","FULTON ST",0.00,,Y,A,-,N,,,,,,,,,,Y,2,0,1,4,A,-,12,21453,A,F,D,C,A,A,H,-,A,A,0,,,,,Y,,A,01,1,0,0,0,0,0,0,0,0,"- ","- ",,,"SAN FRANCISCO","SAN FRANCISCO",-122.43155670166016,37.777690887451172
9591733,2023,2023-07-12,3801,2023-06-23,"720 ",1396,SOUTH,5,5,7,3801,0,0,0,,0,3B13A,"6TH ST","BRYANT ST",41.00,N,N,A,-,N,,,,,,,,,,Y,4,0,1,2,A,-,03,22350,,F,C,C,A,A,A,-,A,A,0,,,Y,,Y,,A,01,0,0,1,0,0,0,0,0,1,"- ","- ",,,"SAN FRANCISCO","SAN FRANCISCO",-122.40260314941406,37.776138305664062
9591738,2023,2023-08-24,3801,2023-06-17,1830,2495,BAYVI,6,5,7,3801,0,0,0,,0,003,"INNES AV","FRIEDELL ST",8.00,E,N,A,-,N,,,,,,,,,,N,3,0,1,2,A,-,03,22350,,N,G,B,B,A,H,-,B,D,0,Y,,,,Y,,B,01,0,1,0,0,1,0,0,0,0,"- ","- ",,,"SAN FRANCISCO","SAN FRANCISCO",-122.36964416503906,37.728557586669922
9591739,2023,2023-07-12,3801,2023-06-17,1628,2486,TARAV,6,5,7,3801,0,0,0,,0,3116D,"ALEMANY BL","ST CHARLES AV",0.00,,Y,A,-,N,,,,,,,,,,Y,3,0,2,4,A,-,12,22450,A,N,D,C,A,A,H,-,A,A,0,,,,,Y,,A,01,0,1,1,0,0,0,0,0,0,"- ","- ",,,"SAN FRANCISCO","SAN FRANCISCO",-122.46935272216797,37.710700988769531
9591758,2023,2023-08-15,3801,2023-06-12,"155 ",2237,TARAV,1,5,7,3801,0,0,0,,0,3116E,"19TH AV","OCEAN AV",0.00,,Y,A,-,N,,,,,,,,,,Y,3,0,1,2,A,-,01,23152,,N,D,C,A,A,H,-,C,A,0,,,,,Y,Y,A,01,0,1,0,0,0,0,0,0,0,"- ","- ",,,"SAN FRANCISCO","SAN FRANCISCO",-122.47496032714844,37.732437133789062
9591814,2023,2023-07-19,3801,2023-05-29,2145,2354,TARAV,1,5,7,3801,0,0,0,,0,31I3D,"JUDAH ST","42ND ST",0.00,,Y,A,-,N,,,,,,,,,,Y,4,0,1,2,A,-,03,22350,,N,B,F,A,A,H,-,C,D,0,,,Y,,Y,,C,02,0,0,1,0,0,0,0,0,1,"- ","- ",,,"SAN FRANCISCO","SAN FRANCISCO",-122.50164031982422,37.760597229003906
9591835,2023,2023-07-18,3801,2023-05-22,1726,1061,SOUTH,1,5,7,3801,0,0,0,,0,3B53B,"HOWARD ST","HOWARD ST 750",0.00,,N,A,-,N,,,,,,,,,,Y,4,0,1,2,D,-,00,,,M,B,E,A,A,H,-,A,D,0,,,Y,,Y,,-,"- ",0,0,1,0,0,0,0,0,0,"- ","- ",,,"SAN FRANCISCO","SAN FRANCISCO",-117.68926239013672,34.052200317382812
9593803,2023,2023-07-17,3801,2023-06-16,"826 ",2150,RICHM,5,5,7,3801,0,0,0,,0,3G13C,"ARGUELLO BL","FULTON ST",0.00,,Y,A,-,N,,,,,,,,,,N,4,0,1,2,A,-,21,22106,,N,C,C,A,A,H,-,A,A,0,,,,,Y,,A,01,0,0,1,0,0,0,0,0,0,"- ","- ",,,"SAN FRANCISCO","SAN FRANCISCO",-122.45835113525391,37.774288177490234
9593808,2023,2023-07-17,3801,2023-06-15,2245,1123,SOUTH,4,5,7,3801,0,0,0,,0,3B12E,"MISSION ST","5TH ST",0.00,,Y,A,-,N,,,,,,,,,,N,3,0,1,2,A,-,07,21658,A,N,B,G,A,A,H,-,C,A,0,,Y,,,Y,,A,01,0,1,0,0,0,0,1,0,0,"- ","- ",,,"SAN FRANCISCO","SAN FRANCISCO",-122.40648651123047,37.782737731933594
9593812,2023,2023-07-17,3801,2023-06-18,1605,2202,INGLE,7,5,7,3801,0,0,0,,0,3H13A,"MISSION ST","AVALON AV",15.00,N,N,A,-,N,,,,,,,,,,N,4,0,2,3,A,-,10,21950,A,N,G,B,B,A,H,-,A,A,0,Y,,,,Y,Y,A,01,0,0,2,0,2,0,0,0,0,"- ","- ",,,"SAN FRANCISCO","SAN FRANCISCO",-122.43230438232422,37.727752685546875
9593816,2023,2023-07-17,3801,2023-06-10,"35  ",1123,SOUTH,6,5,7,3801,0,0,0,,0,3B12E,"MISSION ST","7TH ST",0.00,,Y,A,-,N,,,,,,,,,,N,2,0,1,2,A,-,12,21453,A,F,G,B,-,A,H,-,C,A,0,Y,,,,Y,,A,01,1,0,0,0,1,0,0,0,0,"- ","- ",,,"SAN FRANCISCO","SAN FRANCISCO",-122.41089630126953,37.779209136962891
9595782,2023,2023-07-19,3801,2023-05-12,1144,186,TRAFF,5,5,7,3801,0,0,0,,0,4BIG,"EDDY ST","EDDY ST 301",34.00,N,N,A,-,N,,,,,,,,,,N,4,0,1,2,A,-,09,21801,A,N,D,G,A,A,H,-,A,D,0,,Y,,,Y,,J,48,0,0,1,0,0,0,1,0,0,"- ","- ",,,"SAN FRANCISCO","SAN FRANCISCO",,
9595888,2023,2023-07-14,3801,2023-06-01,2309,1706,SOUTH,4,5,7,3801,0,0,0,,0,002,"6TH ST","HOWARD ST",0.00,,Y,A,-,N,,,,,,,,,,N,3,0,1,2,A,-,12,21453,A,F,C,C,-,A,H,-,C,A,0,Y,,,,Y,,A,01,0,1,0,0,1,0,0,0,0,"- ","- ",37.779651641845703,-122.40715026855469,"SAN FRANCISCO","SAN FRANCISCO",-122.40714263916016,37.779750823974609
9596194,2023,2023-07-21,3801,2023-06-15,"130 ",2288,INGLE,4,5,7,3801,0,0,0,,0,3H13E,"MISSION ST","CRESCENT AV",0.00,,Y,A,-,N,,,,,,,,,,N,3,0,1,2,A,-,03,22350,,F,C,G,A,A,H,-,C,A,0,,Y,,,Y,Y,A,01,0,1,0,0,0,0,1,0,0,"- ","- ",,,"SAN FRANCISCO","SAN FRANCISCO",-122.42469024658203,37.735408782958984
9600275,2023,2023-08-11,3801,2023-07-21,1040,2372,INGLE,5,5,7,3801,0,0,0,,0,3H11A,"NEVADA ST","NEVADA ST 133",0.00,,Y,A,-,N,,,,,,,,,,N,4,0,1,2,A,-,17,2803,A,N,B,C,A,A,D,-,A,D,0,,,,Y,Y,,F,26,0,0,1,0,0,0,0,0,0,"- ","- ",,,"SAN FRANCISCO","SAN FRANCISCO",,
9600303,2023,2023-08-11,3801,2023-07-09,2121,664,RICHM,7,5,7,3801,0,0,0,,0,3B13E,"MISSION BAY BL S","4TH ST",0.00,,Y,A,-,N,,,,,,,,,,N,4,0,1,2,A,-,05,21650,,N,D,C,A,A,H,-,C,A,0,,Y,,,Y,,L,04,0,0,1,0,0,0,1,0,0,"- ","- ",,,"SAN FRANCISCO","SAN FRANCISCO",-122.39122772216797,37.77056884765625
9601168,2023,2023-08-18,3801,2023-05-21,"525 ",2142,NORTH,7,5,7,3801,0,0,0,,0,E00,"MARKET ST","OCTAVIA BL",0.00,,Y,A,-,Y,SF,4,101,-,M,5.450,I,6,S,Y,4,0,1,2,A,-,08,22107,,N,B,C,A,A,H,-,A,A,0,,,Y,,Y,,A,01,0,0,1,0,0,0,0,0,1,"- ","- ",,,"SAN FRANCISCO","SAN FRANCISCO",-122.42344665527344,37.771842956542969
9601791,2023,2023-09-14,3801,2023-08-10,1907,1046,NORTH,4,5,7,3801,0,0,0,,0,3E12D,"VAN NESS AV","EDDY ST",0.00,,Y,A,-,N,,,,,,,,,,N,4,0,1,2,A,-,03,22350,,F,C,C,A,A,H,-,B,A,0,,,,,Y,,D,22,0,0,1,0,0,0,0,0,0,"- ","- ",,,"SAN FRANCISCO","SAN FRANCISCO",-122.42076110839844,37.782890319824219
9602191,2023,2023-08-11,3801,2023-07-19,1314,1123,SOUTH,3,5,7,3801,0,0,0,,0,3B13A,"MISSION ST","5TH ST",0.00,,Y,A,-,N,,,,,,,,,,N,4,0,1,2,A,-,08,22107,,N,D,C,A,A,H,-,A,A,0,,,,,Y,,A,01,0,0,1,0,0,0,0,0,0,"- ","- ",,,"SAN FRANCISCO","SAN FRANCISCO",-122.40648651123047,37.782737731933594
9602192,2023,2023-08-11,3801,2023-07-19,1310,4156,SOUTH,3,5,7,3801,0,0,0,,0,0B3,"7TH ST","BRYANT ST",0.00,,Y,A,-,N,,,,,,,,,,N,4,0,1,2,D,-,00,,,N,H,J,A,A,H,-,A,A,0,,,Y,,Y,,-,"- ",0,0,1,0,0,0,0,0,1,"- ","- ",,,"SAN FRANCISCO","SAN FRANCISCO",-122.40485382080078,37.774375915527344
9602194,2023,2023-08-14,3801,2023-07-21,"157 ",1933,TENDE,5,5,7,3801,0,0,0,,0,3J13E,"MCALLISTER ST","POLK ST",0.00,,Y,A,-,N,,,,,,,,,,Y,4,0,1,3,A,-,12,21453,A,F,D,C,A,A,H,-,C,A,0,,,,,Y,,A,01,0,0,1,0,0,0,0,0,0,"- ","- ",,,"SAN FRANCISCO","SAN FRANCISCO",-122.41860198974609,37.7802734375
9602196,2023,2023-08-14,3801,2023-07-18,2137,1144,RICHM,2,5,7,3801,0,0,0,,0,3G12E,"GEARY BL","BAKER ST",0.00,,Y,A,-,N,,,,,,,,,,Y,4,0,2,2,A,-,08,22101,D,N,D,C,A,A,H,-,C,A,0,,,,,Y,,A,01,0,0,2,0,0,0,0,0,0,"- ","- ",,,"SAN FRANCISCO","SAN FRANCISCO",-122.44281005859375,37.782955169677734