CASE_ID,ACCIDENT_YEAR,PROC_DATE,JURIS,COLLISION_DATE,COLLISION_TIME,OFFICER_ID,REPORTING_DISTRICT,DAY_OF_WEEK,CHP_SHIFT,POPULATION,CNTY_CITY_LOC,SPECIAL_COND,BEAT_TYPE,CHP_BEAT_TYPE,CITY_DIVISION_LAPD,CHP_BEAT_CLASS,BEAT_NUMBER,PRIMARY_RD,SECONDARY_RD,DISTANCE,DIRECTION,INTERSECTION,WEATHER_1,WEATHER_2,STATE_HWY_IND,CALTRANS_COUNTY,CALTRANS_DISTRICT,STATE_ROUTE,ROUTE_SUFFIX,POSTMILE_PREFIX,POSTMILE,LOCATION_TYPE,RAMP_INTERSECTION,SIDE_OF_HWY,TOW_AWAY,COLLISION_SEVERITY,NUMBER_KILLED,NUMBER_INJURED,PARTY_COUNT,PRIMARY_COLL_FACTOR,PCF_CODE_OF_VIOL,PCF_VIOL_CATEGORY,PCF_VIOLATION,PCF_VIOL_SUBSECTION,HIT_AND_RUN,TYPE_OF_COLLISION,MVIW,PED_ACTION,ROAD_SURFACE,ROAD_COND_1,ROAD_COND_2,LIGHTING,CONTROL_DEVICE,CHP_ROAD_TYPE,PEDESTRIAN_ACCIDENT,BICYCLE_ACCIDENT,MOTORCYCLE_ACCIDENT,TRUCK_ACCIDENT,NOT_PRIVATE_PROPERTY,ALCOHOL_INVOLVED,STWD_VEHTYPE_AT_FAULT,CHP_VEHTYPE_AT_FAULT,COUNT_SEVERE_INJ,COUNT_VISIBLE_INJ,COUNT_COMPLAINT_PAIN,COUNT_PED_KILLED,COUNT_PED_INJURED,COUNT_BICYCLIST_KILLED,COUNT_BICYCLIST_INJURED,COUNT_MC_KILLED,COUNT_MC_INJURED,PRIMARY_RAMP,SECONDARY_RAMP,LATITUDE,LONGITUDE,COUNTY,CITY,POINT_X,POINT_Y
9602198,2023,2023-10-04,3801,2023-07-19,"649 ",2402,TARAV,3,5,7,3801,0,0,0,,0,312A,"TARAVAL ST","28TH AV",0.00,,Y,B,-,N,,,,,,,,,,Y,4,0,2,2,A,-,09,21800,A,N,D,C,A,A,C,D,A,C,0,,,,,Y,,A,01,0,0,2,0,0,0,0,0,0,"- ","- ",,,"SAN FRANCISCO","SAN FRANCISCO",-122.48533630371094,37.742633819580078
9602199,2023,2023-08-14,3801,2023-07-19,2230,1527,NORTH,3,5,7,3801,0,0,0,,0,0E4,"PINE ST","SCOTT ST",0.00,,Y,A,-,N,,,,,,,,,,N,4,0,1,2,A,-,08,22107,,N,D,C,A,A,H,-,C,A,0,,,,,Y,,A,01,0,0,1,0,0,0,0,0,0,"- ","- ",,,"SAN FRANCISCO","SAN FRANCISCO",-122.43856811523438,37.787326812744141
9602200,2023,2023-08-14,3801,2023-07-02,1615,2379,CENTR,7,5,7,3801,0,0,0,,0,3A13D,"BATTERY ST","GREEN ST",0.00,,Y,A,-,N,,,,,,,,,,N,4,0,1,2,A,-,09,21800,C,N,D,C,A,A,H,-,A,A,0,,,,,Y,,A,01,0,0,1,0,0,0,0,0,0,"- ","- ",,,"SAN FRANCISCO","SAN FRANCISCO",-122.40140533447266,37.800460815429688
9602206,2023,2023-08-11,3801,2023-07-25,1702,540,TARAV,2,5,7,3801,0,0,0,,0,016,"ALEMANY BL","CRYSTAL ST",22.00,E,N,A,-,N,,,,,,,,,,Y,3,0,1,2,A,-,09,21800,A,N,F,C,A,A,H,-,A,D,0,,,,,Y,,A,01,0,1,0,0,0,0,0,0,0,"- ","- ",,,"SAN FRANCISCO","SAN FRANCISCO",-122.46042633056641,37.710239410400391
9602208,2023,2023-08-11,3801,2023-07-27,"303 ",2175,BAYVI,4,5,7,3801,0,0,0,,0,3C12E,"BAYSHORE BL","SILVER AV",0.00,,Y,A,-,N,,,,,,,,,,Y,2,0,1,2,A,-,12,21453,A,F,D,C,A,A,H,-,C,A,0,,,,,Y,,A,01,1,0,0,0,0,0,0,0,0,"- ","- ",,,"SAN FRANCISCO","SAN FRANCISCO",-122.40464782714844,37.732959747314453
9602209,2023,2023-08-11,3801,2023-07-04,1308,1058,TENDE,2,5,7,3801,0,0,0,,0,3J90C,"CYRIL MAGNIN ST","MARKET ST",20.00,N,N,A,-,N,,,,,,,,,,N,3,0,1,2,A,-,11,21453,D,N,G,B,B,A,H,-,A,A,0,Y,,,,Y,,N,60,0,1,0,0,1,0,0,0,0,"- ","- ",,,"SAN FRANCISCO","SAN FRANCISCO",-122.40811157226562,37.784038543701172
9602210,2023,2023-08-14,3801,2023-07-06,1214,2108,TENDE,4,5,7,3801,0,0,0,,0,3J90C,"EDDY ST","TAYLOR ST",0.00,,Y,A,-,N,,,,,,,,,,N,4,0,1,2,A,-,10,21950,A,F,G,B,B,A,H,-,A,A,0,Y,,,,Y,,A,01,0,0,1,0,1,0,0,0,0,"- ","- ",,,"SAN FRANCISCO","SAN FRANCISCO",-122.41094970703125,37.784160614013672
9602218,2023,2023-08-11,3801,2023-07-03,1938,1857,NORTH,1,5,7,3801,0,0,0,,0,3E61,"FRANKLIN ST","TURK ST",0.00,,Y,A,-,N,,,,,,,,,,Y,4,0,1,2,A,-,07,21658,A,F,B,C,A,A,H,-,A,A,0,,,Y,,Y,Y,A,01,0,0,1,0,0,0,0,0,1,"- ","- ",,,"SAN FRANCISCO","SAN FRANCISCO",-122.42224884033203,37.781730651855469
9602222,2023,2023-08-28,3801,2023-07-05,"8   ",1750,NORTH,3,5,7,3801,0,0,0,,0,0E6,"FRANKLIN ST","CALIFORNIA ST",0.00,,Y,A,-,N,,,,,,,,,,,3,0,2,2,A,-,01,23153,A,N,A,C,A,A,H,-,C,A,0,,,,,Y,Y,A,01,0,2,0,0,0,0,0,0,0,"- ","- ",,,"SAN FRANCISCO","SAN FRANCISCO",-122.42397308349609,37.7901611328125
9602230,2023,2023-08-21,3801,2023-07-09,2253,1769,BAYVI,7,5,7,3801,0,0,0,,0,3C13E,"LANE ST","PALOU AV",0.00,,Y,A,-,N,,,,,,,,,,Y,4,0,1,2,A,-,12,22450,A,F,D,C,A,A,H,-,C,D,0,,,,,Y,Y,A,01,0,0,1,0,0,0,0,0,0,"- ","- ",,,"SAN FRANCISCO","SAN FRANCISCO",-122.38903045654297,37.732933044433594
9602236,2023,2023-08-21,3801,2023-07-12,1107,2402,TARAV,3,5,7,3801,0,0,0,,0,3I12A,"LAKE MERCED BL","FONT BL",177.00,S,N,B,-,N,,,,,,,,,,Y,4,0,1,2,A,-,08,22107,,N,-,C,A,A,H,-,A,A,0,,,,,Y,,A,01,0,0,1,0,0,0,0,0,0,"- ","- ",,,"SAN FRANCISCO","SAN FRANCISCO",-122.48513031005859,37.723686218261719
9602238,2023,2023-08-28,3801,2023-07-13,"623 ",2059,CENTR,4,5,7,3801,0,0,0,,0,3A4A,"SANSOME ST","JACKSON ST",0.00,,Y,A,-,N,,,,,,,,,,N,3,0,1,2,A,-,12,21453,A,N,D,J,A,A,H,-,C,A,0,,,,,Y,,M,94,0,1,0,0,0,0,0,0,0,"- ","- ",,,"SAN FRANCISCO","SAN FRANCISCO",-122.40185546875,37.796634674072266
9602239,2023,2023-08-16,3801,2023-07-14,2120,2457,SOUTH,5,5,7,3801,0,0,0,,0,3B14E,"MISSION ST","9TH ST",0.00,S,Y,A,-,N,,,,,,,,,,N,4,0,1,2,A,-,11,21954,A,N,G,B,D,A,H,-,C,A,0,Y,,,,Y,,N,60,0,0,1,0,1,0,0,0,0,"- ","- ",,,"SAN FRANCISCO","SAN FRANCISCO",-122.41471862792969,37.776241302490234
9602281,2023,2023-09-08,3801,2023-06-23,1007,1496,TARAV,5,5,7,3801,0,0,0,,0,0I2,"30TH AV","RIVERA ST",0.00,,Y,A,-,N,,,,,,,,,,Y,3,0,2,3,A,-,12,22450,A,N,D,C,A,A,H,-,A,A,0,,,,,Y,,A,01,0,1,1,0,0,0,0,0,0,"- ","- ",,,"SAN FRANCISCO","SAN FRANCISCO",-122.48773193359375,37.746242523193359
9602283,2023,2023-08-10,3801,2023-06-23,1240,8,NORTH,5,5,7,3801,0,0,0,,0,3E11A,"HAIGHT ST","DIVISADERO ST",78.00,E,N,A,-,N,,,,,,,,,,N,4,0,1,2,A,-,08,22107,,F,D,G,A,A,H,-,A,D,0,,Y,,,Y,Y,A,01,0,0,1,0,0,0,1,0,0,"- ","- ",,,"SAN FRANCISCO","SAN FRANCISCO",-122.43677520751953,37.771305084228516
9602284,2023,2023-08-10,3801,2023-06-25,1358,2091,NORTH,7,5,7,3801,0,0,0,,0,3E13D,"DIVISADERO ST","GEARY BL",0.00,,Y,A,-,N,,,,,,,,,,Y,3,0,4,2,A,-,09,21801,,N,D,C,A,-,H,-,A,A,0,,,,,Y,,A,01,0,4,0,0,0,0,0,0,0,"- ","- ",,,"SAN FRANCISCO","SAN FRANCISCO",-122.43947601318359,37.783359527587891
9602285,2023,2023-09-08,3801,2023-06-29,1612,595,NORTH,4,5,7,3801,0,0,0,,0,3E16D,"LOMBARD ST","VAN NESS AV",0.00,,Y,A,-,N,,,,,,,,,,N,3,0,2,2,A,-,03,22350,A,F,C,C,A,A,H,-,A,A,0,,,,,Y,,A,01,0,1,1,0,0,0,0,0,0,"- ","- ",,,"SAN FRANCISCO","SAN FRANCISCO",-122.42446899414062,37.80133056640625
9602287,2023,2023-08-10,3801,2023-06-30,1936,1696,NORTH,5,5,7,3801,0,0,0,,0,3E15D,"DIVISADERO ST","GEARY BL",0.00,,Y,A,-,N,,,,,,,,,,Y,2,0,2,1,A,-,03,22350,,N,H,I,A,A,H,-,A,A,0,,,Y,,Y,,C,02,2,0,0,0,0,0,0,0,2,"- ","- ",,,"SAN FRANCISCO","SAN FRANCISCO",-122.43947601318359,37.783359527587891
9603168,2023,2023-07-28,3801,2023-02-09,1500,1620,RICHM,4,5,7,3801,0,0,0,,0,3G13C,"2ND AV","CABRILLO ST",0.00,,Y,A,-,N,,,,,,,,,,Y,4,0,1,2,A,-,09,21802,A,N,D,C,A,A,H,-,A,D,0,,,,,Y,,A,01,0,0,1,0,0,0,0,0,0,"- ","- ",,,"SAN FRANCISCO","SAN FRANCISCO",-122.4595947265625,37.775554656982422
9603195,2023,2023-08-02,3801,2023-04-19,1917,359,TARAV,3,5,7,3801,0,0,0,,0,312E,"VICENTE ST","44TH AV",0.00,,Y,A,-,N,,,,,,,,,,Y,4,0,1,2,A,-,09,21802,A,N,D,C,A,A,H,-,A,A,0,,,,,Y,,A,01,0,0,1,0,0,0,0,0,0,"- ","- ",,,"SAN FRANCISCO","SAN FRANCISCO",-122.50222778320312,37.738132476806641
9603615,2023,2023-08-14,3801,2023-07-06,1934,312,TARAV,4,5,7,3801,0,0,0,,0,3CAR,"39TH AV","JUDAH ST",0.00,,Y,B,-,N,,,,,,,,,,Y,4,0,1,2,A,-,12,22450,A,N,D,C,A,A,-,-,A,D,0,,,,,Y,,A,01,0,0,1,0,0,0,0,0,0,"- ","- ",,,"SAN FRANCISCO","SAN FRANCISCO",-122.49839782714844,37.760761260986328
9603684,2023,2023-08-11,3801,2023-07-14,1727,1707,NORTH,5,5,7,3801,0,0,0,,0,3E13D,"GROVE ST","FRANKLIN ST",80.00,W,N,A,-,N,,,,,,,,,,N,2,0,1,2,A,-,05,21651,B,F,A,G,A,A,H,-,A,-,0,,Y,,,Y,,L,04,1,0,0,0,0,0,1,0,0,"- ","- ",,,"SAN FRANCISCO","SAN FRANCISCO",-122.42179107666016,37.777984619140625
9603686,2023,2023-08-11,3801,2023-07-14,"800 ",1967,NORTH,5,5,7,3801,0,0,0,,0,3E12A,"HAYES ST","POLK ST",0.00,,Y,A,-,N,,,,,,,,,,N,4,0,1,2,A,-,21,22106,,N,D,C,A,A,H,-,A,D,0,,,,,Y,,A,01,0,0,1,0,0,0,0,0,0,"- ","- ",,,"SAN FRANCISCO","SAN FRANCISCO",-122.41803741455078,37.777507781982422
9603688,2023,2023-10-05,3801,2023-07-12,2232,1051,NORTH,3,5,7,3801,0,0,0,,0,0E3,"FRANKLIN ST","TURK ST",0.00,,Y,A,-,N,,,,,,,,,,Y,4,0,1,3,A,-,03,22350,,N,C,D,A,A,H,-,C,A,0,,,,,Y,,A,01,0,0,1,0,0,0,0,0,0,"- ","- ",,,"SAN FRANCISCO","SAN FRANCISCO",-122.42224884033203,37.781730651855469
9603689,2023,2023-08-11,3801,2023-07-13,1720,575,CENTR,4,5,7,3801,0,0,0,,0,3A13D,"THE EMBARCADERO","WASHINGTON ST",257.00,N,N,A,-,N,,,,,,,,,,N,4,0,1,2,A,-,09,21804,A,N,G,C,A,A,H,-,A,D,0,,,Y,,Y,,A,01,0,0,1,0,0,0,0,0,1,"- ","- ",,,"SAN FRANCISCO","SAN FRANCISCO",-122.39606475830078,37.797222137451172
9603694,2023,2023-08-11,3801,2023-07-11,1404,4305,NORTH,2,5,7,3801,0,0,0,,0,,"GOLDEN GATE AV","GOUGH ST",0.00,,Y,A,-,N,,,,,,,,,,Y,3,0,1,2,A,-,03,22350,,M,A,J,A,A,H,-,A,A,0,,,,,Y,,A,01,0,1,0,0,0,0,0,0,0,"- ","- ",,,"SAN FRANCISCO","SAN FRANCISCO",-122.42372894287109,37.780612945556641
9603696,2023,2023-08-11,3801,2023-07-10,1320,670,INGLE,1,5,7,3801,0,0,0,,0,3H13D,"CRESCENT AV","ANDOVER ST",0.00,,Y,A,-,N,,,,,,,,,,N,4,0,1,2,A,-,10,21950,A,N,G,B,B,A,H,-,A,A,0,Y,,,,Y,,A,01,0,0,1,0,1,0,0,0,0,"- ","- ",,,"SAN FRANCISCO","SAN FRANCISCO",-122.41683959960938,37.734920501708984
9603698,2023,2023-08-11,3801,2023-07-16,"326 ",2741,INGLE,7,5,7,3801,0,0,0,,0,3H14E,"ALEMANY BL","OCEAN AV",0.00,,Y,A,-,N,,,,,,,,,,N,3,0,1,2,A,-,10,21950,A,N,G,B,B,A,H,-,C,A,0,Y,,,,Y,,A,01,0,1,0,0,1,0,0,0,0,"- ","- ",,,"SAN FRANCISCO","SAN FRANCISCO",-122.43753814697266,37.723697662353516
9603699,2023,2023-08-11,3801,2023-07-15,1859,2310,BAYVI,6,5,7,3801,0,0,0,,0,3C12D,"OAKDALE AV","NEWHALL ST",2.00,W,N,A,-,N,,,,,,,,,,N,3,0,1,2,A,-,03,22350,A,N,A,C,A,A,H,-,A,A,0,,,Y,,Y,,C,03,0,1,0,0,0,0,0,0,1,"- ","- ",,,"SAN FRANCISCO","SAN FRANCISCO",-122.39218902587891,37.735671997070312
9603783,2023,2023-09-25,3801,2023-07-22,1542,1582,CENTR,6,5,7,3801,0,0,0,,0,3A4D,"THE EMBARCADERO","BROADWAY ST",0.00,,Y,A,-,N,,,,,,,,,,N,3,0,1,2,A,-,08,22107,,N,H,A,A,A,H,-,A,A,0,,,,,Y,,A,01,0,1,0,0,0,0,0,0,0,"- ","- ",,,"SAN FRANCISCO","SAN FRANCISCO",-122.39775848388672,37.799182891845703
9603793,2023,2023-08-17,3801,2023-07-03,1815,2499,TARAV,1,5,7,3801,0,0,0,,0,3I5D,"SUNSET BL","OCEAN AV",0.00,,Y,A,-,N,,,,,,,,,,Y,3,0,2,2,A,-,12,21453,A,N,D,C,A,A,H,-,A,A,0,,,,,Y,,A,01,0,1,1,0,0,0,0,0,0,"- ","- ",,,"SAN FRANCISCO","SAN FRANCISCO",-122.49381256103516,37.731895446777344
9603814,2023,2023-09-28,3801,2023-07-16,"226 ",2293,NORTH,7,5,7,3801,0,0,0,,0,0E5,"FILLMORE ST","GREENWICH ST",31.00,S,N,A,-,N,,,,,,,,,,Y,3,0,4,5,A,-,01,23153,A,N,G,B,F,A,H,-,C,D,0,Y,,,,Y,Y,A,01,0,1,3,0,4,0,0,0,0,"- ","- ",,,"SAN FRANCISCO","SAN FRANCISCO",-122.43586730957031,37.798873901367188
9603815,2023,2023-08-18,3801,2023-07-18,2102,835,NORTH,2,5,7,3801,0,0,0,,0,004,"WEBSTER ST","SUTTER ST",0.00,,Y,A,-,N,,,,,,,,,,Y,4,0,1,2,A,-,12,21453,A,N,D,C,A,A,H,-,C,A,0,,,,,Y,,A,01,0,0,1,0,0,0,0,0,0,"- ","- ",,,"SAN FRANCISCO","SAN FRANCISCO",-122.43168640136719,37.786293029785156
9603817,2023,2023-08-18,3801,2023-07-23,"211 ",2461,MISSI,7,5,7,3801,0,0,0,,0,0D3,"GUERRERO ST","19TH ST",0.00,,Y,A,-,N,,,,,,,,,,Y,4,0,3,3,A,-,12,21453,,N,D,C,A,A,H,-,C,A,0,,,,,Y,,A,01,0,0,3,0,0,0,0,0,0,"- ","- ",,,"SAN FRANCISCO","SAN FRANCISCO",-122.42362976074219,37.759975433349609
9603818,2023,2023-09-28,3801,2023-07-17,1500,624,PARK,1,5,7,3801,0,0,0,,0,001,"MARTIN LUTHER KING JR WY","9TH AV",0.00,,Y,A,-,N,,,,,,,,,,N,4,0,1,2,A,-,10,21950,A,F,G,B,B,A,H,-,A,D,0,Y,,,,Y,,A,07,0,0,1,0,1,0,0,0,0,"- ","- ",,,"SAN FRANCISCO","SAN FRANCISCO",-122.46643829345703,37.766376495361328
9603821,2023,2023-09-12,3801,2023-07-11,1545,1352,MISSI,2,5,7,3801,0,0,0,,0,3D15C,"MARKET ST","VALENCIA ST",0.00,,Y,A,-,N,,,,,,,,,,N,3,0,1,2,A,-,04,21703,,N,A,C,A,A,-,-,A,A,0,,,,,Y,,A,01,0,1,0,0,0,0,0,0,0,"- ","- ",,,"SAN FRANCISCO","SAN FRANCISCO",-122.42262268066406,37.772548675537109
9603823,2023,2023-09-13,3801,2023-07-01,1300,A22051,CENTR,6,5,7,3801,0,0,0,,0,3A14A,"THE EMBARCADERO","THE EMBARCADERO 614",0.00,,N,A,-,N,,,,,,,,,,N,3,0,1,1,A,-,03,22350,,N,E,-,A,A,H,-,A,D,0,,,,,Y,,M,94,0,1,0,0,0,0,0,0,0,"- ","- ",,,"SAN FRANCISCO","SAN FRANCISCO",-122.38925933837891,37.780281066894531
9603825,2023,2023-08-18,3801,2023-07-01,1540,2390,MISSI,6,5,7,3801,0,0,0,,0,3D16D,"SOUTH VAN NESS AVE","18TH ST",0.00,,Y,A,-,N,,,,,,,,,,Y,4,0,1,2,A,-,01,23153,G,N,B,C,A,A,H,-,A,A,0,,,,,Y,,A,01,0,0,1,0,0,0,0,0,0,"- ","- ",,,"SAN FRANCISCO","SAN FRANCISCO",-122.41719818115234,37.761947631835938
9603828,2023,2023-08-18,3801,2023-07-01,1507,2190,INGLE,6,5,7,3801,0,0,0,,0,3H13D,"SAN JOSE AV","RANDALL ST",21.00,S,N,A,-,N,,,,,,,,,,Y,4,0,1,2,A,-,04,21703,,N,C,C,A,A,H,-,A,A,0,,,,,Y,,A,01,0,0,1,0,0,0,0,0,0,"- ","- ",,,"SAN FRANCISCO","SAN FRANCISCO",-122.42427825927734,37.739803314208984
9603831,2023,2023-08-24,3801,2023-07-22,1148,1825,SOUTH,6,5,7,3801,0,0,0,,0,3B12A,"FOLSOM ST","12TH ST",0.00,,Y,A,-,N,,,,,,,,,,N,4,0,2,3,A,-,12,21453,A,N,D,C,A,A,H,-,A,A,0,,,,,Y,,A,01,0,0,2,0,0,0,0,0,0,"- ","- ",,,"SAN FRANCISCO","SAN FRANCISCO",-122.41500091552734,37.770904541015625
9603833,2023,2023-08-17,3801,2023-07-17,1717,893,INGLE,1,5,7,3801,0,0,0,,0,3H13D,"ALEMANY BLVD","NAGLEE AVE",0.00,,Y,A,-,N,,,,,,,,,,,4,0,1,2,A,-,04,21703,,N,C,D,A,A,H,-,A,A,0,,,,,Y,,A,01,0,0,1,0,0,0,0,0,0,"- ","- ",,,"SAN FRANCISCO","SAN FRANCISCO",-122.44901275634766,37.713943481445312
9603840,2023,2023-08-17,3801,2023-07-15,1015,397,CENTR,6,5,7,3801,0,0,0,,0,3A11C,"COLUMBUS AV","VALLEJO ST",133.00,S,N,A,-,N,,,,,,,,,,N,4,0,1,2,A,-,09,21801,A,N,B,C,A,A,H,-,A,A,0,,,,,Y,,A,01,0,0,1,0,0,0,0,0,0,"- ","- ",,,"SAN FRANCISCO","SAN FRANCISCO",-122.40753936767578,37.798480987548828
9604401,2023,2023-08-14,3801,2023-07-18,1130,1364,NORTH,2,5,7,3801,0,0,0,,0,3E14A,"GOUGH ST",CLAY,0.00,,Y,A,-,N,,,,,,,,,,N,4,0,1,2,A,-,04,21703,,N,C,C,A,A,H,-,A,D,0,,,,,Y,,A,01,0,0,1,0,0,0,0,0,0,"- ","- ",,,"SAN FRANCISCO","SAN FRANCISCO",-122.42597961425781,37.791774749755859
9604420,2023,2023-08-16,3801,2023-07-03,"634 ",4286,RICH,1,5,7,3801,0,0,0,,0,0G3,"GEARY BL","6TH AV",60.00,W,N,B,-,N,,,,,,,,,,Y,4,0,1,3,A,-,03,22350,,N,C,C,A,A,H,-,A,A,0,,,,,Y,,A,01,0,0,1,0,0,0,0,0,0,"- ","- ",,,"SAN FRANCISCO","SAN FRANCISCO",-122.46450042724609,37.781078338623047
9604457,2023,2023-08-11,3801,2023-06-21,1711,4375,TRAFF,3,5,7,3801,0,0,0,,0,4B1F,"22ND ST","VALENCIA ST",0.00,,Y,A,-,N,,,,,,,,,,Y,2,0,5,5,A,-,00,21056,,N,D,C,F,A,H,-,A,A,0,Y,,Y,,Y,,J,48,1,2,2,0,2,0,0,0,1,"- ","- ",,,"SAN FRANCISCO","SAN FRANCISCO",-122.42096710205078,37.755306243896484
9605309,2023,2024-01-19,3801,2023-11-29,1343,282,TARAV,3,5,7,3801,0,0,0,,0,3I5B,"LINCOLN WY","11TH AV",0.00,,Y,A,-,N,,,,,,,,,,Y,4,0,2,6,A,-,04,21703,,N,H,C,A,A,H,-,A,D,0,,,,,Y,,D,22,0,0,2,0,0,0,0,0,0,"- ","- ",,,"SAN FRANCISCO","SAN FRANCISCO",-122.46858215332031,37.765827178955078
9605313,2023,2024-01-19,3801,2023-11-30,"711 ",750,TENDE,4,5,7,3801,0,0,0,,0,3J11A,"MARKET ST","7TH ST",0.00,,Y,A,-,N,,,,,,,,,,N,3,0,1,1,A,-,"- ",,,N,H,J,A,A,A,-,A,A,0,,Y,,,Y,,L,04,0,1,0,0,0,0,1,0,0,"- ","- ",,,"SAN FRANCISCO","SAN FRANCISCO",-122.41251373291016,37.780479431152344
9606346,2023,2023-08-15,3801,2023-05-25,1422,2727,INGLE,4,5,7,3801,0,0,0,,0,3H14D,"CESAR CHAVEZ ST","BRYANT ST",0.00,,Y,F,-,N,,,,,,,,,,N,4,0,1,3,A,-,03,22350,,N,C,C,A,-,G,-,A,A,0,,,,,Y,,D,22,0,0,1,0,0,0,0,0,0,"- ","- ",,,"SAN FRANCISCO","SAN FRANCISCO",-122.40872192382812,37.748401641845703
9606347,2023,2023-08-15,3801,2023-05-10,1157,1396,SOUTH,3,5,7,3801,0,0,0,,0,3B13A,"FOLSOM ST","8TH ST",0.00,,Y,A,-,N,,,,,,,,,,N,3,0,1,2,A,-,03,22350,,N,H,A,A,A,H,-,A,A,0,,Y,Y,,Y,,C,02,0,1,0,0,0,0,0,0,1,"- ","- ",,,"SAN FRANCISCO","SAN FRANCISCO",-122.41004943847656,37.774990081787109
9606961,2023,2023-10-04,3801,2023-07-25,"810 ",156,,2,5,7,3801,0,0,0,,0,3C2A,"BAYSHORE BL","MAIN ST",0.00,,Y,A,-,N,,,,,,,,,,N,4,0,1,2,A,-,03,22350,,N,D,C,A,A,H,-,A,D,0,,,,,Y,,A,01,0,0,1,0,0,0,0,0,0,"- ","- ",,,"SAN FRANCISCO","SAN FRANCISCO",-122.40837860107422,37.700199127197266
9607145,2023,2023-10-02,3801,2023-08-02,"729 ",917,TRAFF,3,5,7,3801,0,0,0,,0,4B2E,"BAKER ST","FULTON ST",0.00,,Y,B,-,N,,,,,,,,,,Y,3,0,2,3,A,-,12,21453,A,F,D,C,A,B,H,-,A,A,0,,,,,Y,,A,01,0,2,0,0,0,0,0,0,0,"- ","- ",,,"SAN FRANCISCO","SAN FRANCISCO",-122.44149017333984,37.77642822265625
9608217,2023,2023-08-16,3801,2023-06-29,2120,1123,SOUTH,4,5,7,3801,0,0,0,,0,3B15E,"5TH ST","HARRISON ST",0.00,,Y,A,-,N,,,,,,,,,,N,3,0,1,2,A,-,11,21453,D,N,G,B,B,A,-,-,C,A,0,Y,,,,Y,,N,60,0,1,0,0,1,0,0,0,0,"- ","- ",,,"SAN FRANCISCO","SAN FRANCISCO",-122.40187072753906,37.779056549072266
9608459,2023,2023-08-15,3801,2023-07-17,2309,1709,PARK,1,5,7,3801,0,0,0,,0,003,"FULTON ST","BRODERICK ST",0.00,,Y,A,-,N,,,,,,,,,,N,4,0,1,2,A,-,12,21453,A,N,D,C,A,A,H,-,C,A,0,,,,,Y,,-,,0,0,1,0,0,0,0,0,0,"- ","- ",,,"SAN FRANCISCO","SAN FRANCISCO",-122.43984222412109,37.776634216308594
9608463,2023,2023-08-21,3801,2023-07-15,1720,2017,MISSI,6,5,7,3801,0,0,0,,0,3D11D,"FOLSOM ST","16TH ST",0.00,,Y,A,-,N,,,,,,,,,,Y,2,0,2,2,A,-,08,22107,,N,A,D,A,A,H,-,A,A,0,,,,,Y,,A,01,1,1,0,0,0,0,0,0,0,"- ","- ",,,"SAN FRANCISCO","SAN FRANCISCO",-122.41529846191406,37.765312194824219
9610658,2023,2023-09-08,3801,2023-08-05,1941,1414,MISSI,6,5,7,3801,0,0,0,,0,3D16D,"MISSION ST","18TH ST",160.00,N,N,A,-,N,,,,,,,,,,N,4,0,1,2,A,-,08,22107,,N,D,C,A,A,H,-,A,D,0,,,,,Y,,A,01,0,0,1,0,0,0,0,0,0,"- ","- ",,,"SAN FRANCISCO","SAN FRANCISCO",-122.41941833496094,37.762279510498047
9610659,2023,2023-09-08,3801,2023-08-04,"744 ",2392,MISSI,5,5,7,3801,0,0,0,,0,03D,"MARKET ST","CHURCH ST",0.00,,Y,B,-,N,,,,,,,,,,N,4,0,1,2,A,-,21,22106,,N,C,C,A,A,H,-,A,A,0,,,,,Y,,A,01,0,0,1,0,0,0,0,0,0,"- ","- ",,,"SAN FRANCISCO","SAN FRANCISCO",-122.42893981933594,37.767608642578125
9610661,2023,2023-09-21,3801,2023-08-30,"30  ",2457,SOUTH,3,5,7,3801,0,0,0,,0,3B11E,"HOWARD ST","HAWTHORNE ST",0.00,,Y,A,-,N,,,,,,,,,,N,3,0,1,2,A,-,03,22350,,N,E,E,A,A,H,-,C,D,0,,Y,,,Y,,L,04,0,1,0,0,0,0,1,0,0,"- ","- ",,,"SAN FRANCISCO","SAN FRANCISCO",-122.39937591552734,37.785888671875
9610665,2023,2023-09-14,3801,2023-08-01,"650 ",1364,NORTH,2,5,7,3801,0,0,0,,0,3E11A,"FELL ST","GOUGH ST",20.00,E,N,A,-,N,,,,,,,,,,N,4,0,1,2,A,-,04,21703,,N,C,C,A,A,H,-,A,D,0,,,,,Y,,A,01,0,0,1,0,0,0,0,0,0,"- ","- ",,,"SAN FRANCISCO","SAN FRANCISCO",-122.42271423339844,37.775951385498047
9610667,2023,2023-09-14,3801,2023-08-01,2055,1183,NORTH,2,5,7,3801,0,0,0,,0,3E12E,"OCTAVIA ST","MARKET ST",0.00,,Y,B,-,N,,,,,,,,,,N,4,0,1,2,A,-,00,2800,A,F,G,B,E,A,G,-,C,A,0,Y,,,,Y,,A,01,0,0,1,0,1,0,0,0,0,"- ","- ",,,"SAN FRANCISCO","SAN FRANCISCO",-122.42359161376953,37.771774291992188
9610673,2023,2023-09-14,3801,2023-08-05,1540,LARA,NORTH,6,5,7,3801,0,0,0,,0,002,"GEARY BL","LAGUNA ST",198.00,W,N,A,-,N,,,,,,,,,,N,4,0,1,3,A,-,04,21703,,N,C,C,A,A,H,-,A,A,0,,,,,Y,,A,07,0,0,1,0,0,0,0,0,0,"- ","- ",,,"SAN FRANCISCO","SAN FRANCISCO",-122.42867279052734,37.784950256347656