CASE_ID,ACCIDENT_YEAR,PROC_DATE,JURIS,COLLISION_DATE,COLLISION_TIME,OFFICER_ID,REPORTING_DISTRICT,DAY_OF_WEEK,CHP_SHIFT,POPULATION,CNTY_CITY_LOC,SPECIAL_COND,BEAT_TYPE,CHP_BEAT_TYPE,CITY_DIVISION_LAPD,CHP_BEAT_CLASS,BEAT_NUMBER,PRIMARY_RD,SECONDARY_RD,DISTANCE,DIRECTION,INTERSECTION,WEATHER_1,WEATHER_2,STATE_HWY_IND,CALTRANS_COUNTY,CALTRANS_DISTRICT,STATE_ROUTE,ROUTE_SUFFIX,POSTMILE_PREFIX,POSTMILE,LOCATION_TYPE,RAMP_INTERSECTION,SIDE_OF_HWY,TOW_AWAY,COLLISION_SEVERITY,NUMBER_KILLED,NUMBER_INJURED,PARTY_COUNT,PRIMARY_COLL_FACTOR,PCF_CODE_OF_VIOL,PCF_VIOL_CATEGORY,PCF_VIOLATION,PCF_VIOL_SUBSECTION,HIT_AND_RUN,TYPE_OF_COLLISION,MVIW,PED_ACTION,ROAD_SURFACE,ROAD_COND_1,ROAD_COND_2,LIGHTING,CONTROL_DEVICE,CHP_ROAD_TYPE,PEDESTRIAN_ACCIDENT,BICYCLE_ACCIDENT,MOTORCYCLE_ACCIDENT,TRUCK_ACCIDENT,NOT_PRIVATE_PROPERTY,ALCOHOL_INVOLVED,STWD_VEHTYPE_AT_FAULT,CHP_VEHTYPE_AT_FAULT,COUNT_SEVERE_INJ,COUNT_VISIBLE_INJ,COUNT_COMPLAINT_PAIN,COUNT_PED_KILLED,COUNT_PED_INJURED,COUNT_BICYCLIST_KILLED,COUNT_BICYCLIST_INJURED,COUNT_MC_KILLED,COUNT_MC_INJURED,PRIMARY_RAMP,SECONDARY_RAMP,LATITUDE,LONGITUDE,COUNTY,CITY,POINT_X,POINT_Y
9610676,2023,2023-09-14,3801,2023-08-04,1641,2017,MISSI,5,5,7,3801,0,0,0,,0,3D11D,"SOUTH VAN NESS AV","18TH ST",25.00,S,N,A,-,N,,,,,,,,,,N,2,0,1,2,A,-,10,21950,,N,G,B,D,A,H,-,A,A,0,Y,,,,Y,,A,01,1,0,0,0,1,0,0,0,0,"- ","- ",,,"SAN FRANCISCO","SAN FRANCISCO",-122.41719055175781,37.761882781982422
9610681,2023,2023-09-11,3801,2023-08-03,1845,1544,CENTR,4,5,7,3801,0,0,0,,0,3A14D,EMBARCADERO,"LOMBARD ST",0.00,,Y,A,-,N,,,,,,,,,,N,4,0,1,3,A,-,03,22350,,N,C,C,A,A,H,-,A,D,0,,,,,Y,,A,01,0,0,1,0,0,0,0,0,0,"- ","- ",,,"SAN FRANCISCO","SAN FRANCISCO",-122.40220642089844,37.804168701171875
9610711,2023,2023-09-14,3801,2023-07-29,1824,2118,SOUTH,6,5,7,3801,0,0,0,,0,3B12D,"GALLAGHER LN","CLEMENTINA ST",20.00,N,N,A,-,N,,,,,,,,,,N,4,0,1,2,A,-,03,22350,,N,C,C,A,A,H,-,A,D,0,,,,,Y,,A,01,0,0,1,0,0,0,0,0,0,"- ","- ",,,"SAN FRANCISCO","SAN FRANCISCO",-122.40290069580078,37.781597137451172
9610775,2023,2023-09-14,3801,2023-08-02,2247,4046,INGLE,3,5,7,3801,0,0,0,,0,3H15E,"MISSION ST","ITALY AV",17.00,S,N,A,-,N,,,,,,,,,,Y,4,0,2,2,A,-,03,22350,,N,C,C,A,A,H,-,C,A,0,,,,,Y,,A,01,0,0,2,0,0,0,0,0,0,"- ","- ",,,"SAN FRANCISCO","SAN FRANCISCO",-122.43955993652344,37.718429565429688
9614648,2023,2023-10-18,3801,2023-09-01,1415,746,INGLE,5,5,7,3801,0,0,0,,0,3H4C,"MISSION ST","SANTA ROSA AV",0.00,,Y,A,-,N,,,,,,,,,,N,3,0,2,3,A,-,10,21950,A,N,-,B,B,A,H,-,A,A,0,Y,,,,Y,,I,09,0,1,1,0,2,0,0,0,0,"- ","- ",37.725830078125,-122.4339599609375,"SAN FRANCISCO","SAN FRANCISCO",-122.43401336669922,37.725757598876953
9614688,2023,2023-11-04,3801,2023-09-08,1516,1845,TARAV,5,5,7,3801,0,0,0,,0,3I11D,"SUNSET BL","JUDAH ST",0.00,,Y,A,-,N,,,,,,,,,,N,3,0,1,2,A,-,11,21456,,M,G,B,B,A,H,-,A,A,0,Y,,,,Y,,N,60,0,1,0,0,1,0,0,0,0,"- ","- ",,,"SAN FRANCISCO","SAN FRANCISCO",-122.49583435058594,37.760860443115234
9615519,2023,2023-09-12,3801,2023-08-15,1413,1435,TRAFF,2,5,7,3801,0,0,0,,0,4B4C,"6TH ST","BRANNAN ST",137.00,N,N,A,-,N,,,,,,,,,,Y,4,0,4,4,A,-,04,21703,,N,C,C,A,A,H,-,A,A,0,,,,,Y,,A,01,0,0,4,0,0,0,0,0,0,"- ","- ",,,"SAN FRANCISCO","SAN FRANCISCO",-122.40129089355469,37.775100708007812
9616996,2023,2023-10-13,3801,2023-09-17,1637,1666,PARK,7,5,7,3801,0,0,0,,0,4CAR,"CASTRO ST","15T ST",0.00,,Y,A,-,N,,,,,,,,,,N,3,0,1,2,A,-,08,22107,,N,B,G,A,A,-,-,A,A,0,,Y,,,Y,,L,04,0,1,0,0,0,0,1,0,0,"- ","- ",,,"SAN FRANCISCO","SAN FRANCISCO",,
9617145,2023,2023-10-23,3801,2023-06-21,1233,1237,CENTR,3,5,7,3801,0,0,0,,0,3A57,"BATTERY ST","WASHINGTON ST",0.00,,Y,A,-,N,,,,,,,,,,N,4,0,1,3,A,-,04,21703,,N,C,C,A,A,H,-,A,D,0,,,,,Y,,A,01,0,0,1,0,0,0,0,0,0,"- ","- ",,,"SAN FRANCISCO","SAN FRANCISCO",-122.40049743652344,37.795886993408203
9617490,2023,2023-09-08,3801,2023-07-24,1052,283,MISS,1,5,7,3801,0,0,0,,0,0J3,"MARKET ST","CHARLES J BRENHAM",252.00,W,N,A,-,N,,,,,,,,,,N,4,0,1,2,A,-,10,21952,,N,G,B,F,A,H,-,A,A,0,Y,,,,Y,,J,48,0,0,1,0,1,0,0,0,0,"- ","- ",,,"SAN FRANCISCO","SAN FRANCISCO",-122.41313171386719,37.779991149902344
9617491,2023,2023-09-08,3801,2023-08-21,"840 ",4333,NORTH,1,5,7,3801,0,0,0,,0,3E15A,"MARINA BL","DIVISADERO ST",0.00,,Y,A,-,N,,,,,,,,,,Y,4,0,1,2,A,-,12,22450,,N,D,C,A,A,H,-,A,A,0,,,,,Y,,J,48,0,0,1,0,0,0,0,0,0,"- ","- ",,,"SAN FRANCISCO","SAN FRANCISCO",-122.44400024414062,37.805587768554688
9617852,2023,2023-10-12,3801,2023-09-08,"120 ",1463,SOUTH,5,5,7,3801,0,0,0,,0,0B2,"HARRISON ST","6TH ST",0.00,,Y,A,-,N,,,,,,,,,,N,3,0,1,2,A,-,08,22107,,N,B,C,A,A,H,-,C,A,0,,,Y,,Y,,J,43,0,1,0,0,0,0,0,0,1,"- ","- ",,,"SAN FRANCISCO","SAN FRANCISCO",-122.40408325195312,37.777309417724609
9624409,2023,2023-09-12,3801,2023-08-29,1535,1857,SOUTH,2,5,7,3801,0,0,0,,0,3B60,"HARRISON ST","4TH ST",0.00,,Y,A,-,N,,,,,,,,,,N,4,0,1,3,A,-,07,21658,A,N,B,C,A,A,H,-,A,A,0,,,,,Y,,A,01,0,0,1,0,0,0,0,0,0,"- ","- ",,,"SAN FRANCISCO","SAN FRANCISCO",-122.39962768554688,37.780776977539062
9624417,2023,2023-09-12,3801,2023-08-10,1541,2118,SOUTH,4,5,7,3801,0,0,0,,0,3B12D,"MISSION ST","13TH ST",50.00,N,N,A,-,N,,,,,,,,,,N,4,0,1,2,A,-,04,21703,,N,C,C,A,A,H,-,A,D,0,,,,,Y,,-,,0,0,1,0,0,0,0,0,0,"- ","- ",,,"SAN FRANCISCO","SAN FRANCISCO",-122.41989898681641,37.770114898681641
9625581,2023,2023-10-11,3801,2023-09-16,2354,460,INGLE,6,5,7,3801,0,0,0,,0,3H13E,"JUDSON AV","FOERSTER ST",387.00,W,N,A,-,N,,,,,,,,,,N,3,0,1,2,A,-,03,22350,,F,C,G,A,A,H,-,C,D,0,,Y,,,Y,Y,-,99,0,1,0,0,0,0,1,0,0,"- ","- ",,,"SAN FRANCISCO","SAN FRANCISCO",-122.4501953125,37.728359222412109
9625583,2023,2023-10-11,3801,2023-09-16,1241,2348,INGLE,6,5,7,3801,0,0,0,,0,3H15A,"MISSION ST","GENEVA AV",0.00,,Y,A,-,N,,,,,,,,,,Y,4,0,1,2,A,-,09,21801,A,N,D,C,A,A,H,-,A,A,0,,,,,Y,,A,01,0,0,1,0,0,0,0,0,0,"- ","- ",,,"SAN FRANCISCO","SAN FRANCISCO",-122.44100189208984,37.716388702392578
9626061,2023,2023-10-11,3801,2023-09-05,1300,1474,RICHM,2,5,7,3801,0,0,0,,0,901,"GEARY ST","16TH AV",0.00,,Y,A,-,N,,,,,,,,,,Y,4,0,1,2,A,-,12,21453,A,N,D,C,A,A,H,-,A,A,0,,,,,Y,,A,07,0,0,1,0,0,0,0,0,0,"- ","- ",,,"SAN FRANCISCO","SAN FRANCISCO",-122.47511291503906,37.78057861328125
9626062,2023,2023-10-11,3801,2023-09-08,1229,1250,SOUTH,5,5,7,3801,0,0,0,,0,3B14A,"HOWARD ST","11TH ST",0.00,,Y,A,-,N,,,,,,,,,,N,4,0,1,2,A,-,10,21950,A,N,G,B,B,A,H,-,A,A,0,Y,,,,Y,,A,01,0,0,1,0,1,0,0,0,0,"- ","- ",,,"SAN FRANCISCO","SAN FRANCISCO",-122.41557312011719,37.773117065429688
9626063,2023,2023-10-11,3801,2023-09-08,"336 ",1350,BAYVI,5,5,7,3801,0,0,0,,0,3C13E,"FAIRFAX AV","KEITH ST",163.00,E,N,A,-,N,,,,,,,,,,N,4,0,1,2,A,-,05,21650,,F,A,G,A,A,H,-,C,A,0,,Y,,,Y,,L,04,0,0,1,0,0,0,1,0,0,"- ","- ",,,"SAN FRANCISCO","SAN FRANCISCO",-122.381103515625,37.737846374511719
9626064,2023,2023-10-11,3801,2023-09-06,2219,2140,MISSI,3,5,7,3801,0,0,0,,0,3D11E,"DUBOCE AV","VALENCIA ST",0.00,,Y,A,-,N,,,,,,,,,,N,2,0,1,2,A,-,12,21453,A,F,A,G,A,A,H,-,C,A,0,,Y,,,Y,,A,01,1,0,0,0,0,0,1,0,0,"- ","- ",,,"SAN FRANCISCO","SAN FRANCISCO",-122.42236328125,37.769866943359375
9626075,2023,2023-10-11,3801,2023-09-11,2114,1857,SOUTH,1,5,7,3801,0,0,0,,0,3B60,"HARRISON ST","4TH ST",0.00,,Y,A,-,N,,,,,,,,,,N,4,0,1,2,D,-,00,,,N,G,C,A,A,H,-,C,A,0,,,,,Y,,-,"- ",0,0,1,0,0,0,0,0,0,"- ","- ",,,"SAN FRANCISCO","SAN FRANCISCO",-122.39962768554688,37.780776977539062
9626172,2023,2023-10-11,3801,2023-09-16,2133,1857,SOUTH,6,5,7,3801,0,0,0,,0,3B60,"EDDY ST","LEAVENWORTH ST",0.00,,Y,A,-,N,,,,,,,,,,N,4,0,1,2,A,-,10,21950,A,F,G,B,B,A,H,-,C,A,0,Y,,,,Y,Y,A,01,0,0,1,0,1,0,0,0,0,"- ","- ",,,"SAN FRANCISCO","SAN FRANCISCO",-122.41423797607422,37.783729553222656
9626174,2023,2023-10-11,3801,2023-09-16,"946 ",1952,TENDE,6,5,7,3801,0,0,0,,0,902,"MARKET ST","7TH ST",0.00,,Y,B,-,N,,,,,,,,,,N,3,0,2,2,A,-,12,21453,A,N,D,G,A,A,H,-,A,A,0,,Y,,,Y,,M,94,0,2,0,0,0,0,1,0,0,"- ","- ",,,"SAN FRANCISCO","SAN FRANCISCO",-122.41251373291016,37.780479431152344
9626176,2023,2023-10-11,3801,2023-09-16,1447,1352,MISSI,6,5,7,3801,0,0,0,,0,3D16C,"CESAR CHAVEZ ST","BRYANT ST",0.00,,Y,A,B,N,,,,,,,,,,Y,4,0,1,3,A,-,03,22350,,N,C,C,A,A,H,-,A,A,0,,,,,Y,,A,01,0,0,1,0,0,0,0,0,0,"- ","- ",,,"SAN FRANCISCO","SAN FRANCISCO",-122.40872192382812,37.748401641845703
9626178,2023,2023-10-11,3801,2023-09-18,1615,1937,PARK,1,5,7,3801,0,0,0,,0,3F13C,"MASONIC AV","FULTON ST",0.00,,Y,A,-,N,,,,,,,,,,N,4,0,1,2,A,-,03,22350,,N,H,G,A,A,H,-,A,A,0,,Y,,,Y,,L,04,0,0,1,0,0,0,1,0,0,"- ","- ",,,"SAN FRANCISCO","SAN FRANCISCO",-122.44647216796875,37.775791168212891
9626179,2023,2023-10-16,3801,2023-09-18,1304,1068,SOUTH,1,5,7,3801,0,0,0,,0,3B14A,"8TH ST","NATOMA ST",0.00,,Y,A,-,N,,,,,,,,,,N,4,0,1,2,A,-,12,21453,A,N,D,D,A,A,H,-,A,A,0,,,,,Y,,A,01,0,0,1,0,0,0,0,0,0,"- ","- ",,,"SAN FRANCISCO","SAN FRANCISCO",-122.41213226318359,37.776664733886719
9626185,2023,2023-10-11,3801,2023-09-12,1537,1414,MISSO,2,5,7,3801,0,0,0,,0,3D16D,"CESAR CHAVEZ ST","HAMSHIRE ST",230.00,E,N,A,-,N,,,,,,,,,,N,3,0,1,2,A,-,06,21755,A,N,B,C,A,A,D,-,A,D,0,,,Y,,Y,,C,02,0,1,0,0,0,0,0,0,1,"- ","- ",,,"SAN FRANCISCO","SAN FRANCISCO",-122.40599060058594,37.748935699462891
9626187,2023,2023-10-11,3801,2023-09-12,1429,364,SOUTH,2,5,7,3801,0,0,0,,0,3B16D,"MISSION ST","MISSION ST 1066",0.00,,Y,A,-,N,,,,,,,,,,N,4,0,1,2,-,-,"- ",,,N,B,G,A,A,H,-,A,D,0,,Y,Y,,Y,,-,"- ",0,0,1,0,0,0,1,0,0,"- ","- ",,,"SAN FRANCISCO","SAN FRANCISCO",-122.41979217529297,37.7705078125
9626191,2023,2023-10-11,3801,2023-09-11,1511,4041,TARAV,1,5,7,3801,0,0,0,,0,3I13D,"PACHECO ST","42ND AV",0.00,,Y,A,-,N,,,,,,,,,,N,3,0,1,2,A,-,09,21801,A,N,D,C,A,A,H,-,A,D,0,,,Y,,Y,,A,01,0,1,0,0,0,0,0,0,1,"- ","- ",,,"SAN FRANCISCO","SAN FRANCISCO",-122.50086975097656,37.749420166015625
9626193,2023,2023-10-11,3801,2023-09-08,1748,1330,INGLE,5,5,7,3801,0,0,0,,0,3H12D,"ALEMANY BL","CONGDON ST",0.00,,Y,B,-,N,,,,,,,,,,N,4,0,1,2,A,-,05,21752,D,F,B,C,A,A,H,-,A,A,0,,,,,Y,,-,"- ",0,0,1,0,0,0,0,0,0,"- ","- ",,,"SAN FRANCISCO","SAN FRANCISCO",-122.42619323730469,37.731166839599609
9626202,2023,2023-10-13,3801,2023-09-20,1820,203,MISSI,3,5,7,3801,0,0,0,,0,3D15D,"VALENCIA ST","DUBOCE ST",0.00,,Y,A,-,N,,,,,,,,,,N,3,0,2,2,A,-,12,21453,A,N,D,G,A,A,H,-,A,A,0,,Y,Y,,Y,,C,02,0,2,0,0,0,0,1,0,1,"- ","- ",,,"SAN FRANCISCO","SAN FRANCISCO",-122.42236328125,37.769866943359375
9626206,2023,2023-10-20,3801,2023-09-18,1745,1810,MISSI,1,5,7,3801,0,0,0,,0,3D13D,"17TH ST","DOUGLAS ST",0.00,,Y,A,-,N,,,,,,,,,,N,4,0,1,1,-,-,"- ",,,N,H,A,A,A,H,-,A,-,0,,Y,,,Y,,-,"- ",0,0,1,0,0,0,1,0,0,"- ","- ",,,"SAN FRANCISCO","SAN FRANCISCO",-122.43949127197266,37.762218475341797
9626211,2023,2023-10-12,3801,2023-09-21,1112,2495,BAYVI,4,5,7,3801,0,0,0,,0,3C15A,"CARROLL AV","GIANTS DR",753.00,W,N,A,-,N,,,,,,,,,,N,4,0,2,2,A,-,05,21651,B,N,A,C,A,A,H,-,A,A,0,,,,,Y,,A,01,0,0,2,0,0,0,0,0,0,"- ","- ",,,"SAN FRANCISCO","SAN FRANCISCO",-122.38712310791016,37.721458435058594
9626212,2023,2023-10-12,3801,2023-09-21,"649 ",2196,MISSI,4,5,7,3801,0,0,0,,0,3D1A,"17TH ST","CHURCH ST",68.00,W,N,A,-,N,,,,,,,,,,N,3,0,1,1,A,-,03,22350,,N,H,-,A,A,C,-,B,D,0,,Y,,,Y,Y,L,04,0,1,0,0,0,0,1,0,0,"- ","- ",,,"SAN FRANCISCO","SAN FRANCISCO",-122.42874145507812,37.762866973876953
9626214,2023,2023-10-26,3801,2023-09-20,1911,1707,NORTH,3,5,7,3801,0,0,0,,0,3E16D,"PINE ST","FRANKLIN ST",135.00,W,N,A,-,N,,,,,,,,,,N,4,0,1,2,A,-,21,22106,,N,D,C,A,A,H,-,C,D,0,,,Y,,Y,,A,01,0,0,1,0,0,0,0,0,1,"- ","- ",,,"SAN FRANCISCO","SAN FRANCISCO",-122.42424011230469,37.789154052734375
9626216,2023,2023-10-13,3801,2023-09-17,2030,2398,NORTH,7,5,7,3801,0,0,0,,0,02E,"GOUGH ST","TURK ST",0.00,,Y,A,-,N,,,,,,,,,,N,2,0,1,2,A,-,12,21453,A,N,D,G,A,A,H,-,C,A,0,,Y,,,Y,,L,04,1,0,0,0,0,0,1,0,0,"- ","- ",,,"SAN FRANCISCO","SAN FRANCISCO",-122.42391967773438,37.781532287597656
9626218,2023,2023-10-13,3801,2023-09-10,1005,1796,RICHM,7,5,7,3801,0,0,0,,0,,"JOHN F KENNEDY DR","MARX MEADOWS",0.00,,Y,A,-,N,,,,,,,,,,N,2,0,2,2,A,-,11,21955,,N,G,B,D,A,H,-,A,D,0,Y,Y,,,Y,,N,60,1,0,1,0,1,0,1,0,0,"- ","- ",,,"SAN FRANCISCO","SAN FRANCISCO",,
9626227,2023,2023-10-11,3801,2023-09-02,"200 ",1660,SOUTH,6,5,7,3801,0,0,0,,0,3B13E,"16TH ST","DE HARO ST",0.00,,Y,A,-,N,,,,,,,,,,Y,4,0,2,2,A,-,12,21453,A,N,D,C,A,A,H,-,C,A,0,,,,,Y,,A,01,0,0,2,0,0,0,0,0,0,"- ","- ",,,"SAN FRANCISCO","SAN FRANCISCO",-122.40169525146484,37.766151428222656
9626228,2023,2023-10-12,3801,2023-09-27,1817,537,PARK,3,5,7,3801,0,0,0,,0,3F14D,"BAKER ST","BWTN OAK ST AND PAGE ST",0.00,,N,A,-,N,,,,,,,,,,Y,4,0,1,2,A,-,06,21750,,N,B,C,A,A,H,-,A,D,0,,,Y,,Y,,C,02,0,0,1,0,0,0,0,0,1,"- ","- ",,,"SAN FRANCISCO","SAN FRANCISCO",-122.42025756835938,37.774505615234375
9626235,2023,2023-10-12,3801,2023-09-23,1450,2147,NORTH,6,5,7,3801,0,0,0,,0,6CAR,"WASHINGTON ST","GOUGH ST",75.00,W,N,A,-,N,,,,,,,,,,Y,3,0,1,2,A,-,03,22350,,N,D,C,A,A,H,-,A,A,0,,,Y,,Y,,C,02,0,1,0,0,0,0,0,0,1,"- ","- ",,,"SAN FRANCISCO","SAN FRANCISCO",-122.42638397216797,37.792617797851562
9626246,2023,2023-10-23,3801,2023-09-03,1808,445,INGLE,7,5,7,3801,0,0,0,,0,,"SILVER AV","MADRID ST",0.00,,Y,A,-,N,,,,,,,,,,Y,4,0,2,2,A,-,08,22107,,N,D,C,A,A,H,-,A,-,0,,,,,Y,,A,01,0,0,2,0,0,0,0,0,0,"- ","- ",,,"SAN FRANCISCO","SAN FRANCISCO",-122.42758941650391,37.728557586669922
9626250,2023,2023-10-11,3801,2023-09-02,1038,1951,SOUTH,6,5,7,3801,0,0,0,,0,0B2,"3RD ST","BRYANT ST",0.00,,Y,A,-,N,,,,,,,,,,Y,4,0,2,4,A,-,12,21453,A,N,D,C,A,A,H,-,A,A,0,,,,,Y,,A,01,0,0,2,0,0,0,0,0,0,"- ","- ",,,"SAN FRANCISCO","SAN FRANCISCO",-122.39585113525391,37.781307220458984
9626251,2023,2023-10-23,3801,2023-09-02,"129 ",4046,INGLE,6,5,7,3801,0,0,0,,0,3H13E,"MISSION ST","RICHLAND AV",0.00,,Y,A,-,N,,,,,,,,,,Y,4,0,2,2,A,-,12,21453,A,N,D,D,A,A,H,-,C,A,0,,,,,Y,,A,07,0,0,2,0,0,0,0,0,0,"- ","- ",,,"SAN FRANCISCO","SAN FRANCISCO",-122.42449188232422,37.735939025878906
9626252,2023,2023-10-11,3801,2023-09-02,2321,308,RICHM,6,5,7,3801,0,0,0,,0,3G15E,"PARK PRESIDIO BL","CLEMENT ST",0.00,,Y,A,-,N,,,,,,,,,,Y,3,0,1,2,A,-,08,22107,,F,B,C,A,A,H,-,C,A,0,,,,,Y,,A,01,0,1,0,0,0,0,0,0,0,"- ","- ",,,"SAN FRANCISCO","SAN FRANCISCO",-122.47246551513672,37.782577514648438
9626253,2023,2023-10-23,3801,2023-09-02,1600,364,SOUTH,6,5,7,3801,0,0,0,,0,3B12D,"5TH ST","CLARA ST",0.00,,N,A,-,N,,,,,,,,,,N,2,0,1,1,A,-,"- ",,,N,E,I,A,A,H,-,A,D,0,,,,,Y,,M,94,1,0,0,0,0,0,0,0,0,"- ","- ",,,"SAN FRANCISCO","SAN FRANCISCO",-122.40238189697266,37.779453277587891
9626254,2023,2023-10-11,3801,2023-09-02,"931 ",1371,NORTH,6,5,7,3801,0,0,0,,0,002,"TURK ST","WEBSTER ST",0.00,,Y,A,-,N,,,,,,,,,,N,4,0,1,2,A,-,12,21453,,N,D,C,A,A,H,-,A,A,0,,,,,Y,,A,01,0,0,1,0,0,0,0,0,0,"- ","- ",,,"SAN FRANCISCO","SAN FRANCISCO",-122.43048858642578,37.780685424804688
9626259,2023,2023-10-11,3801,2023-09-06,2246,2175,BAYVI,3,5,7,3801,0,0,0,,0,3C12E,"BAYSHORE BL","FLOWER ST",0.00,,Y,A,-,N,,,,,,,,,,N,3,0,1,2,C,-,18,,,F,G,B,D,A,H,-,C,A,0,Y,,,,Y,,-,"- ",0,1,0,0,1,0,0,0,0,"- ","- ",,,"SAN FRANCISCO","SAN FRANCISCO",-122.40565490722656,37.742500305175781
9626262,2023,2023-10-16,3801,2023-09-04,2005,1057,SOUTH,1,5,7,3801,0,0,0,,0,3B13D,"BRYANT ST","8TH ST",0.00,,Y,A,-,N,,,,,,,,,,Y,4,0,2,2,A,-,08,22107,,N,C,D,A,A,H,-,C,A,0,,,,,Y,Y,A,01,0,0,2,0,0,0,0,0,0,"- ","- ",,,"SAN FRANCISCO","SAN FRANCISCO",-122.406982421875,37.772514343261719
9626266,2023,2023-10-16,3801,2023-09-02,2223,1427,TENDE,6,5,7,3801,0,0,0,,0,3J1D,"MCALLISTER ST","BREEN ALLEY",0.00,,Y,A,-,N,,,,,,,,,,Y,4,0,1,2,A,-,08,22107,,N,C,E,A,A,H,-,C,D,0,,,,,Y,,A,01,0,0,1,0,0,0,0,0,0,"- ","- ",,,"SAN FRANCISCO","SAN FRANCISCO",-122.41593933105469,37.780651092529297
9626277,2023,2023-10-11,3801,2023-09-06,1645,668,NORTH,3,5,7,3801,0,0,0,,0,3E16D,BROADWAY,"VAN NESS AV",0.00,,Y,A,-,N,,,,,,,,,,Y,4,0,1,3,A,-,12,21453,A,N,B,C,A,A,H,-,A,A,0,,,,,Y,,A,07,0,0,1,0,0,0,0,0,0,"- ","- ",,,"SAN FRANCISCO","SAN FRANCISCO",-122.42332458496094,37.795753479003906
9626285,2023,2023-10-13,3801,2023-09-01,2139,1078,NORTH,5,5,7,3801,0,0,0,,0,3E12E,"OAK ST","DIVISADERO ST",0.00,,Y,A,-,N,,,,,,,,,,N,4,0,1,2,A,-,10,21950,A,N,G,B,B,A,H,-,C,A,0,Y,,,,Y,,A,01,0,0,1,0,1,0,0,0,0,"- ","- ",,,"SAN FRANCISCO","SAN FRANCISCO",-122.43743133544922,37.773143768310547
9626295,2023,2023-10-23,3801,2023-09-24,2017,1806,BAYVI,7,5,7,3801,0,0,0,,0,3C13D,"BAYSHORE BL","RT 101",186.00,N,N,A,-,Y,SF,4,101,-,-,0.844,R,1,S,Y,4,0,4,3,A,-,03,22350,,N,C,C,A,A,H,-,D,D,0,,,,,Y,,A,07,0,0,4,0,0,0,0,0,0,"- ",NO,,,"SAN FRANCISCO","SAN FRANCISCO",-122.39992523193359,37.719749450683594
9626356,2023,2023-10-17,3801,2023-09-22,1744,1806,BAYVI,5,5,7,3801,0,0,0,,0,3C11D,"3RD ST","CESAR CHAVEZ ST",0.00,,Y,A,-,N,,,,,,,,,,Y,4,0,5,3,A,-,09,21453,C,N,D,C,A,A,H,-,A,A,0,,,,,Y,,A,01,0,0,5,0,0,0,0,0,0,"- ","- ",,,"SAN FRANCISCO","SAN FRANCISCO",-122.38768768310547,37.750228881835938
9626361,2023,2023-10-17,3801,2023-09-25,1336,4286,RICHM,1,5,7,3801,0,0,0,,0,0G1,"MARTIN LUTHER KING JR DR","METSON RD",0.00,,Y,A,-,N,,,,,,,,,,N,4,0,1,2,D,-,00,,,N,D,G,A,A,H,-,A,D,0,,Y,,,Y,,-,"- ",0,0,1,0,0,0,1,0,0,"- ","- ",,,"SAN FRANCISCO","SAN FRANCISCO",-122.49089050292969,37.765411376953125
9626363,2023,2023-10-16,3801,2023-09-24,2244,1851,TENDE,7,5,7,3801,0,0,0,,0,3J14E,"GOLDEN GATE AV","LEAVENWORTH ST",0.00,,Y,A,-,N,,,,,,,,,,N,4,0,1,2,A,-,11,21461,5,N,G,B,B,A,H,-,C,A,0,Y,,,,Y,,N,60,0,0,1,0,1,0,0,0,0,"- ","- ",,,"SAN FRANCISCO","SAN FRANCISCO",-122.41385650634766,37.781875610351562
9626402,2023,2023-10-19,3801,2023-08-20,1120,1343,NORTH,7,5,7,3801,0,0,0,,0,NORT,"VAN NESS AV","POST ST",0.00,,Y,A,-,N,,,,,,,,,,Y,4,0,2,2,A,-,12,21453,A,N,D,C,A,A,H,-,C,A,0,,,,,Y,,A,01,0,0,2,0,0,0,0,0,0,"- ","- ",,,"SAN FRANCISCO","SAN FRANCISCO",-122.42153167724609,37.786624908447266
9626404,2023,2023-10-13,3801,2023-08-29,1640,426,NORTH,2,5,7,3801,0,0,0,,0,3E13D,"MYRTLE ST","FRANKLIN ST",10.00,E,N,A,-,N,,,,,,,,,,N,4,0,1,2,A,-,08,22107,,F,G,B,E,A,H,-,A,D,0,Y,,,,Y,,A,01,0,0,1,0,1,0,0,0,0,"- ","- ",,,"SAN FRANCISCO","SAN FRANCISCO",-122.42288970947266,37.785015106201172
9626405,2023,2023-10-13,3801,2023-08-31,1812,993,INGLE,4,5,7,3801,0,0,0,,0,5CAR,"GENEVA AV","MOSCOW ST",0.00,,Y,A,-,N,,,,,,,,,,,3,0,1,2,A,-,08,22107,,N,D,C,A,A,H,-,A,A,0,,,Y,,Y,,A,01,0,1,0,0,0,0,0,0,1,"- ","- ",,,"SAN FRANCISCO","SAN FRANCISCO",-122.43374633789062,37.713130950927734
9626411,2023,2023-10-19,3801,2023-08-30,2130,1926,NORTH,3,5,7,3801,0,0,0,,0,3E13E,"GOUGH ST","TURK ST",0.00,,N,A,B,N,,,,,,,,,,N,3,0,1,1,A,-,03,22350,,N,H,-,A,A,H,-,C,-,0,,,,,Y,,M,94,0,1,0,0,0,0,0,0,0,"- ","- ",,,"SAN FRANCISCO","SAN FRANCISCO",-122.42391967773438,37.781532287597656
9626413,2023,2023-10-19,3801,2023-08-24,1046,681,SOUTH,4,5,7,3801,0,0,0,,0,3B13A,"7TH ST","FOLSOM ST",0.00,,Y,A,-,N,,,,,,,,,,,4,0,1,2,D,-,00,,,N,D,-,A,A,H,-,A,A,0,,,,,Y,,-,"- ",0,0,1,0,0,0,0,0,0,"- ","- ",,,"SAN FRANCISCO","SAN FRANCISCO",-122.40784454345703,37.776771545410156