CASE_ID,ACCIDENT_YEAR,PROC_DATE,JURIS,COLLISION_DATE,COLLISION_TIME,OFFICER_ID,REPORTING_DISTRICT,DAY_OF_WEEK,CHP_SHIFT,POPULATION,CNTY_CITY_LOC,SPECIAL_COND,BEAT_TYPE,CHP_BEAT_TYPE,CITY_DIVISION_LAPD,CHP_BEAT_CLASS,BEAT_NUMBER,PRIMARY_RD,SECONDARY_RD,DISTANCE,DIRECTION,INTERSECTION,WEATHER_1,WEATHER_2,STATE_HWY_IND,CALTRANS_COUNTY,CALTRANS_DISTRICT,STATE_ROUTE,ROUTE_SUFFIX,POSTMILE_PREFIX,POSTMILE,LOCATION_TYPE,RAMP_INTERSECTION,SIDE_OF_HWY,TOW_AWAY,COLLISION_SEVERITY,NUMBER_KILLED,NUMBER_INJURED,PARTY_COUNT,PRIMARY_COLL_FACTOR,PCF_CODE_OF_VIOL,PCF_VIOL_CATEGORY,PCF_VIOLATION,PCF_VIOL_SUBSECTION,HIT_AND_RUN,TYPE_OF_COLLISION,MVIW,PED_ACTION,ROAD_SURFACE,ROAD_COND_1,ROAD_COND_2,LIGHTING,CONTROL_DEVICE,CHP_ROAD_TYPE,PEDESTRIAN_ACCIDENT,BICYCLE_ACCIDENT,MOTORCYCLE_ACCIDENT,TRUCK_ACCIDENT,NOT_PRIVATE_PROPERTY,ALCOHOL_INVOLVED,STWD_VEHTYPE_AT_FAULT,CHP_VEHTYPE_AT_FAULT,COUNT_SEVERE_INJ,COUNT_VISIBLE_INJ,COUNT_COMPLAINT_PAIN,COUNT_PED_KILLED,COUNT_PED_INJURED,COUNT_BICYCLIST_KILLED,COUNT_BICYCLIST_INJURED,COUNT_MC_KILLED,COUNT_MC_INJURED,PRIMARY_RAMP,SECONDARY_RAMP,LATITUDE,LONGITUDE,COUNTY,CITY,POINT_X,POINT_Y
9626418,2023,2023-10-13,3801,2023-08-31,1953,564,NORTH,4,5,7,3801,0,0,0,,0,3E15D,"PINE ST","WEBSTER ST",0.00,,Y,A,-,N,,,,,,,,,,N,4,0,1,2,A,-,10,21950,A,N,D,B,B,A,H,-,B,A,0,Y,,,,Y,,A,01,0,0,1,0,1,0,0,0,0,"- ","- ",,,"SAN FRANCISCO","SAN FRANCISCO",-122.43199157714844,37.788154602050781
9626419,2023,2023-10-13,3801,2023-08-31,1753,1173,RICHM,4,5,7,3801,0,0,0,,0,901,"BALBOA ST","42ND AV",0.00,,Y,A,-,N,,,,,,,,,,N,4,0,1,2,A,-,12,22450,,N,D,G,A,A,H,-,A,D,0,,Y,,,Y,,L,04,0,0,1,0,0,0,1,0,0,"- ","- ",,,"SAN FRANCISCO","SAN FRANCISCO",-122.50270080566406,37.775482177734375
9626561,2023,2023-10-16,3801,2023-09-11,1454,1068,SOUTH,1,5,7,3801,0,0,0,,0,3B13A,"8TH ST","MISSION ST",49.00,S,N,A,-,N,,,,,,,,,,N,4,0,2,2,A,-,21,22106,,N,D,E,A,A,H,-,A,A,0,,,,,Y,,A,08,0,0,2,0,0,0,0,0,0,"- ","- ",,,"SAN FRANCISCO","SAN FRANCISCO",-122.41303253173828,37.777370452880859
9627849,2023,2023-10-16,3800,2023-09-26,2155,2247,RICHM,2,5,7,3801,0,0,0,,0,1V21C,"6TH AV","CLEMENT ST",0.00,,Y,A,-,N,,,,,,,,,,N,3,0,1,2,A,-,10,21950,A,N,G,B,B,A,H,-,C,A,0,Y,,,,Y,,A,01,0,1,0,0,1,0,0,0,0,"- ","- ",,,"SAN FRANCISCO","SAN FRANCISCO",-122.46442413330078,37.782955169677734
9633452,2023,2023-12-12,3801,2023-10-16,"820 ",1956,TARA,1,5,7,3801,0,0,0,,0,6CAR,"ALEMANY BL","VICTORIA ST",0.00,,Y,A,-,N,,,,,,,,,,N,4,0,2,2,A,-,03,22350,,N,C,C,A,A,H,-,A,D,0,,,,Y,Y,,F,25,0,0,2,0,0,0,0,0,0,"- ","- ",,,"SAN FRANCISCO","SAN FRANCISCO",-122.46529388427734,37.711700439453125
9633484,2023,2023-12-08,3801,2023-10-24,1107,1771,MISSI,2,5,7,3801,0,0,0,,0,3D13C,"MARKET ST","CHURCH ST",0.00,,Y,A,-,N,,,,,,,,,,N,4,0,1,2,A,-,08,22107,,N,D,D,A,A,H,-,A,D,0,,,,,Y,,-,,0,0,1,0,0,0,0,0,0,"- ","- ",37.767398834228516,-122.42896270751953,"SAN FRANCISCO","SAN FRANCISCO",-122.42893981933594,37.767608642578125
9633488,2023,2023-12-12,3801,2023-10-26,"909 ",2262,BAY,4,5,7,3801,0,0,0,,0,3C11A,"CESAR CHAVEZ","PENNINSULA ST",0.00,,Y,A,-,N,,,,,,,,,,N,4,0,2,2,A,-,08,22107,,F,-,C,A,A,D,-,A,D,0,,,,,Y,,-,99,0,0,2,0,0,0,0,0,0,"- ","- ",,,"SAN FRANCISCO","SAN FRANCISCO",,
9633490,2023,2024-01-17,3801,2023-10-24,"853 ",1342,NORTH,2,5,7,3801,0,0,0,,0,3E14A,"JACKSON ST","WEBSTER ST",27.00,W,N,A,-,N,,,,,,,,,,Y,4,0,2,2,A,-,08,22107,,N,B,E,A,A,H,-,A,D,0,,,,,Y,,A,01,0,0,2,0,0,0,0,0,0,"- ","- ",,,"SAN FRANCISCO","SAN FRANCISCO",-122.43301391601562,37.792659759521484
9633503,2023,2023-11-09,3801,2023-09-27,2130,2153,TARAV,3,5,7,3801,0,0,0,,0,315E,"JUNIPERO SERRA BL","THOMAS MORE WY",0.00,,Y,A,-,N,,,,,,,,,,Y,4,0,2,2,A,-,03,22350,,F,B,D,A,A,H,-,C,D,0,,,,,Y,,I,11,0,0,2,0,0,0,0,0,0,"- ","- ",,,"SAN FRANCISCO","SAN FRANCISCO",-122.47329711914062,37.711620330810547
9633511,2023,2023-11-15,3801,2023-09-24,1817,1931,NORTH,7,5,7,3801,0,0,0,,0,3E16D,"DIVISADERO ST","CALIFORNIA ST",10.00,N,N,A,-,N,,,,,,,,,,Y,3,0,2,2,A,-,08,22107,,N,B,C,A,A,H,-,A,A,0,,,,,Y,,A,07,0,1,1,0,0,0,0,0,0,"- ","- ",,,"SAN FRANCISCO","SAN FRANCISCO",-122.44045257568359,37.788108825683594
9633682,2023,2023-11-21,3801,2023-10-18,1024,2039,TARAV,3,5,7,3801,0,0,0,,0,005,"19TH AV","JUNIPERO SERRA BL",170.00,W,N,A,-,N,,,,,,,,,,Y,4,0,1,2,A,-,03,22350,,N,C,C,A,A,H,-,A,A,0,,,,,Y,,D,22,0,0,1,0,0,0,0,0,0,"- ","- ",,,"SAN FRANCISCO","SAN FRANCISCO",-122.47309112548828,37.717540740966797
9633684,2023,2023-11-21,3801,2023-10-17,2128,2359,TARAV,2,5,7,3801,0,0,0,,0,0I2,"TARAVAL ST","19TH AV",77.00,W,N,A,-,N,,,,,,,,,,Y,4,0,1,2,A,-,01,23152,A,N,C,C,A,A,H,-,C,D,0,,,,,Y,Y,A,01,0,0,1,0,0,0,0,0,0,"- ","- ",,,"SAN FRANCISCO","SAN FRANCISCO",-122.47592163085938,37.743000030517578
9633686,2023,2023-11-21,3801,2023-10-16,"725 ",4265,INGLE,1,5,7,3801,0,0,0,,0,3H13A,"EXCELSIOR AV","EDINBURGH ST",0.00,,Y,A,-,N,,,,,,,,,,Y,3,0,2,3,A,-,12,22450,A,N,D,C,A,A,H,-,A,A,0,,,,,Y,,A,01,0,1,1,0,0,0,0,0,0,"- ","- ",,,"SAN FRANCISCO","SAN FRANCISCO",-122.42962646484375,37.724327087402344
9633693,2023,2023-11-21,3801,2023-10-09,1814,676,NORTH,1,5,7,3801,0,0,0,,0,3J38A,"OCTAVIA ST","PAGE ST",0.00,,Y,B,-,N,,,,,,,,,,N,4,0,1,2,A,-,12,22450,A,N,D,G,A,A,H,-,B,A,0,,Y,,,Y,,L,04,0,0,1,0,0,0,1,0,0,"- ","- ",,,"SAN FRANCISCO","SAN FRANCISCO",-122.42411041259766,37.773883819580078
9633697,2023,2023-11-21,3801,2023-10-08,"222 ",1463,SOUTH,7,5,7,3801,0,0,0,,0,0B5,"KING ST","4TH ST",0.00,,Y,A,-,N,,,,,,,,,,Y,4,0,4,2,A,-,01,23152,A,F,D,C,A,A,H,-,D,D,0,,,,,Y,Y,A,01,0,0,4,0,0,0,0,0,0,"- ","- ",,,"SAN FRANCISCO","SAN FRANCISCO",-122.39414978027344,37.77642822265625
9633699,2023,2023-11-21,3801,2023-10-07,2252,1602,BAYVI,6,5,7,3801,0,0,0,,0,3C12E,"PHELPS ST","GALVEZ AV",0.00,,Y,A,-,N,,,,,,,,,,Y,4,0,1,2,A,-,01,23152,A,F,D,E,A,A,H,-,C,A,0,,,,,Y,Y,A,01,0,0,1,0,0,0,0,0,0,"- ","- ",,,"SAN FRANCISCO","SAN FRANCISCO",-122.38954925537109,37.741733551025391
9633702,2023,2023-11-13,3801,2023-10-07,2237,2113,BAYVI,6,5,7,3801,0,0,0,,0,3C15E,"3RD ST","EVANS ST",0.00,,Y,A,-,N,,,,,,,,,,Y,4,0,2,2,A,-,01,23152,A,F,A,C,A,A,H,-,C,A,0,,,,,Y,Y,A,01,0,0,2,0,0,0,0,0,0,"- ","- ",,,"SAN FRANCISCO","SAN FRANCISCO",-122.38801574707031,37.742733001708984
9633704,2023,2023-11-13,3801,2023-10-07,2047,A24552,BAYVI,6,5,7,3801,0,0,0,,0,3C12D,"INDUSTRIAL ST","BARNEVELD AV",0.00,,Y,A,-,N,,,,,,,,,,N,4,0,2,2,A,-,08,22100,B,N,D,C,A,A,H,-,C,D,0,,,,,Y,,A,01,0,0,2,0,0,0,0,0,0,"- ","- ",,,"SAN FRANCISCO","SAN FRANCISCO",-122.40430450439453,37.738735198974609
9633706,2023,2023-11-13,3801,2023-10-03,1700,1100,TENDE,2,5,7,3801,0,0,0,,0,3J2D,"MARKET ST","4TH ST",50.00,E,N,A,-,N,,,,,,,,,,N,3,0,1,2,A,-,06,21760,,N,B,G,A,A,-,-,A,D,0,,Y,,,Y,,M,94,0,1,0,0,0,0,1,0,0,"- ","- ",,,"SAN FRANCISCO","SAN FRANCISCO",-122.40576934814453,37.785797119140625
9633707,2023,2023-11-13,3801,2023-10-15,1930,2190,INGLE,7,5,7,3801,0,0,0,,0,3H15D,"MANSELL ST","VISITACION AV",0.00,,Y,A,-,N,,,,,,,,,,Y,4,0,2,2,A,-,01,23153,A,N,D,C,A,A,H,-,C,A,0,,,,,Y,Y,A,01,0,0,2,0,0,0,0,0,0,"- ","- ",,,"SAN FRANCISCO","SAN FRANCISCO",-122.41164398193359,37.718658447265625
9633710,2023,2023-11-13,3801,2023-10-18,2100,396,BAYVI,3,5,7,3801,0,0,0,,0,3C12E,"OAKDALE AV","QUINT ST",0.00,,Y,A,-,N,,,,,,,,,,N,4,0,1,2,A,-,10,21950,A,F,G,B,B,A,H,-,C,A,0,Y,,,,Y,,A,01,0,0,1,0,1,0,0,0,0,"- ","- ",,,"SAN FRANCISCO","SAN FRANCISCO",-122.39596557617188,37.737800598144531
9633715,2023,2023-11-30,3801,2023-10-05,1814,2472,SOUTH,4,5,7,3801,0,0,0,,0,5CAR,"MARIPOSA ST","TENNESSEE ST",62.00,W,N,A,-,N,,,,,,,,,,,3,0,1,2,A,-,09,21802,A,N,D,C,A,A,H,-,A,A,0,,,Y,,Y,,C,03,0,1,0,0,0,0,0,0,1,"- ","- ",,,"SAN FRANCISCO","SAN FRANCISCO",-122.39008331298828,37.764259338378906
9633720,2023,2023-11-13,3801,2023-10-12,"820 ",1513,RICHM,4,5,7,3801,0,0,0,,0,3G13A,"GEARY BL","3RD AV",0.00,,Y,A,-,N,,,,,,,,,,N,4,0,3,2,A,-,09,21801,A,N,D,C,A,A,H,-,A,A,0,,,,,Y,,A,01,0,0,3,0,0,0,0,0,0,"- ","- ",,,"SAN FRANCISCO","SAN FRANCISCO",-122.46106719970703,37.781227111816406
9633722,2023,2023-11-21,3801,2023-10-10,"942 ",189,NORTH,2,5,7,3801,0,0,0,,0,001,"DIVISADERO ST","HAIGHT ST",0.00,,Y,A,-,N,,,,,,,,,,Y,4,0,1,1,A,-,17,21663,,N,E,I,A,A,H,-,A,A,0,,,,,Y,,A,01,0,0,1,0,0,0,0,0,0,"- ","- ",,,"SAN FRANCISCO","SAN FRANCISCO",-122.43704223632812,37.771270751953125
9633726,2023,2023-11-21,3801,2023-10-14,2250,141,INGLE,6,5,7,3801,0,0,0,,0,3H15E,"MISSION ST","POPE ST",0.00,,Y,A,-,N,,,,,,,,,,Y,4,0,2,2,A,-,03,22350,,N,-,C,A,A,H,-,C,D,0,,,,,Y,,A,01,0,0,2,0,0,0,0,0,0,"- ","- ",,,"SAN FRANCISCO","SAN FRANCISCO",-122.44183349609375,37.715427398681641
9633727,2023,2023-11-21,3801,2023-10-13,1941,1078,NORTH,5,5,7,3801,0,0,0,,0,3316D,"FRANKLIN ST",BROADWAY,0.00,,Y,A,-,N,,,,,,,,,,N,4,0,1,2,A,-,03,22350,,N,C,C,A,A,H,-,C,A,0,,,Y,,Y,,A,01,0,0,1,0,0,0,0,0,1,"- ","- ",,,"SAN FRANCISCO","SAN FRANCISCO",-122.42502593994141,37.795528411865234
9633731,2023,2023-11-21,3801,2023-10-16,1249,50,TENDE,1,5,7,3801,0,0,0,,0,001,"6TH ST","JESSIE ST",0.00,,Y,A,-,N,,,,,,,,,,N,4,0,1,2,A,-,04,21703,,N,C,C,A,A,H,-,A,A,0,,,Y,,Y,,C,02,0,0,1,0,0,0,0,0,1,"- ","- ",,,"SAN FRANCISCO","SAN FRANCISCO",-122.40921020507812,37.781398773193359
9633733,2023,2023-11-21,3801,2023-10-16,"545 ",488,INGLE,1,5,7,3801,0,0,0,,0,3H13E,"CIRCULAR AV","MONTEREY BL",0.00,,Y,A,-,N,,,,,,,,,,N,4,0,1,2,A,-,09,21453,B,N,D,G,A,A,H,-,C,A,0,,Y,,,Y,,A,07,0,0,1,0,0,0,1,0,0,"- ","- ",,,"SAN FRANCISCO","SAN FRANCISCO",-122.4365234375,37.731582641601562
9633739,2023,2023-11-21,3801,2023-10-01,1017,1457,TARAV,7,5,7,3801,0,0,0,,0,3I11A,"JUDAH ST","SUNSET BL",0.00,,Y,A,-,N,,,,,,,,,,N,4,0,1,2,A,-,12,21453,A,N,D,G,A,A,H,-,A,A,0,,Y,,,Y,,L,04,0,0,1,0,0,0,1,0,0,"- ","- ",,,"SAN FRANCISCO","SAN FRANCISCO",-122.49583435058594,37.760860443115234
9633742,2023,2023-11-22,3801,2023-10-10,1525,1194,TENDE,2,5,7,3801,0,0,0,,0,0J2,"6TH ST","MARKET ST",0.00,,Y,A,-,N,,,,,,,,,,N,3,0,1,2,A,-,11,21954,A,N,G,B,D,A,D,-,A,A,0,Y,,,,Y,,N,60,0,1,0,0,1,0,0,0,0,"- ","- ",,,"SAN FRANCISCO","SAN FRANCISCO",-122.41030120849609,37.782241821289062
9633744,2023,2023-11-22,3801,2023-10-10,"938 ",2039,TARA,2,5,7,3801,0,0,0,,0,005,"FONT BL","JUNIPERO SERRA",146.00,W,N,A,-,N,,,,,,,,,,N,4,0,1,2,A,-,08,22107,,N,D,C,A,A,H,-,A,D,0,,,,,Y,,A,01,0,0,1,0,0,0,0,0,0,"- ","- ",,,"SAN FRANCISCO","SAN FRANCISCO",-122.47223663330078,37.714565277099609
9633746,2023,2023-11-22,3801,2023-10-12,"834 ",1118,SOUTH,4,5,7,3801,0,0,0,,0,3B14A,"DORE ST","FOLSOM ST",0.00,,Y,A,-,N,,,,,,,,,,N,3,0,1,2,A,-,10,21950,A,N,G,B,C,A,H,-,A,D,0,Y,,,,Y,,A,01,0,1,0,0,1,0,0,0,0,"- ","- ",,,"SAN FRANCISCO","SAN FRANCISCO",-122.41220092773438,37.773323059082031
9633747,2023,2023-11-22,3801,2023-10-10,1735,1631,SOUTH,2,5,7,3801,0,0,0,,0,3B47,"MARKET ST","OCTAVIA ST",0.00,,Y,A,-,N,,,,,,,,,,N,4,0,1,2,A,-,08,22101,D,F,D,C,A,A,H,-,A,A,0,,,,,Y,,-,99,0,0,1,0,0,0,0,0,0,"- ","- ",,,"SAN FRANCISCO","SAN FRANCISCO",-122.42359161376953,37.771774291992188
9633754,2023,2023-11-21,3801,2023-10-13,1546,1238,MISSI,5,5,7,3801,0,0,0,,0,3D16C,"HARRISON ST","MARIPOSA ST",0.00,,Y,A,-,N,,,,,,,,,,N,4,0,1,2,A,-,08,22100,A,N,D,G,A,A,-,-,A,-,0,,Y,,,Y,,A,01,0,0,1,0,0,0,1,0,0,"- ","- ",,,"SAN FRANCISCO","SAN FRANCISCO",-122.41291046142578,37.762901306152344
9633756,2023,2023-11-21,3801,2023-10-12,1513,2141,TARA,4,5,7,3801,0,0,0,,0,3I11D,"LINCOLN WY","11TH AV",108.00,W,N,A,-,N,,,,,,,,,,N,4,0,1,2,A,-,04,21703,,N,C,C,A,A,H,-,A,A,0,,,,,Y,,A,07,0,0,1,0,0,0,0,0,0,"- ","- ",,,"SAN FRANCISCO","SAN FRANCISCO",-122.46895599365234,37.765819549560547
9633757,2023,2023-11-21,3801,2023-10-11,"752 ",1956,TARA,3,5,7,3801,0,0,0,,0,6CAR,"OCEAN AV","CAPITOL AV",28.00,W,N,A,-,N,,,,,,,,,,Y,4,0,1,2,A,-,03,22350,,N,C,C,A,A,H,-,A,D,0,,,,,Y,,A,01,0,0,1,0,0,0,0,0,0,"- ","- ",,,"SAN FRANCISCO","SAN FRANCISCO",-122.45934295654297,37.724552154541016
9633765,2023,2023-11-28,3801,2023-10-02,1400,1472,PARK,1,5,7,3801,0,0,0,,0,RICHMO,"JOHN F KENNEDY DR","TRANSVERSE DR",0.00,,Y,A,-,N,,,,,,,,,,N,4,0,1,2,A,-,12,22450,A,N,D,G,A,A,H,-,A,A,0,,Y,,,Y,,L,04,0,0,1,0,0,0,1,0,0,"- ","- ",,,"SAN FRANCISCO","SAN FRANCISCO",-122.47991943359375,37.770488739013672
9633768,2023,2023-11-28,3801,2023-10-03,1921,1184,MISSI,2,5,7,3801,0,0,0,,0,,"POTRERO AV","16TH ST",223.00,N,N,A,-,N,,,,,,,,,,,4,0,1,2,A,-,05,21650,1,N,D,C,A,A,H,-,B,D,0,,,Y,,Y,,C,03,0,0,1,0,0,0,0,0,1,"- ","- ",,,"SAN FRANCISCO","SAN FRANCISCO",-122.40761566162109,37.766380310058594
9633775,2023,2023-11-27,3801,2023-10-03,1810,2733,TARAV,2,5,7,3801,0,0,0,,0,0I5,"19TH AV","HOLLOWAY AV",0.00,,Y,A,-,N,,,,,,,,,,N,3,0,1,2,A,-,00,21955,A,N,G,B,D,A,H,-,A,A,0,Y,,,,Y,Y,N,60,0,1,0,0,1,0,0,0,0,"- ","- ",,,"SAN FRANCISCO","SAN FRANCISCO",-122.47537231445312,37.720954895019531
9633778,2023,2023-12-05,3801,2023-10-03,1843,1420,INGLE,2,5,7,3801,0,0,0,,0,3H11D,"PORTOLA DR","FOWLER AV",0.00,,Y,A,-,N,,,,,,,,,,N,2,0,1,2,A,-,08,22107,,N,D,J,A,A,H,-,C,A,0,,,,,Y,Y,M,94,1,0,0,0,0,0,0,0,0,"- ","- ",,,"SAN FRANCISCO","SAN FRANCISCO",-122.453369140625,37.744522094726562
9633780,2023,2023-11-27,3801,2023-10-04,"800 ",1188,INGLE,3,5,7,3801,0,0,0,,0,3H13A,"NAPLES ST","ROLPH ST",0.00,,Y,A,-,N,,,,,,,,,,N,3,0,1,2,A,-,10,21950,A,N,G,B,B,-,H,-,A,A,0,Y,,,,Y,,A,01,0,1,0,0,1,0,0,0,0,"- ","- ",,,"SAN FRANCISCO","SAN FRANCISCO",-122.43669128417969,37.713520050048828
9633794,2023,2024-01-06,3801,2023-10-06,1725,2401,SOUTH,5,5,7,3801,0,0,0,,0,3B13D,"MOSS ST","FOLSOM ST",0.00,,Y,A,-,N,,,,,,,,,,N,4,0,1,2,A,-,12,22450,A,F,D,G,A,A,H,-,A,A,0,,Y,,,Y,,A,01,0,0,1,0,0,0,1,0,0,"- ","- ",,,"SAN FRANCISCO","SAN FRANCISCO",-122.40729522705078,37.777194976806641
9633798,2023,2024-01-06,3801,2023-10-05,1926,1375,MISSI,4,5,7,3801,0,0,0,,0,3D13D,"VALENCIA ST","17TH ST",0.00,,Y,A,-,N,,,,,,,,,,N,4,0,1,2,A,-,03,22350,,N,D,C,A,A,H,-,C,A,0,,,,,Y,,-,,0,0,1,0,0,0,0,0,0,"- ","- ",,,"SAN FRANCISCO","SAN FRANCISCO",-122.42173767089844,37.763298034667969
9633800,2023,2024-01-06,3801,2023-10-05,1459,2118,SOUTH,4,5,7,3801,0,0,0,,0,3B12D,"2ND ST","BRYANT ST",0.00,,Y,A,-,N,,,,,,,,,,N,3,0,2,2,A,-,12,21453,A,N,D,J,A,A,H,-,A,A,0,,,Y,,Y,,-,,0,1,1,0,0,0,0,0,1,"- ","- ",,,"SAN FRANCISCO","SAN FRANCISCO",-122.39363098144531,37.7830810546875
9633803,2023,2023-11-22,3801,2023-10-20,1245,432,MISSI,5,5,7,3801,0,0,0,,0,3D41A,"CASTRO ST","19TH ST",0.00,,Y,A,-,N,,,,,,,,,,N,3,0,1,2,A,-,10,21950,,N,B,B,B,A,-,-,A,D,0,Y,,,,Y,,A,07,0,1,0,0,1,0,0,0,0,"- ","- ",,,"SAN FRANCISCO","SAN FRANCISCO",-122.43486022949219,37.759292602539062
9633806,2023,2023-11-22,3801,2023-10-25,2052,2443,BAYVI,3,5,7,3801,0,0,0,,0,3C13D,"25TH ST","TENNESSEE ST",0.00,,Y,A,-,N,,,,,,,,,,Y,4,0,2,2,A,-,09,21800,B,N,D,C,A,A,H,-,D,D,0,,,,,Y,,A,01,0,0,2,0,0,0,0,0,0,"- ","- ",,,"SAN FRANCISCO","SAN FRANCISCO",-122.38874816894531,37.752777099609375
9633811,2023,2023-11-22,3801,2023-10-28,2035,469,MISSI,6,5,7,3801,0,0,0,,0,3D2D,"DOLORES ST","24TH ST",20.00,S,N,A,-,N,,,,,,,,,,N,4,0,2,2,A,-,03,22350,,F,C,C,A,A,H,-,C,A,0,,,,,Y,,-,,0,0,2,0,0,0,0,0,0,"- ","- ",,,"SAN FRANCISCO","SAN FRANCISCO",-122.42522430419922,37.751785278320312
9633815,2023,2023-11-22,3801,2023-10-28,"700 ",1580,SOUTH,6,5,7,3801,0,0,0,,0,3B14A,"15TH ST","UTAH ST",0.00,,Y,A,-,N,,,,,,,,,,N,3,0,1,2,A,-,04,21703,,F,C,G,A,A,A,-,B,A,0,,Y,,,Y,,-,,0,1,0,0,0,0,1,0,0,"- ","- ",,,"SAN FRANCISCO","SAN FRANCISCO",-122.40666198730469,37.76715087890625
9633825,2023,2023-11-22,3801,2023-10-24,1319,4307,NORTH,2,5,7,3801,0,0,0,,0,3E15A,"BAY ST","LAGUNA ST",0.00,,Y,A,-,N,,,,,,,,,,Y,4,0,2,2,A,-,12,21453,A,N,A,C,A,A,H,-,A,A,0,,,,,Y,,-,"- ",0,0,2,0,0,0,0,0,0,"- ","- ",,,"SAN FRANCISCO","SAN FRANCISCO",-122.43167877197266,37.803276062011719
9633827,2023,2023-11-22,3801,2023-10-24,2036,1147,TENDE,2,5,7,3801,0,0,0,,0,3J13D,"EDDY ST","HYDE ST",0.00,,N,A,-,N,,,,,,,,,,N,4,0,1,2,A,-,21,22106,,N,H,B,E,A,H,-,C,D,0,Y,,,,Y,,A,01,0,0,1,0,1,0,0,0,0,"- ","- ",,,"SAN FRANCISCO","SAN FRANCISCO",-122.41588592529297,37.783512115478516
9633830,2023,2023-11-22,3801,2023-10-24,1701,837,CENTR,2,5,7,3801,0,0,0,,0,3A12D,"POWELL ST","SUTTER ST",24.00,S,N,A,-,N,,,,,,,,,,N,3,0,1,1,A,-,07,21658,A,N,H,A,A,A,H,-,A,A,0,,Y,,,Y,,L,04,0,1,0,0,0,0,1,0,0,"- ","- ",,,"SAN FRANCISCO","SAN FRANCISCO",-122.40859222412109,37.789165496826172
9633834,2023,2023-11-22,3801,2023-10-23,1430,817,TENDE,1,5,7,3801,0,0,0,,0,3J13A,"OFARRELL ST","LARKIN ST",0.00,,N,A,-,N,,,,,,,,,,Y,4,0,2,2,A,-,03,22350,,N,B,E,A,A,H,-,A,A,0,,,,,Y,,A,01,0,0,2,0,0,0,0,0,0,"- ","- ",,,"SAN FRANCISCO","SAN FRANCISCO",-122.41790008544922,37.785167694091797
9633839,2023,2023-11-22,3801,2023-10-23,"230 ",2498,NORTH,1,5,7,3801,0,0,0,,0,3E12E,"DIVISADERO ST",MCALLISTER,0.00,,Y,B,-,N,,,,,,,,,,Y,2,0,1,2,A,-,01,23152,A,N,C,E,A,B,H,-,C,D,0,,,,,Y,Y,A,01,1,0,0,0,0,0,0,0,0,"- ","- ",,,"SAN FRANCISCO","SAN FRANCISCO",-122.4383544921875,37.777786254882812
9633842,2023,2023-11-28,3801,2023-10-12,1900,2400,BAYVI,4,5,7,3801,0,0,0,,0,3CAR,"3RD ST","PALOU AV",0.00,,Y,A,-,N,,,,,,,,,,Y,4,0,2,2,A,-,08,22107,,N,D,F,A,A,H,-,C,A,0,,,,,Y,,A,01,0,0,2,0,0,0,0,0,0,"- ","- ",,,"SAN FRANCISCO","SAN FRANCISCO",-122.39105987548828,37.734039306640625
9633847,2023,2023-11-17,3801,2023-10-20,1925,1337,NORTH,5,5,7,3801,0,0,0,,0,0E2,"MCALLISTER ST","WEBSTER ST",0.00,,Y,A,-,N,,,,,,,,,,N,4,0,1,2,D,-,00,,,N,G,B,E,A,H,-,C,A,0,Y,,,,Y,,-,"- ",0,0,1,0,1,0,0,0,0,"- ","- ",,,"SAN FRANCISCO","SAN FRANCISCO",-122.43010711669922,37.778839111328125
9633849,2023,2023-11-20,3801,2023-10-20,1506,118,PARK,5,5,7,3801,0,0,0,,0,3F13D,"HAIGHT ST","CENTRAL AV",5.00,S,N,A,-,N,,,,,,,,,,N,3,0,1,2,A,-,06,21755,A,N,D,-,A,A,H,-,A,A,0,,,Y,,Y,,O,05,0,1,0,0,0,0,0,0,1,"- ","- ",,,"SAN FRANCISCO","SAN FRANCISCO",-122.44367980957031,37.770416259765625
9633851,2023,2023-11-20,3801,2023-10-19,1407,668,NORTH,4,5,7,3801,0,0,0,,0,3E56,"FILLMORE ST","SACRAMENTO ST",0.00,,Y,A,-,N,,,,,,,,,,N,4,0,1,2,A,-,10,21950,A,N,A,B,B,A,H,-,A,A,0,Y,,,,Y,,A,01,0,0,1,0,1,0,0,0,0,"- ","- ",,,"SAN FRANCISCO","SAN FRANCISCO",-122.43401336669922,37.789840698242188
9633855,2023,2023-11-16,3801,2023-10-13,1230,8,NORTH,5,5,7,3801,0,0,0,,0,3E12A,"WEBSTER ST","GEARY BL",0.00,,Y,A,-,N,,,,,,,,,,N,3,0,1,2,A,-,08,22107,,N,-,C,A,-,H,-,A,A,0,,,,,Y,,A,01,0,1,0,0,0,0,0,0,0,"- ","- ",,,"SAN FRANCISCO","SAN FRANCISCO",-122.43130493164062,37.784725189208984
9633857,2023,2023-11-16,3801,2023-10-20,2300,367,CENTR,5,5,7,3801,0,0,0,,0,3A13E,BROADWAY,"STOCKTON ST",0.00,,Y,A,-,N,,,,,,,,,,N,3,0,1,2,A,-,10,21950,A,N,G,B,B,A,H,-,C,A,0,Y,,,,Y,Y,A,01,0,1,0,0,1,0,0,0,0,"- ","- ",,,"SAN FRANCISCO","SAN FRANCISCO",-122.40859985351562,37.797660827636719
9633859,2023,2023-11-20,3801,2023-10-20,1515,1467,SOUTH,5,5,7,3801,0,0,0,,0,3B13D,"3RD ST","3RD ST 973",0.00,,N,A,-,N,,,,,,,,,,,3,0,1,1,A,-,03,22411,,N,H,A,A,A,H,-,A,A,0,,,,,Y,,M,94,0,1,0,0,0,0,0,0,0,"- ","- ",,,"SAN FRANCISCO","SAN FRANCISCO",-122.39085388183594,37.777347564697266