CASE_ID,ACCIDENT_YEAR,PROC_DATE,JURIS,COLLISION_DATE,COLLISION_TIME,OFFICER_ID,REPORTING_DISTRICT,DAY_OF_WEEK,CHP_SHIFT,POPULATION,CNTY_CITY_LOC,SPECIAL_COND,BEAT_TYPE,CHP_BEAT_TYPE,CITY_DIVISION_LAPD,CHP_BEAT_CLASS,BEAT_NUMBER,PRIMARY_RD,SECONDARY_RD,DISTANCE,DIRECTION,INTERSECTION,WEATHER_1,WEATHER_2,STATE_HWY_IND,CALTRANS_COUNTY,CALTRANS_DISTRICT,STATE_ROUTE,ROUTE_SUFFIX,POSTMILE_PREFIX,POSTMILE,LOCATION_TYPE,RAMP_INTERSECTION,SIDE_OF_HWY,TOW_AWAY,COLLISION_SEVERITY,NUMBER_KILLED,NUMBER_INJURED,PARTY_COUNT,PRIMARY_COLL_FACTOR,PCF_CODE_OF_VIOL,PCF_VIOL_CATEGORY,PCF_VIOLATION,PCF_VIOL_SUBSECTION,HIT_AND_RUN,TYPE_OF_COLLISION,MVIW,PED_ACTION,ROAD_SURFACE,ROAD_COND_1,ROAD_COND_2,LIGHTING,CONTROL_DEVICE,CHP_ROAD_TYPE,PEDESTRIAN_ACCIDENT,BICYCLE_ACCIDENT,MOTORCYCLE_ACCIDENT,TRUCK_ACCIDENT,NOT_PRIVATE_PROPERTY,ALCOHOL_INVOLVED,STWD_VEHTYPE_AT_FAULT,CHP_VEHTYPE_AT_FAULT,COUNT_SEVERE_INJ,COUNT_VISIBLE_INJ,COUNT_COMPLAINT_PAIN,COUNT_PED_KILLED,COUNT_PED_INJURED,COUNT_BICYCLIST_KILLED,COUNT_BICYCLIST_INJURED,COUNT_MC_KILLED,COUNT_MC_INJURED,PRIMARY_RAMP,SECONDARY_RAMP,LATITUDE,LONGITUDE,COUNTY,CITY,POINT_X,POINT_Y
9633879,2023,2023-11-09,3801,2023-10-13,1525,938,INGLE,5,5,7,3801,0,0,0,,0,3H11D,"MISSION ST","29TH ST",145.00,N,N,A,-,N,,,,,,,,,,N,3,0,1,2,A,-,00,21655,1,N,A,C,A,A,H,-,A,D,0,,,,,Y,,M,94,0,1,0,0,0,0,0,0,0,"- ","- ",,,"SAN FRANCISCO","SAN FRANCISCO",-122.42068481445312,37.744430541992188
9634247,2023,2023-11-13,3801,2023-09-27,1536,334,BAYVI,3,5,7,3801,0,0,0,,0,005,"3RD ST","ARMSTRONG AV",0.00,,Y,A,-,N,,,,,,,,,,Y,4,0,2,2,A,-,12,21453,A,N,D,C,A,A,H,-,A,A,0,,,,,Y,,A,01,0,0,2,0,0,0,0,0,0,"- ","- ",,,"SAN FRANCISCO","SAN FRANCISCO",-122.39366912841797,37.727035522460938
9634257,2023,2023-11-13,3801,2023-09-29,1604,2493,PARK,5,5,7,3801,0,0,0,,0,3F13D,"FULTON ST","DIVISADERO ST",0.00,,Y,B,-,N,,,,,,,,,,N,3,0,1,2,A,-,08,22107,,N,D,C,A,A,H,-,A,D,0,,,,,Y,,A,01,0,1,0,0,0,0,0,0,0,"- ","- ",,,"SAN FRANCISCO","SAN FRANCISCO",-122.43816375732422,37.776859283447266
9634267,2023,2023-11-14,3801,2023-09-25,"210 ",2498,NORTH,1,5,7,3801,0,0,0,,0,3E13E,"POLK ST","EDDY ST",0.00,,Y,A,-,N,,,,,,,,,,N,2,0,1,1,A,-,03,22350,,N,H,-,A,A,H,-,C,D,0,,Y,,,Y,,L,04,1,0,0,0,0,0,1,0,0,"- ","- ",,,"SAN FRANCISCO","SAN FRANCISCO",-122.41918182373047,37.7830810546875
9634270,2023,2023-11-14,3801,2023-09-24,1700,4187,NORTH,7,5,7,3801,0,0,0,,0,3E11D,"FRANKLIN ST","ELLIS ST",150.00,S,N,A,-,N,,,,,,,,,,N,4,0,2,2,A,-,03,22350,,N,C,C,A,A,H,-,A,D,0,,,,,Y,,A,07,0,0,2,0,0,0,0,0,0,"- ","- ",,,"SAN FRANCISCO","SAN FRANCISCO",-122.42254638671875,37.783206939697266
9634275,2023,2023-11-20,3801,2023-09-29,1403,764,PARK,5,5,7,3801,0,0,0,,0,3F13C,"IRVING ST","6TH AV",0.00,,Y,B,C,N,,,,,,,,,,N,4,0,2,1,A,-,03,22350,,N,E,I,A,B,H,-,A,A,0,,,,,Y,,A,01,0,0,2,0,0,0,0,0,0,"- ","- ",,,"SAN FRANCISCO","SAN FRANCISCO",-122.46309661865234,37.764190673828125
9634280,2023,2023-11-09,3801,2023-05-16,"750 ",1474,BAYVI,2,5,7,3801,0,0,0,,0,901,"NEWHALL ST","BAYVIEW ST",0.00,,Y,A,-,N,,,,,,,,,,Y,4,0,3,2,A,-,09,21802,A,N,D,C,A,A,H,-,A,D,0,,,,,Y,,A,01,0,0,3,0,0,0,0,0,0,"- ","- ",,,"SAN FRANCISCO","SAN FRANCISCO",-122.39464569091797,37.732940673828125
9634291,2023,2023-11-13,3801,2023-09-28,1218,190,SOUTH,4,5,7,3801,0,0,0,,0,3B26,"MINNA ST","3RD ST",0.00,,Y,A,-,N,,,,,,,,,,Y,4,0,1,2,A,-,00,20001,,F,C,E,A,A,H,-,A,A,0,,,,,Y,,A,01,0,0,1,0,0,0,0,0,0,"- ","- ",,,"SAN FRANCISCO","SAN FRANCISCO",-122.40148162841797,37.785842895507812
9634313,2023,2023-11-09,3801,2023-08-21,"853 ",2476,SOUTH,1,5,7,3801,0,0,0,,0,3B14A,"MARKET ST","OCTAVIA BL",0.00,,Y,A,-,N,,,,,,,,,,N,4,0,1,2,A,-,08,22101,D,F,G,J,A,A,-,-,A,A,0,,,,,Y,,A,01,0,0,1,0,0,0,0,0,0,"- ","- ",,,"SAN FRANCISCO","SAN FRANCISCO",-122.42359161376953,37.771774291992188
9634516,2023,2024-01-20,3801,2023-11-24,1348,2499,TARAV,5,5,7,3801,0,0,0,,0,313A,"NORIEGA ST","44TH AV",0.00,,Y,A,-,N,,,,,,,,,,N,4,0,1,2,A,-,03,22350,,N,D,G,A,A,H,-,A,D,0,,Y,,,Y,,A,01,0,0,1,0,0,0,1,0,0,"- ","- ",,,"SAN FRANCISCO","SAN FRANCISCO",-122.50325775146484,37.753036499023438
9634697,2023,2024-01-23,3801,2023-11-23,"820 ",2263,TARAV,4,5,7,3801,0,0,0,,0,3I15A,"JUNIPERO SERRA","BROTHERHOOD WY",0.00,,Y,A,-,N,,,,,,,,,,Y,3,0,1,2,-,-,"- ",,,N,H,I,A,A,H,-,A,D,0,,,,,Y,,-,"- ",0,1,0,0,0,0,0,0,0,"- ","- ",,,"SAN FRANCISCO","SAN FRANCISCO",-122.47118377685547,37.712699890136719
9634701,2023,2024-01-26,3801,2023-11-26,2145,2139,TARAV,7,5,7,3801,0,0,0,,0,901,"45TH AV","ORTEGA ST",50.00,N,N,A,-,N,,,,,,,,,,Y,3,0,1,2,A,-,01,23152,A,N,B,E,A,A,H,-,C,A,0,,,,,Y,Y,A,01,0,1,0,0,0,0,0,0,0,"- ","- ",,,"SAN FRANCISCO","SAN FRANCISCO",-122.50422668457031,37.751266479492188
9634703,2023,2024-01-26,3801,2023-11-26,1216,189,NORTH,7,5,7,3801,0,0,0,,0,001,"PAGE ST","LAGUNA ST",0.00,,Y,A,-,N,,,,,,,,,,N,2,0,1,2,A,-,03,22350,A,N,F,-,A,A,H,-,A,D,0,,Y,,,Y,,L,04,1,0,0,0,0,0,1,0,0,"- ","- ",,,"SAN FRANCISCO","SAN FRANCISCO",-122.42569732666016,37.773658752441406
9634705,2023,2024-01-26,3801,2023-11-25,1324,1906,PARK,6,5,7,3801,0,0,0,,0,3F1A,"6TH AV","IRVING ST",6.00,,N,A,-,N,,,,,,,,,,N,2,0,1,2,A,-,10,21950,A,N,G,B,B,A,H,-,A,A,0,Y,,,,Y,,A,01,1,0,0,0,1,0,0,0,0,"- ","- ",,,"SAN FRANCISCO","SAN FRANCISCO",-122.46309661865234,37.764190673828125
9634709,2023,2024-01-26,3801,2023-11-22,"952 ",1951,SOUTH,3,5,7,3801,0,0,0,,0,0B4,"S VAN NESS AV","MARKET ST",0.00,,Y,A,-,N,,,,,,,,,,Y,4,0,1,2,A,-,07,21658,,N,B,C,A,A,H,-,A,A,0,,,,,Y,,A,01,0,0,1,0,0,0,0,0,0,"- ","- ",,,"SAN FRANCISCO","SAN FRANCISCO",-122.41925811767578,37.775169372558594
9634710,2023,2024-01-26,3801,2023-11-22,"951 ",1150,PARK,3,5,7,3801,0,0,0,,0,3F3,OAK,"SHRADER ST",27.00,E,N,A,-,N,,,,,,,,,,Y,4,0,1,2,A,-,08,22107,,N,B,C,A,A,H,-,A,D,0,,,Y,,Y,,A,01,0,0,1,0,0,0,0,0,1,"- ","- ",,,"SAN FRANCISCO","SAN FRANCISCO",-122.45212554931641,37.771244049072266
9634712,2023,2024-02-07,3801,2023-11-21,1354,4279,INGLE,2,5,7,3801,0,0,0,,0,3H14A,"ALEMANY BL","SANTA ROSA AV",0.00,,Y,A,-,N,,,,,,,,,,Y,3,0,3,2,A,-,08,22107,,N,A,C,A,A,H,-,A,A,0,,,,,Y,,A,01,0,1,2,0,0,0,0,0,0,"- ","- ",,,"SAN FRANCISCO","SAN FRANCISCO",-122.43605804443359,37.726757049560547
9634717,2023,2024-02-23,3801,2023-11-08,1418,4275,TARAV,3,5,7,3801,0,0,0,,0,3I13A,"SLOAT BL","41ST AV",0.00,,Y,A,-,N,,,,,,,,,,N,3,0,1,2,A,-,09,21802,A,N,D,C,A,A,H,-,A,A,0,,,,,Y,,A,01,0,1,0,0,0,0,0,0,0,"- ","- ",,,"SAN FRANCISCO","SAN FRANCISCO",-122.49923706054688,37.734264373779297
9634721,2023,2024-01-20,3801,2023-11-18,"238 ",524,INGLE,6,5,7,3801,0,0,0,,0,3H16E,"BAYSHORE BL","SUNNYDALE AV",248.00,N,N,C,-,N,,,,,,,,,,Y,3,0,1,2,A,-,08,22107,,N,E,I,A,B,H,-,C,D,0,,,,,Y,,-,,0,1,0,0,0,0,0,0,0,"- ","- ",,,"SAN FRANCISCO","SAN FRANCISCO",-122.40494537353516,37.709545135498047
9634723,2023,2024-01-20,3801,2023-11-17,"750 ",1593,PARK,5,5,7,3801,0,0,0,,0,,"COLE ST","WALLER ST",0.00,,Y,A,-,N,,,,,,,,,,Y,4,0,1,2,A,-,12,22450,A,N,D,C,A,A,H,-,A,A,0,,,,,Y,,A,01,0,0,1,0,0,0,0,0,0,"- ","- ",,,"SAN FRANCISCO","SAN FRANCISCO",-122.45053863525391,37.768589019775391
9634725,2023,2024-01-20,3801,2023-11-16,1400,156,BAYVI,4,5,7,3801,0,0,0,,0,3C15A,"CARROLL AV","KEITH ST",0.00,W,N,A,-,N,,,,,,,,,,Y,4,0,2,3,A,-,05,21650,,F,D,E,A,A,H,-,A,D,0,,,,,Y,,A,01,0,0,2,0,0,0,0,0,0,"- ","- ",,,"SAN FRANCISCO","SAN FRANCISCO",-122.39335632324219,37.724956512451172
9634729,2023,2024-01-20,3801,2023-11-18,2240,2488,NORTH,6,5,7,3801,0,0,0,,0,3E15E,"LOMBARD ST","STEINER ST",0.00,,Y,A,-,N,,,,,,,,,,N,4,0,1,2,A,-,11,21456,C,N,G,B,B,A,H,-,C,A,0,Y,,,,Y,Y,N,60,0,0,1,0,1,0,0,0,0,"- ","- ",,,"SAN FRANCISCO","SAN FRANCISCO",-122.43769073486328,37.799640655517578
9634730,2023,2024-01-20,3801,2023-11-17,1120,1796,RICHM,5,5,7,3801,0,0,0,,0,3G14A,"GEARY BL","31ST AV",0.00,,Y,B,C,N,,,,,,,,,,Y,4,0,2,2,A,-,09,21801,,N,D,C,A,B,G,-,C,D,0,,,,,Y,,A,01,0,0,2,0,0,0,0,0,0,"- ","- ",,,"SAN FRANCISCO","SAN FRANCISCO",-122.49118041992188,37.779865264892578
9634732,2023,2024-01-20,3801,2023-11-15,"754 ",1351,MISSI,3,5,7,3801,0,0,0,,0,3D11A,"MARKET ST","OCTAVIA BL",0.00,,Y,-,-,N,,,,,,,,,,N,3,0,1,2,A,-,08,22101,D,N,-,-,A,-,-,-,-,-,0,,Y,,,Y,,A,01,0,1,0,0,0,0,1,0,0,"- ","- ",,,"SAN FRANCISCO","SAN FRANCISCO",-122.42359161376953,37.771774291992188
9634745,2023,2023-12-20,3801,2023-11-15,1109,2408,MISSI,3,5,7,3801,0,0,0,,0,3D16A,"BRYANT ST","15TH ST",40.00,N,N,A,-,N,,,,,,,,,,N,4,0,1,2,A,-,00,21955,A,N,G,B,D,A,H,-,A,A,0,Y,,,,Y,,N,60,0,0,1,0,1,0,0,0,0,"- ","- ",,,"SAN FRANCISCO","SAN FRANCISCO",-122.41062927246094,37.767009735107422
9634748,2023,2023-12-20,3801,2023-11-14,1848,1101,PARK,2,5,7,3801,0,0,0,,0,,"MASONIC AV","OAK ST",0.00,,Y,A,-,N,,,,,,,,,,N,4,0,1,2,A,-,09,21801,A,N,A,G,A,A,H,-,C,A,0,,Y,,,Y,,A,01,0,0,1,0,0,0,1,0,0,"- ","- ",,,"SAN FRANCISCO","SAN FRANCISCO",-122.44575500488281,37.772083282470703
9634750,2023,2023-12-20,3801,2023-11-06,"815 ",621,CENTR,1,5,7,3801,0,0,0,,0,3A13A,"PACIFIC AV","LEAVENWORTH ST",88.00,E,N,B,-,N,,,,,,,,,,N,3,0,1,2,A,-,17,22517,,N,H,G,A,B,H,-,A,D,0,,Y,,,Y,,A,01,0,1,0,0,0,0,1,0,0,"- ","- ",,,"SAN FRANCISCO","SAN FRANCISCO",-122.41633605957031,37.795719146728516
9634752,2023,2023-12-20,3801,2023-11-19,2330,2113,BAYVI,7,5,7,3801,0,0,0,,0,3C12E,"MISSION ST","24TH ST",0.00,,Y,A,-,N,,,,,,,,,,N,4,0,1,2,A,-,04,21703,,F,C,C,A,A,H,-,D,D,0,,,,,Y,,A,01,0,0,1,0,0,0,0,0,0,"- ","- ",,,"SAN FRANCISCO","SAN FRANCISCO",-122.41848754882812,37.752262115478516
9634756,2023,2023-12-20,3801,2023-11-16,1410,4286,RICHM,4,5,7,3801,0,0,0,,0,0G3,"GEARY BL","9TH AV",0.00,,Y,B,-,N,,,,,,,,,,N,3,0,2,2,C,-,18,,,N,G,B,F,A,H,-,A,A,0,Y,,,,Y,,-,"- ",0,1,1,0,1,0,0,0,0,"- ","- ",,,"SAN FRANCISCO","SAN FRANCISCO",-122.46750640869141,37.780937194824219
9634757,2023,2023-12-20,3801,2023-11-16,1234,54,TARAV,4,5,7,3801,0,0,0,,0,3E13A,"PORTOLA DR","14TH AV",0.00,,Y,A,B,N,,,,,,,,,,N,4,0,1,3,A,-,09,21801,A,N,D,C,A,A,H,-,A,A,0,,,Y,,Y,,A,01,0,0,1,0,0,0,0,0,1,"- ","- ",,,"SAN FRANCISCO","SAN FRANCISCO",-122.46833038330078,37.737415313720703
9634762,2023,2024-01-05,3801,2023-11-13,"256 ",2476,SOUTH,1,5,7,3801,0,0,0,,0,001,"THE EMBARCADERO SOUTH","HARRISON ST",0.00,,Y,A,-,N,,,,,,,,,,Y,4,0,2,2,A,-,12,21453,A,F,D,C,A,A,H,-,C,A,0,,,,,Y,,A,01,0,0,2,0,0,0,0,0,0,"- ","- ",,,"SAN FRANCISCO","SAN FRANCISCO",-122.38861083984375,37.789497375488281
9634764,2023,2023-12-19,3801,2023-11-12,1812,933,INGLE,7,5,7,3801,0,0,0,,0,0H5,"ONONDAGA AV","ALEMANY BL",25.00,S,N,A,-,N,,,,,,,,,,N,3,0,1,2,A,-,11,21954,A,N,G,B,D,A,H,-,C,A,0,Y,,,,Y,,N,60,0,1,0,0,1,0,0,0,0,"- ","- ",,,"SAN FRANCISCO","SAN FRANCISCO",-122.43862915039062,37.721622467041016
9634766,2023,2023-12-27,3801,2023-11-12,1038,156,BAYVI,7,5,7,3801,0,0,0,,0,3C15A,"THOMAS MELLON CIR","GIANTS EXPRESSWAY",0.00,,N,A,-,N,,,,,,,,,,Y,3,0,1,1,A,-,13,22515,A,N,H,J,A,A,H,-,A,-,0,,,,,Y,,A,01,0,1,0,0,0,0,0,0,0,"- ","- ",,,"SAN FRANCISCO","SAN FRANCISCO",,
9634767,2023,2023-12-19,3801,2023-11-11,2312,308,RICHM,6,5,7,3801,0,0,0,,0,3G15E,"GEARY BL","10TH AV",0.00,,Y,A,-,N,,,,,,,,,,Y,2,0,2,2,A,-,12,21453,A,N,D,C,A,A,H,-,C,A,0,,,Y,,Y,,C,02,1,0,1,0,0,0,0,0,1,"- ","- ",,,"SAN FRANCISCO","SAN FRANCISCO",-122.46858215332031,37.780891418457031
9634771,2023,2023-12-19,3801,2023-11-11,1812,2407,MISSI,6,5,7,3801,0,0,0,,0,3D90,"MISSION ST","25TH ST",148.00,N,N,A,-,N,,,,,,,,,,N,4,0,1,2,A,-,09,21804,A,N,B,G,A,A,H,-,C,A,0,,Y,,,Y,,A,01,0,0,1,0,0,0,1,0,0,"- ","- ",,,"SAN FRANCISCO","SAN FRANCISCO",-122.41835021972656,37.751064300537109
9634773,2023,2023-12-19,3801,2023-11-14,1844,246,TARAV,2,5,7,3801,0,0,0,,0,4CAR,"WEST PORTAL AV","VICENTE ST",0.00,,Y,A,-,N,,,,,,,,,,N,4,0,1,2,A,-,10,21950,A,F,-,B,B,A,H,-,C,A,0,Y,,,,Y,Y,A,01,0,0,1,0,1,0,0,0,0,"- ","- ",,,"SAN FRANCISCO","SAN FRANCISCO",-122.46701812744141,37.739734649658203
9634779,2023,2023-12-19,3801,2023-11-11,1634,2186,INGLE,6,5,7,3801,0,0,0,,0,3H15A,"MISSION ST","MISSION ST 5750",0.00,,N,A,-,N,,,,,,,,,,N,4,0,1,2,A,-,00,21954,,N,G,B,B,A,H,-,B,A,0,Y,,,,Y,Y,N,60,0,0,1,0,1,0,0,0,0,"- ","- ",,,"SAN FRANCISCO","SAN FRANCISCO",-122.41979217529297,37.7705078125
9634785,2023,2024-01-20,3801,2023-11-10,1827,933,INGLE,5,5,7,3801,0,0,0,,0,0H5,"OCEAN AV","SAN JOSE AV",0.00,,Y,A,-,N,,,,,,,,,,N,3,0,1,2,A,-,10,21950,A,N,G,B,B,B,H,-,C,A,0,Y,,,,Y,Y,A,01,0,1,0,0,1,0,0,0,0,"- ","- ",,,"SAN FRANCISCO","SAN FRANCISCO",-122.44480895996094,37.722934722900391
9634788,2023,2024-01-20,3801,2023-11-10,"57  ",1688,BAYVI,5,5,7,3801,0,0,0,,0,3C13E,"HUNTERS POINT BL","HAWES ST",80.00,N,N,A,-,N,,,,,,,,,,N,4,0,2,2,A,-,05,21651,A,N,B,C,A,A,H,-,C,A,0,,,,,Y,,A,01,0,0,2,0,0,0,0,0,0,"- ","- ",,,"SAN FRANCISCO","SAN FRANCISCO",-122.376953125,37.733844757080078
9634790,2023,2024-01-20,3801,2023-11-09,1435,750,TENDE,4,5,7,3801,0,0,0,,0,,"9TH ST","MARKET ST",0.00,,Y,A,-,N,,,,,,,,,,,4,0,1,2,A,-,"- ",,,N,G,J,A,A,H,-,A,A,0,,,,,Y,Y,-,,0,0,1,0,0,0,0,0,0,"- ","- ",,,"SAN FRANCISCO","SAN FRANCISCO",-122.41632843017578,37.777500152587891
9634792,2023,2024-01-20,3801,2023-11-03,1121,A20952,INGLE,5,5,7,3801,0,0,0,,0,3H11A,"MISSION ST","29TH ST",0.00,,Y,A,-,N,,,,,,,,,,N,3,0,1,2,A,-,21,22106,,N,G,B,E,A,H,-,A,D,0,Y,,,,Y,,A,01,0,1,0,0,1,0,0,0,0,"- ","- ",,,"SAN FRANCISCO","SAN FRANCISCO",-122.42092132568359,37.744083404541016
9634797,2023,2024-02-07,3801,2023-11-06,"829 ",1131,BAYVI,1,5,7,3801,0,0,0,,0,3C11A,"IOWA ST","23RD ST",259.00,S,N,B,-,N,,,,,,,,,,N,3,0,1,2,A,-,06,21755,A,N,D,C,A,B,H,-,A,D,0,,,Y,,Y,Y,C,02,0,1,0,0,0,0,0,0,1,"- ","- ",,,"SAN FRANCISCO","SAN FRANCISCO",-122.39180755615234,37.754486083984375
9634800,2023,2024-01-20,3801,2023-11-06,1500,1057,SOUTH,1,5,7,3801,0,0,0,,0,3B12D,"FOLSOM ST","4TH ST",0.00,,Y,A,-,N,,,,,,,,,,N,4,0,1,2,A,-,12,21453,A,N,D,-,A,A,H,-,A,A,0,,Y,,,Y,,L,04,0,0,1,0,0,0,1,0,0,"- ","- ",,,"SAN FRANCISCO","SAN FRANCISCO",-122.40116119384766,37.782035827636719
9634802,2023,2024-01-20,3801,2023-11-07,"845 ",4267,TARAV,2,5,7,3801,0,0,0,,0,3I11A,"17TH AV","LAWTON ST",0.00,,Y,A,-,N,,,,,,,,,,N,4,0,1,2,D,-,00,,,F,G,B,B,A,H,-,A,A,0,Y,,,,Y,,-,"- ",0,0,1,0,1,0,0,0,0,"- ","- ",,,"SAN FRANCISCO","SAN FRANCISCO",-122.47459411621094,37.758060455322266
9634804,2023,2024-01-20,3801,2023-11-07,1500,359,TARAV,2,5,7,3801,0,0,0,,0,3I3B,"MARKET ST","GOUGH ST",0.00,,Y,A,-,N,,,,,,,,,,Y,4,0,1,2,A,-,03,22350,,N,C,C,A,A,H,-,A,A,0,,,,,Y,,A,07,0,0,1,0,0,0,0,0,0,"- ","- ",,,"SAN FRANCISCO","SAN FRANCISCO",-122.42221069335938,37.772872924804688
9634854,2023,2023-12-22,3801,2023-10-13,1034,4375,TRAFF,5,5,7,3801,0,0,0,,0,4B1F,"MCALLISTER ST","LAGUNA ST",0.00,,N,A,-,N,,,,,,,,,,Y,2,0,3,3,A,-,12,21453,A,N,D,C,A,A,H,-,A,A,0,,,Y,,Y,Y,A,08,1,1,1,0,0,0,0,0,2,"- ","- ",,,"SAN FRANCISCO","SAN FRANCISCO",-122.42681884765625,37.779262542724609
9635306,2023,2024-01-18,3801,2023-11-11,1921,2130,RICHM,6,5,7,3801,0,0,0,,0,3G14D,"21ST AV","CALIFORNIA ST",0.00,,Y,A,-,N,,,,,,,,,,Y,4,0,1,4,A,-,09,21800,A,N,D,D,A,A,H,-,C,D,0,,,,,Y,,A,01,0,0,1,0,0,0,0,0,0,"- ","- ",,,"SAN FRANCISCO","SAN FRANCISCO",-122.48072052001953,37.784069061279297
9635318,2023,2024-01-22,3801,2023-11-12,1905,2157,RICHM,7,5,7,3801,0,0,0,,0,001,"PARK PRESIDIO BY PASS DR","FULTON ST",65.00,S,N,A,-,N,,,,,,,,,,Y,4,0,1,4,A,-,03,22350,,N,C,C,A,A,H,-,C,A,0,,,,,Y,,D,22,0,0,1,0,0,0,0,0,0,"- ","- ",,,"SAN FRANCISCO","SAN FRANCISCO",-122.47177124023438,37.772953033447266
9635319,2023,2024-01-18,3801,2023-11-20,1030,1580,SOUTH,1,5,7,3801,0,0,0,,0,3B4A,"HOWARD ST","3RD ST",0.00,,Y,A,-,N,,,,,,,,,,N,4,0,1,3,A,-,12,21453,A,F,B,C,A,A,H,-,A,A,0,,,,,Y,,D,22,0,0,1,0,0,0,0,0,0,"- ","- ",,,"SAN FRANCISCO","SAN FRANCISCO",-122.40049743652344,37.785007476806641
9635500,2023,2023-12-13,3801,2023-09-26,1834,1226,SOUTH,2,5,7,3801,0,0,0,,0,150001,"BRANNAN ST","4TH ST",0.00,,Y,A,-,N,,,,,,,,,,N,4,0,1,2,A,-,09,21801,A,N,D,G,A,A,H,-,A,A,0,,Y,,,Y,,A,01,0,0,1,0,0,0,1,0,0,"- ","- ",,,"SAN FRANCISCO","SAN FRANCISCO",-122.39653778076172,37.778327941894531
9635982,2023,2024-02-12,3801,2023-12-25,1630,426,NORTH,1,5,7,3801,0,0,0,,0,3E13D,"GOUGH ST","VALLEJO ST",0.00,,Y,A,-,N,,,,,,,,,,,4,0,1,2,A,-,12,22450,A,N,D,C,A,A,H,-,A,A,0,,,,,Y,,A,01,0,0,1,0,0,0,0,0,0,"- ","- ",,,"SAN FRANCISCO","SAN FRANCISCO",-122.4268798828125,37.796291351318359
9635987,2023,2024-02-12,3801,2023-12-24,1600,2452,CENTR,7,5,7,3801,0,0,0,,0,,"HYDE ST","MCALLISTER ST",0.00,,Y,F,-,N,,,,,,,,,,N,4,0,1,2,A,-,06,21750,,N,D,G,A,-,H,-,B,D,0,,Y,,,Y,,L,04,0,0,1,0,0,0,1,0,0,"- ","- ",,,"SAN FRANCISCO","SAN FRANCISCO",-122.41532135009766,37.780738830566406
9635993,2023,2024-02-12,3801,2023-12-23,1510,2118,SOUTH,6,5,7,3801,0,0,0,,0,3B00C,"3RD ST","MISSION ST",0.00,,Y,A,-,N,,,,,,,,,,N,4,0,1,2,A,-,10,21950,A,F,G,B,B,A,H,-,A,A,0,Y,,,,Y,,A,01,0,0,1,0,1,0,0,0,0,"- ","- ",,,"SAN FRANCISCO","SAN FRANCISCO",-122.40200042724609,37.786266326904297
9635995,2023,2024-02-12,3801,2023-12-23,1520,670,INGLE,6,5,7,3801,0,0,0,,0,3H16D,"SUNNYDALE AV","SAWYER ST",0.00,,Y,A,-,N,,,,,,,,,,N,4,0,2,2,A,-,12,22450,A,F,D,C,A,A,H,-,A,A,0,,,,,Y,,A,01,0,0,2,0,0,0,0,0,0,"- ","- ",,,"SAN FRANCISCO","SAN FRANCISCO",-122.41508483886719,37.711647033691406
9635999,2023,2024-02-12,3801,2023-12-22,2004,1166,INGLE,5,5,7,3801,0,0,0,,0,3H15D,"MISSION ST","LOWELL ST",0.00,,Y,A,-,N,,,,,,,,,,Y,4,0,3,2,A,-,04,21703,,N,C,C,A,A,H,-,C,A,0,,,,,Y,,A,01,0,0,3,0,0,0,0,0,0,"- ","- ",,,"SAN FRANCISCO","SAN FRANCISCO",-122.4464111328125,37.711448669433594
9636117,2023,2024-01-30,3801,2023-11-12,2054,524,,7,5,7,3801,0,0,0,,0,3H15E,"OCEAN AV","SAN JOSE AV",0.00,,Y,A,-,N,,,,,,,,,,Y,4,0,2,2,A,-,12,21453,A,N,D,C,A,A,H,-,C,A,0,,,,,Y,,A,01,0,0,2,0,0,0,0,0,0,"- ","- ",,,"SAN FRANCISCO","SAN FRANCISCO",-122.44480895996094,37.722934722900391
9636241,2023,2024-02-13,3801,2023-12-22,1424,1503,,5,5,7,3801,0,0,0,,0,3C78,"CESAR CHAVEZ ST","KANSAS ST",770.00,E,N,A,-,N,,,,,,,,,,N,4,0,1,2,A,-,17,21235,G,N,D,C,A,A,H,-,A,D,0,,,,,Y,,M,94,0,0,1,0,0,0,0,0,0,"- ","- ",,,"SAN FRANCISCO","SAN FRANCISCO",-122.39940643310547,37.749561309814453
9636246,2023,2024-02-13,3801,2023-12-24,2158,2741,,7,5,7,3801,0,0,0,,0,3J12E,"TURK ST","LARKIN ST",106.00,W,N,A,-,N,,,,,,,,,,N,4,0,1,2,A,-,03,22350,,F,G,B,D,A,H,-,C,D,0,Y,,,,Y,,-,99,0,0,1,0,1,0,0,0,0,"- ","- ",,,"SAN FRANCISCO","SAN FRANCISCO",-122.41770172119141,37.782333374023438
9636248,2023,2024-02-12,3801,2023-12-24,1530,1428,,7,5,7,3801,0,0,0,,0,3D14D,"17TH ST","NOE ST",0.00,,Y,A,-,N,,,,,,,,,,N,3,0,1,1,A,-,03,22350,,N,H,I,A,A,H,-,A,D,0,,,,,Y,,M,94,0,1,0,0,0,0,0,0,0,"- ","- ",,,"SAN FRANCISCO","SAN FRANCISCO",-122.43296813964844,37.762630462646484
9636252,2023,2024-02-12,3801,2023-12-23,2308,2437,,6,5,7,3801,0,0,0,,0,3C15E,"THOMAS AV","INGALLS ST",90.00,W,N,A,-,N,,,,,,,,,,Y,3,0,1,4,A,-,03,22350,,N,B,E,A,A,H,-,C,D,0,,,,,Y,,A,08,0,1,0,0,0,0,0,0,0,"- ","- ",,,"SAN FRANCISCO","SAN FRANCISCO",-122.38595581054688,37.727382659912109
9636254,2023,2024-02-12,3801,2023-12-20,1543,2443,,3,5,7,3801,0,0,0,,0,3C13D,"INGALLS ST","HUDSON AV",0.00,,Y,B,-,N,,,,,,,,,,Y,4,0,1,1,D,-,00,,,N,F,I,A,A,H,-,A,A,0,,,,,Y,,-,"- ",0,0,1,0,0,0,0,0,0,"- ","- ",,,"SAN FRANCISCO","SAN FRANCISCO",-122.37961578369141,37.73248291015625