CASE_ID,ACCIDENT_YEAR,PROC_DATE,JURIS,COLLISION_DATE,COLLISION_TIME,OFFICER_ID,REPORTING_DISTRICT,DAY_OF_WEEK,CHP_SHIFT,POPULATION,CNTY_CITY_LOC,SPECIAL_COND,BEAT_TYPE,CHP_BEAT_TYPE,CITY_DIVISION_LAPD,CHP_BEAT_CLASS,BEAT_NUMBER,PRIMARY_RD,SECONDARY_RD,DISTANCE,DIRECTION,INTERSECTION,WEATHER_1,WEATHER_2,STATE_HWY_IND,CALTRANS_COUNTY,CALTRANS_DISTRICT,STATE_ROUTE,ROUTE_SUFFIX,POSTMILE_PREFIX,POSTMILE,LOCATION_TYPE,RAMP_INTERSECTION,SIDE_OF_HWY,TOW_AWAY,COLLISION_SEVERITY,NUMBER_KILLED,NUMBER_INJURED,PARTY_COUNT,PRIMARY_COLL_FACTOR,PCF_CODE_OF_VIOL,PCF_VIOL_CATEGORY,PCF_VIOLATION,PCF_VIOL_SUBSECTION,HIT_AND_RUN,TYPE_OF_COLLISION,MVIW,PED_ACTION,ROAD_SURFACE,ROAD_COND_1,ROAD_COND_2,LIGHTING,CONTROL_DEVICE,CHP_ROAD_TYPE,PEDESTRIAN_ACCIDENT,BICYCLE_ACCIDENT,MOTORCYCLE_ACCIDENT,TRUCK_ACCIDENT,NOT_PRIVATE_PROPERTY,ALCOHOL_INVOLVED,STWD_VEHTYPE_AT_FAULT,CHP_VEHTYPE_AT_FAULT,COUNT_SEVERE_INJ,COUNT_VISIBLE_INJ,COUNT_COMPLAINT_PAIN,COUNT_PED_KILLED,COUNT_PED_INJURED,COUNT_BICYCLIST_KILLED,COUNT_BICYCLIST_INJURED,COUNT_MC_KILLED,COUNT_MC_INJURED,PRIMARY_RAMP,SECONDARY_RAMP,LATITUDE,LONGITUDE,COUNTY,CITY,POINT_X,POINT_Y
9636256,2023,2024-02-12,3801,2023-12-19,1630,2180,,2,5,7,3801,0,0,0,,0,3C91B,"KEITH ST","PALOU AV",0.00,,Y,A,-,N,,,,,,,,,,N,3,0,1,1,A,-,12,22450,A,N,H,-,A,A,H,-,B,A,0,,,,,Y,,M,94,0,1,0,0,0,0,0,0,0,"- ","- ",,,"SAN FRANCISCO","SAN FRANCISCO",-122.38714599609375,37.731868743896484
9636259,2023,2024-02-12,3801,2023-12-22,1752,2390,PARK,5,5,7,3801,0,0,0,,0,3F13D,"BUENA VISTA AV E","DUBOCE AV",0.00,,N,A,-,N,,,,,,,,,,Y,4,0,1,2,A,-,01,23152,A,N,C,E,A,A,H,-,C,D,0,,,,,Y,Y,A,01,0,0,1,0,0,0,0,0,0,"- ","- ",,,"SAN FRANCISCO","SAN FRANCISCO",-122.43833923339844,37.769092559814453
9636260,2023,2024-02-12,3801,2023-12-22,2317,1350,,5,5,7,3801,0,0,0,,0,3C13E,"GIRARD ST","SILLIMAN ST",0.00,,Y,A,-,N,,,,,,,,,,Y,4,0,2,2,A,-,01,23152,A,N,C,C,A,A,H,-,C,A,0,,,,,Y,Y,A,01,0,0,2,0,0,0,0,0,0,"- ","- ",,,"SAN FRANCISCO","SAN FRANCISCO",-122.40608978271484,37.730979919433594
9636265,2023,2024-02-16,3801,2023-12-24,"200 ",2141,TARAV,7,5,7,3801,0,0,0,,0,3I15E,"LAKE MERCED BL","SUNSET BL",76.00,W,N,A,-,N,,,,,,,,,,Y,3,0,1,1,A,-,03,22350,,N,H,-,A,A,H,-,C,D,0,,,,,Y,Y,A,01,0,1,0,0,0,0,0,0,0,"- ","- ",,,"SAN FRANCISCO","SAN FRANCISCO",-122.49380493164062,37.729515075683594
9636271,2023,2024-08-26,3801,2023-12-22,2343,4178,PARK,5,5,7,3801,0,0,0,,0,3F12E,"17TH ST","ORD ST",0.00,,Y,A,-,N,,,,,,,,,,Y,4,0,1,2,A,-,00,22658,A,N,D,E,A,A,H,-,C,D,0,,,,,Y,,A,01,0,0,1,0,0,0,0,0,0,"- ","- ",,,"SAN FRANCISCO","SAN FRANCISCO",-122.44017028808594,37.762172698974609
9636276,2023,2024-02-20,3801,2023-12-20,2046,4041,TRARV,3,5,7,3801,0,0,0,,0,315D,"SLOAT BL","19TH AV",0.00,,Y,A,-,N,,,,,,,,,,Y,4,0,1,2,A,-,09,21801,A,F,D,C,A,A,H,-,C,A,0,,,,,Y,,A,01,0,0,1,0,0,0,0,0,0,"- ","- ",,,"SAN FRANCISCO","SAN FRANCISCO",-122.47511291503906,37.734561920166016
9636278,2023,2024-02-20,3801,2023-12-04,2300,2288,INGLE,1,5,7,3801,0,0,0,,0,3H00,"VELASCO AV","CALGARY ST",0.00,,Y,E,-,N,,,,,,,,,,N,4,0,1,2,A,-,12,22450,A,N,D,C,A,A,H,-,C,A,0,,,,,Y,,A,01,0,0,1,0,0,0,0,0,0,"- ","- ",,,"SAN FRANCISCO","SAN FRANCISCO",-122.41593933105469,37.708992004394531
9636284,2023,2024-02-27,3801,2023-12-17,1855,229,MISSI,7,5,7,3801,0,0,0,,0,3D13A,"19TH ST","VALENCIA ST",125.00,W,N,A,-,N,,,,,,,,,,N,3,0,1,2,A,-,08,22105,,F,B,G,A,A,H,-,C,A,0,,Y,,,Y,,A,01,0,1,0,0,0,0,1,0,0,"- ","- ",,,"SAN FRANCISCO","SAN FRANCISCO",-122.42182922363281,37.760082244873047
9636286,2023,2024-02-27,3801,2023-12-16,1827,2722,INGLE,6,5,7,3801,0,0,0,,0,3H11D,"SAN JOSE AV","THERESA ST",0.00,,Y,A,-,N,,,,,,,,,,Y,4,0,1,2,A,-,03,22350,,N,A,D,A,A,H,-,C,A,0,,,Y,,Y,,C,02,0,0,1,0,0,0,0,0,1,"- ","- ",,,"SAN FRANCISCO","SAN FRANCISCO",-122.43649291992188,37.730419158935547
9636288,2023,2024-02-27,3801,2023-12-06,2053,2463,SOUTH,3,5,7,3801,0,0,0,,0,3B60,"FOLSOM ST","HAWTHORNE ST",0.00,,Y,B,-,N,,,,,,,,,,Y,3,0,3,2,D,-,00,,,N,D,C,A,A,H,-,C,A,0,,,,,Y,,-,"- ",0,2,1,0,0,0,0,0,0,"- ","- ",,,"SAN FRANCISCO","SAN FRANCISCO",-122.39783477783203,37.784683227539062
9636292,2023,2024-03-19,3801,2023-12-16,2331,1827,MISSI,6,5,7,3801,0,0,0,,0,,"16TH ST","VALENCIA ST",0.00,,Y,A,-,N,,,,,,,,,,N,4,0,2,2,A,-,08,22107,,N,A,C,A,A,-,-,C,A,0,,Y,,,Y,,-,,0,0,2,0,0,0,1,0,0,"- ","- ",,,"SAN FRANCISCO","SAN FRANCISCO",-122.42189025878906,37.764907836914062
9636294,2023,2024-02-28,3801,2023-12-16,1135,2124,MISSI,6,5,7,3801,0,0,0,,0,3D3A,"18TH ST","CHURCH ST",0.00,,Y,A,-,N,,,,,,,,,,N,3,0,1,2,A,-,09,21801,A,N,D,G,A,A,H,-,A,D,0,,Y,,,Y,,A,01,0,1,0,0,0,0,1,0,0,"- ","- ",,,"SAN FRANCISCO","SAN FRANCISCO",-122.42838287353516,37.761299133300781
9636296,2023,2024-06-21,3801,2023-12-14,2000,899,RICHM,4,5,7,3801,0,0,0,,0,3G15A,"TOWNSEND ST","6TH ST",64.00,W,N,-,-,N,,,,,,,,,,N,3,0,1,2,A,-,09,21801,A,N,D,G,A,A,H,-,C,D,0,,Y,Y,,Y,,-,"- ",0,1,0,0,0,0,1,0,0,"- ","- ",,,"SAN FRANCISCO","SAN FRANCISCO",-122.39958190917969,37.773483276367188
9636302,2023,2024-02-14,3801,2023-12-15,1504,2722,MISSI,5,5,7,3801,0,0,0,,0,3D14D,"MISSION ST","23RD ST",287.00,S,N,A,-,N,,,,,,,,,,N,4,0,1,2,A,-,03,22350,,N,B,-,A,A,H,-,A,A,0,,,,,Y,Y,A,01,0,0,1,0,0,0,0,0,0,"- ","- ",,,"SAN FRANCISCO","SAN FRANCISCO",-122.41854095458984,37.753044128417969
9636304,2023,2024-02-14,3801,2023-12-15,"808 ",1457,TARAV,5,5,7,3801,0,0,0,,0,002,"IRVING ST","22ND AV",0.00,,Y,A,-,N,,,,,,,,,,Y,4,0,1,2,D,-,00,,,N,D,-,A,A,H,-,A,A,0,,,,,Y,,-,"- ",0,0,1,0,0,0,0,0,0,"- ","- ",,,"SAN FRANCISCO","SAN FRANCISCO",-122.48035430908203,37.763423919677734
9636306,2023,2024-02-14,3801,2023-12-14,1514,2400,BAYVI,4,5,7,3801,0,0,0,,0,002,"TOLAND ST","EVANS AV",26.00,S,N,A,-,N,,,,,,,,,,N,4,0,1,2,A,-,12,21453,A,F,D,G,A,A,H,-,A,A,0,,Y,,,Y,,L,04,0,0,1,0,0,0,1,0,0,"- ","- ",,,"SAN FRANCISCO","SAN FRANCISCO",-122.39598083496094,37.747161865234375
9636308,2023,2024-02-14,3801,2023-12-13,2200,2354,TARAV,3,5,7,3801,0,0,0,,0,001,"VICENTE ST","19TH AV",0.00,,Y,A,-,N,,,,,,,,,,N,4,0,1,2,A,-,12,21453,A,N,D,C,A,A,H,-,C,A,0,,,Y,,Y,,A,01,0,0,1,0,0,0,0,0,1,"- ","- ",,,"SAN FRANCISCO","SAN FRANCISCO",-122.47542572021484,37.739311218261719
9636309,2023,2024-02-14,3801,2023-12-13,1601,82,MISSI,3,5,7,3801,0,0,0,,0,3D13D,"21ST ST","S VAN NESS AV",121.00,E,N,A,-,N,,,,,,,,,,Y,4,0,1,2,A,-,03,22350,,N,C,C,A,A,H,-,A,A,0,,,,,Y,,A,01,0,0,1,0,0,0,0,0,0,"- ","- ",,,"SAN FRANCISCO","SAN FRANCISCO",-122.41633605957031,37.757194519042969
9636313,2023,2024-02-15,3801,2023-12-13,"700 ",4132,MISSI,3,5,7,3801,0,0,0,,0,006,"POTRERO AV","ALAMEDA ST",0.00,,Y,A,-,N,,,,,,,,,,N,3,0,1,2,A,-,04,21703,,N,C,C,A,A,H,-,B,A,0,,,Y,,Y,,A,01,0,1,0,0,0,0,0,0,1,"- ","- ",,,"SAN FRANCISCO","SAN FRANCISCO",-122.40779113769531,37.768383026123047
9638048,2023,2024-01-09,3801,2023-10-25,1018,1936,TRAFF,3,5,7,3801,0,0,0,,0,4B1D,"CONGO ST","MELROSE AV",0.00,,Y,A,-,N,,,,,,,,,,N,4,0,1,2,A,-,04,21703,,N,-,-,A,A,H,-,A,-,0,,,,,Y,,A,01,0,0,1,0,0,0,0,0,0,"- ","- ",,,"SAN FRANCISCO","SAN FRANCISCO",-122.44202423095703,37.733833312988281
9638094,2023,2023-12-07,3801,2023-11-05,"717 ",2379,CENTR,7,5,7,3801,0,0,0,,0,3A11A,"OFARRELL ST","CYRIL MAGNIN ST",0.00,,Y,A,-,N,,,,,,,,,,N,4,0,1,2,A,-,08,22100,A,N,B,D,A,A,H,-,A,B,0,,,,,Y,,A,07,0,0,1,0,0,0,0,0,0,"- ","- ",,,"SAN FRANCISCO","SAN FRANCISCO",-122.40894317626953,37.786312103271484
9638510,2023,2024-03-01,3801,2023-12-14,1403,1249,,4,5,7,3801,0,0,0,,0,3A91E,"POWELL ST","OFARRELL ST",0.00,,N,A,-,N,,,,,,,,,,N,3,0,1,2,A,-,11,21950,B,N,G,B,D,A,H,-,A,A,0,Y,,,,Y,,N,60,0,1,0,0,1,0,0,0,0,"- ","- ",,,"SAN FRANCISCO","SAN FRANCISCO",-122.40802764892578,37.78643798828125
9638530,2023,2024-01-18,3801,2023-11-05,1641,707,,7,5,7,3801,0,0,0,,0,4B3G,"EDDY ST","HYDE ST",25.00,W,N,B,-,N,,,,,,,,,,N,4,0,1,2,A,-,11,21954,A,N,G,B,E,A,H,-,B,D,0,Y,,,,Y,,N,60,0,0,1,0,1,0,0,0,0,"- ","- ",,,"SAN FRANCISCO","SAN FRANCISCO",-122.41597747802734,37.783500671386719
9638534,2023,2024-01-18,3801,2023-12-04,1255,1819,,1,5,7,3801,0,0,0,,0,3CAR,"VAN NESS AV","GOLDEN GATE AV",0.00,,Y,A,-,N,,,,,,,,,,Y,4,0,2,3,A,-,03,22350,,N,C,C,A,A,H,-,A,D,0,,,,,Y,,A,01,0,0,2,0,0,0,0,0,0,"- ","- ",,,"SAN FRANCISCO","SAN FRANCISCO",-122.42038726806641,37.781028747558594
9641804,2023,2023-12-15,3801,2023-10-31,"830 ",1224,MISSI,2,5,7,3801,0,0,0,,0,0D4,"26TH ST","CAPP ST",27.00,E,N,A,-,N,,,,,,,,,,Y,4,0,1,2,A,-,04,21703,,N,C,C,A,A,H,-,B,A,0,,,,,Y,,A,01,0,0,1,0,0,0,0,0,0,"- ","- ",,,"SAN FRANCISCO","SAN FRANCISCO",-122.41695404052734,37.749114990234375
9641812,2023,2023-12-18,3801,2023-10-30,1611,746,INGLE,1,5,7,3801,0,0,0,,0,3H13D,"SAN JOSE AV","SANTA ROSA AV",0.00,,Y,A,-,N,,,,,,,,,,N,4,0,1,2,A,-,10,21950,A,N,G,B,B,A,-,-,A,A,0,Y,,,,Y,,A,07,0,0,1,0,0,0,0,0,0,"- ","- ",,,"SAN FRANCISCO","SAN FRANCISCO",-122.44010162353516,37.728954315185547
9641814,2023,2023-12-11,3801,2023-10-28,1812,1825,SOUTH,6,5,7,3801,0,0,0,,0,3B3D,"7TH ST","TOWNSEND ST",0.00,,Y,A,-,N,,,,,,,,,,N,3,0,1,2,A,-,03,22350,,N,D,G,A,A,H,-,B,A,0,,Y,,,Y,,L,04,0,1,0,0,0,0,1,0,0,"- ","- ",,,"SAN FRANCISCO","SAN FRANCISCO",-122.40165710449219,37.771831512451172
9641823,2023,2023-12-08,3801,2023-10-20,1843,1994,TRAFF,5,5,7,3801,0,0,0,,0,4B3C,"BRANNAN ST","9TH ST",243.00,E,N,A,-,N,,,,,,,,,,N,4,0,1,2,A,-,09,21801,A,N,D,C,A,A,H,-,B,D,0,,,,,Y,,A,01,0,0,1,0,0,0,0,0,0,"- ","- ",,,"SAN FRANCISCO","SAN FRANCISCO",-122.40638732910156,37.770523071289062
9641825,2023,2023-12-08,3801,2023-10-30,1721,1057,SOUTH,1,5,7,3801,0,0,0,,0,3B13D,"THE EMBARCADERO SOUTH","BRYANT ST",0.00,,Y,A,-,N,,,,,,,,,,N,2,0,1,1,A,-,17,21663,,N,E,A,A,A,G,-,A,A,0,,Y,,,Y,,L,04,1,0,0,0,0,0,1,0,0,"- ","- ",,,"SAN FRANCISCO","SAN FRANCISCO",-122.38801574707031,37.787094116210938
9641826,2023,2023-12-19,3801,2023-10-19,2130,2445,MISSI,4,5,7,3801,0,0,0,,0,001,"MARKET ST","NOE ST",0.00,,Y,A,-,N,,,,,,,,,,N,4,0,2,5,A,-,22,23123,A,N,C,C,A,A,H,-,C,A,0,,,,,Y,,A,01,0,0,2,0,0,0,0,0,0,"- ","- ",,,"SAN FRANCISCO","SAN FRANCISCO",-122.43313598632812,37.764244079589844
9641832,2023,2023-12-08,3801,2023-10-29,2100,1447,PARK,7,5,7,3801,0,0,0,,0,003,"MASONIC AV","OAK ST",0.00,,Y,A,-,N,,,,,,,,,,N,4,0,1,2,A,-,09,21453,C,N,G,B,B,A,H,-,C,A,0,Y,,,,Y,,A,01,0,0,1,0,1,0,0,0,0,"- ","- ",,,"SAN FRANCISCO","SAN FRANCISCO",-122.44575500488281,37.772083282470703
9641834,2023,2023-12-08,3801,2023-10-29,1455,2210,SOUTH,7,5,7,3801,0,0,0,,0,0B4,"10TH ST","MISSION ST",0.00,,Y,A,-,N,,,,,,,,,,N,4,0,1,2,A,-,12,21453,A,F,D,G,A,A,-,-,A,A,0,,Y,Y,,Y,,L,04,0,0,1,0,0,0,0,0,1,"- ","- ",,,"SAN FRANCISCO","SAN FRANCISCO",-122.41590881347656,37.775276184082031
9641869,2023,2024-01-23,3801,2023-11-04,"236 ",1406,CENTR,6,5,7,3801,0,0,0,,0,3A1,"BUSH ST","LEAVENWORTH ST",8.00,E,N,A,-,N,,,,,,,,,,N,2,0,1,2,D,-,00,,,N,G,B,D,A,H,-,C,A,0,Y,,,,Y,,-,"- ",1,0,0,0,1,0,0,0,0,"- ","- ",,,"SAN FRANCISCO","SAN FRANCISCO",-122.41535186767578,37.789344787597656
9641871,2023,2024-01-23,3801,2023-11-04,1615,1337,NORTH,6,5,7,3801,0,0,0,,0,3E12D,"STEINER ST","FELL ST",0.00,,Y,A,-,N,,,,,,,,,,Y,4,0,1,2,A,-,09,21801,A,N,-,C,A,A,H,-,A,A,0,,,,,Y,,A,01,0,0,1,0,0,0,0,0,0,"- ","- ",,,"SAN FRANCISCO","SAN FRANCISCO",-122.43265533447266,37.774684906005859
9641876,2023,2024-01-23,3801,2023-11-03,"621 ",2059,CENTR,5,5,7,3801,0,0,0,,0,3A4A,"THE EMBARCADERO","WASHINGTON ST",620.00,S,N,A,-,N,,,,,,,,,,N,3,0,1,2,A,-,12,21453,A,F,D,G,A,A,H,-,C,A,0,,Y,,,Y,,A,07,0,1,0,0,0,0,1,0,0,"- ","- ",,,"SAN FRANCISCO","SAN FRANCISCO",-122.39446258544922,37.795185089111328
9641879,2023,2024-01-23,3801,2023-11-01,1937,2487,BAYVI,3,5,7,3801,0,0,0,,0,3C1,"25TH ST","ILLINOIS ST",0.00,,Y,A,-,N,,,,,,,,,,Y,3,0,1,2,A,-,01,23152,A,M,B,E,A,A,H,-,C,A,0,,,,,Y,Y,A,01,0,1,0,0,0,0,0,0,0,"- ","- ",,,"SAN FRANCISCO","SAN FRANCISCO",-122.38686370849609,37.752902984619141
9641880,2023,2024-01-23,3801,2023-11-02,"720 ",1428,MISSI,4,5,7,3801,0,0,0,,0,03D,"CHURCH ST","JERSEY ST",0.00,,Y,A,-,N,,,,,,,,,,Y,4,0,2,2,A,-,21,22106,,N,D,C,A,A,H,-,A,D,0,,,,,Y,,A,01,0,0,2,0,0,0,0,0,0,"- ","- ",,,"SAN FRANCISCO","SAN FRANCISCO",-122.42736053466797,37.750877380371094
9642021,2023,2024-01-17,3801,2023-11-04,2234,2718,,6,5,7,3801,0,0,0,,0,3C11D,"RD ST","WALLACE AVE",0.00,,Y,A,-,N,,,,,,,,,,N,3,0,1,1,A,-,00,21221,,N,H,A,A,A,H,-,C,A,0,,,Y,,Y,,C,03,0,1,0,0,0,0,0,0,1,"- ","- ",,,"SAN FRANCISCO","SAN FRANCISCO",,
9642022,2023,2024-01-17,3801,2023-11-01,1305,2366,,3,5,7,3801,0,0,0,,0,3E6C,"FRANKLIN ST","VALLEJO ST",0.00,,Y,A,-,N,,,,,,,,,,Y,4,0,1,3,A,-,03,22350,,N,C,C,A,A,H,-,A,A,0,,,,,Y,,A,01,0,0,1,0,0,0,0,0,0,"- ","- ",,,"SAN FRANCISCO","SAN FRANCISCO",-122.42523956298828,37.796489715576172
9642025,2023,2024-01-17,3801,2023-11-03,1834,582,,5,5,7,3801,0,0,0,,0,3A12E,"GEARY ST","LARKIN ST",0.00,,Y,A,-,N,,,,,,,,,,N,4,0,1,2,A,-,10,21950,A,N,G,B,B,A,H,-,C,A,0,Y,,,,Y,,A,01,0,0,1,0,1,0,0,0,0,"- ","- ",,,"SAN FRANCISCO","SAN FRANCISCO",-122.41810607910156,37.786113739013672
9642027,2023,2024-01-17,3801,2023-11-04,1306,484,,6,5,7,3801,0,0,0,,0,3E15A,"LAGUNA ST","UNION ST",0.00,,Y,A,-,N,,,,,,,,,,N,3,0,1,2,A,-,03,22350,,N,G,B,C,A,H,-,A,-,0,Y,,,,Y,,A,01,0,1,0,0,1,0,0,0,0,"- ","- ",,,"SAN FRANCISCO","SAN FRANCISCO",-122.4305419921875,37.797714233398438
9642030,2023,2024-01-17,3801,2023-11-04,2055,664,,6,5,7,3801,0,0,0,,0,3CAR,"ANZA ST","3RD AVE",51.00,E,N,A,-,N,,,,,,,,,,Y,4,0,1,4,A,-,03,22350,,N,C,E,-,A,H,-,C,A,0,Y,,,,Y,Y,A,01,0,0,1,0,1,0,0,0,0,"- ","- ",,,"SAN FRANCISCO","SAN FRANCISCO",-122.46075439453125,37.77923583984375
9642031,2023,2024-01-17,3801,2023-11-01,"652 ",1210,,3,5,7,3801,0,0,0,,0,0H3,"PERALTA AV","LISBON ST",0.00,,Y,A,-,N,,,,,,,,,,N,4,0,1,2,A,-,10,21950,A,N,G,B,B,A,H,-,C,A,0,Y,,,,Y,,A,01,0,0,1,0,1,0,0,0,0,"- ","- ",,,"SAN FRANCISCO","SAN FRANCISCO",,
9642032,2023,2024-01-25,3801,2023-11-01,"730 ",1511,,3,5,7,3801,0,0,0,,0,3C11A,"RT 280","CEASAR CHAVEZ ST",0.00,,Y,A,-,Y,SF,4,280,-,R,5.182,R,1,N,N,3,0,1,2,D,-,00,,,N,G,B,E,A,H,-,B,D,0,Y,,,,Y,,-,"- ",0,1,0,0,1,0,0,0,0,NF,"- ",,,"SAN FRANCISCO","SAN FRANCISCO",-122.39566802978516,37.744182586669922
9642048,2023,2024-01-23,3801,2023-11-08,1530,1374,TARAV,3,5,7,3801,0,0,0,,0,3I16D,"SAN JOSE AV","SICKLES AV",0.00,,Y,A,-,N,,,,,,,,,,N,4,0,2,3,A,-,04,21703,,N,C,C,A,A,H,-,A,A,0,,,,,Y,,A,01,0,0,2,0,0,0,0,0,0,"- ","- ",,,"SAN FRANCISCO","SAN FRANCISCO",-122.45581817626953,37.71124267578125
9642049,2023,2024-01-23,3801,2023-11-07,1456,2222,NORTH,2,5,7,3801,0,0,0,,0,3E11D,"LAGUNA ST","GREEN ST",0.00,,Y,A,-,N,,,,,,,,,,N,2,0,1,2,A,-,10,21950,A,F,G,B,B,A,H,-,A,A,0,Y,,,,Y,,A,01,1,0,0,0,1,0,0,0,0,"- ","- ",,,"SAN FRANCISCO","SAN FRANCISCO",-122.43035125732422,37.796787261962891
9642051,2023,2024-01-23,3801,2023-11-06,1720,1909,NORTH,1,5,7,3801,0,0,0,,0,NORTHE,"LOMBARD ST","LAGUNA ST",0.00,,Y,A,-,N,,,,,,,,,,N,3,0,1,2,A,-,10,21950,A,N,G,B,B,A,H,-,C,A,0,Y,,,,Y,,A,01,0,1,0,0,1,0,0,0,0,"- ","- ",,,"SAN FRANCISCO","SAN FRANCISCO",-122.43110656738281,37.80047607421875
9642052,2023,2024-01-23,3801,2023-11-06,1902,2222,NORTH,1,5,7,3801,0,0,0,,0,3E11D,"EDDY ST","VAN NESS AV",0.00,,Y,A,-,N,,,,,,,,,,N,4,0,1,2,A,-,11,21453,D,N,G,B,B,A,H,-,C,A,0,Y,,,,Y,,N,60,0,0,1,0,1,0,0,0,0,"- ","- ",,,"SAN FRANCISCO","SAN FRANCISCO",-122.42076110839844,37.782890319824219
9642058,2023,2024-01-23,3801,2023-11-03,1330,2735,MISSI,5,5,7,3801,0,0,0,,0,3D13E,"21ST ST","ALABAMA ST",0.00,,Y,A,-,N,,,,,,,,,,N,2,0,1,2,A,-,12,22450,A,N,G,B,B,A,H,-,A,A,0,Y,,,,Y,,A,01,1,0,0,0,1,0,0,0,0,"- ","- ",,,"SAN FRANCISCO","SAN FRANCISCO",-122.41141510009766,37.757503509521484
9642060,2023,2024-01-23,3801,2023-11-02,"531 ",317,CENTR,4,5,7,3801,0,0,0,,0,SECTOR,"STOCKTON ST","SUTTER ST",0.00,N,N,A,-,N,,,,,,,,,,Y,4,0,1,1,A,-,03,22350,,M,E,I,A,A,H,-,C,A,0,,,,,Y,,A,01,0,0,1,0,0,0,0,0,0,"- ","- ",,,"SAN FRANCISCO","SAN FRANCISCO",-122.40693664550781,37.789417266845703
9642141,2023,2023-12-15,3801,2023-08-11,1905,2712,MISSI,5,5,7,3801,0,0,0,,0,3D15D,"16TH ST","SOUTH VAN NESS AV",0.00,,Y,A,-,N,,,,,,,,,,Y,4,0,1,2,A,-,06,21755,A,N,D,D,A,A,H,-,A,A,0,,,Y,,Y,,C,02,0,0,1,0,0,0,0,0,1,"- ","- ",,,"SAN FRANCISCO","SAN FRANCISCO",-122.41748809814453,37.765178680419922
9646224,2023,2024-01-12,3801,2023-11-19,1643,1173,RICHM,7,5,7,3801,0,0,0,,0,901,"CABRILLO ST","45TH AV",0.00,,Y,A,-,N,,,,,,,,,,N,4,0,1,3,A,-,03,22350,,N,B,C,A,A,H,-,A,A,0,,,Y,,Y,Y,C,02,0,0,1,0,0,0,0,0,1,"- ","- ",,,"SAN FRANCISCO","SAN FRANCISCO",-122.50576019287109,37.773433685302734
9646762,2023,2024-02-21,3801,2023-12-15,2107,1406,MISSI,5,5,7,3801,0,0,0,,0,3D4,"21ST ST","SAN CARLOS ST",50.00,E,N,A,-,N,,,,,,,,,,N,4,0,1,2,A,-,09,21801,A,N,C,C,A,A,H,-,C,D,0,,,,,Y,,A,01,0,0,1,0,0,0,0,0,0,"- ","- ",,,"SAN FRANCISCO","SAN FRANCISCO",-122.41952514648438,37.756988525390625
9646763,2023,2024-02-21,3801,2023-12-15,"430 ",1308,SOUT,5,5,7,3801,0,0,0,,0,3B12E,"HARRISON ST","5TH ST",0.00,,Y,A,-,N,,,,,,,,,,N,4,0,1,2,A,-,12,21453,A,F,D,G,A,A,H,-,C,A,0,,Y,,,Y,,D,22,0,0,1,0,0,0,1,0,0,"- ","- ",,,"SAN FRANCISCO","SAN FRANCISCO",-122.40187072753906,37.779056549072266
9647791,2023,2024-01-11,3801,2023-11-07,"306 ",255,INGLE,2,5,7,3801,0,0,0,,0,3H15E,"MISSION ST","ALLISON ST",72.00,S,N,A,-,N,,,,,,,,,,Y,4,0,2,2,A,-,04,21703,,N,C,C,A,A,H,-,C,A,0,,,,,Y,,A,01,0,0,2,0,0,0,0,0,0,"- ","- ",,,"SAN FRANCISCO","SAN FRANCISCO",-122.44281005859375,37.714458465576172
9647803,2023,2024-01-11,3801,2023-11-05,"105 ",2722,CENTR,7,5,7,3801,0,0,0,,0,3A14E,BROADWAY,"BATTERY ST",0.00,,Y,A,-,N,,,,,,,,,,N,4,0,1,2,D,-,00,,,N,-,C,A,A,H,-,C,A,0,,,,Y,Y,,-,"- ",0,0,1,0,0,0,0,0,0,"- ","- ",,,"SAN FRANCISCO","SAN FRANCISCO",-122.40103912353516,37.798595428466797
9647819,2023,2023-12-28,3801,2023-10-30,1158,885,BAYVI,1,5,7,3801,0,0,0,,0,0C4,"SAN BRUNO AV","PAUL AV",83.00,N,N,A,-,N,,,,,,,,,,Y,4,0,1,2,A,-,06,21757,,N,B,E,A,A,H,-,A,D,0,,,,,Y,,I,20,0,0,1,0,0,0,0,0,0,"- ","- ",,,"SAN FRANCISCO","SAN FRANCISCO",-122.40213775634766,37.724136352539062
9647831,2023,2024-01-30,3801,2023-11-08,1810,1066,NORTH,3,5,7,3801,0,0,0,,0,3E11,"VAN NESS AV","FELL ST",0.00,,Y,A,-,N,,,,,,,,,,N,4,0,3,2,A,-,08,22107,,N,B,D,A,A,H,-,C,A,0,,,,,Y,,D,22,0,0,3,0,0,0,0,0,0,"- ","- ",,,"SAN FRANCISCO","SAN FRANCISCO",-122.41950225830078,37.776382446289062
9649632,2023,2023-12-30,3801,2023-10-31,1740,312,TARAV,2,5,7,3801,0,0,0,,0,2CAR,"20TH AV","JUDAH ST",0.00,,Y,A,-,N,,,,,,,,,,N,3,0,1,2,A,-,09,21802,A,N,D,G,A,A,H,-,A,-,0,,Y,,,Y,,L,04,0,1,0,0,0,0,1,0,0,"- ","- ",,,"SAN FRANCISCO","SAN FRANCISCO",-122.47808837890625,37.761650085449219
9650188,2023,2024-01-22,3801,2023-11-10,1200,1723,CENTR,5,5,7,3801,0,0,0,,0,002,"SUTTER ST","STOCKTON ST",20.00,E,N,A,-,N,,,,,,,,,,N,4,0,1,2,A,-,07,21658,A,F,B,C,A,A,H,-,A,D,0,,,,Y,Y,,F,25,0,0,1,0,0,0,0,0,0,"- ","- ",,,"SAN FRANCISCO","SAN FRANCISCO",-122.40687561035156,37.7894287109375