CASE_ID,ACCIDENT_YEAR,PROC_DATE,JURIS,COLLISION_DATE,COLLISION_TIME,OFFICER_ID,REPORTING_DISTRICT,DAY_OF_WEEK,CHP_SHIFT,POPULATION,CNTY_CITY_LOC,SPECIAL_COND,BEAT_TYPE,CHP_BEAT_TYPE,CITY_DIVISION_LAPD,CHP_BEAT_CLASS,BEAT_NUMBER,PRIMARY_RD,SECONDARY_RD,DISTANCE,DIRECTION,INTERSECTION,WEATHER_1,WEATHER_2,STATE_HWY_IND,CALTRANS_COUNTY,CALTRANS_DISTRICT,STATE_ROUTE,ROUTE_SUFFIX,POSTMILE_PREFIX,POSTMILE,LOCATION_TYPE,RAMP_INTERSECTION,SIDE_OF_HWY,TOW_AWAY,COLLISION_SEVERITY,NUMBER_KILLED,NUMBER_INJURED,PARTY_COUNT,PRIMARY_COLL_FACTOR,PCF_CODE_OF_VIOL,PCF_VIOL_CATEGORY,PCF_VIOLATION,PCF_VIOL_SUBSECTION,HIT_AND_RUN,TYPE_OF_COLLISION,MVIW,PED_ACTION,ROAD_SURFACE,ROAD_COND_1,ROAD_COND_2,LIGHTING,CONTROL_DEVICE,CHP_ROAD_TYPE,PEDESTRIAN_ACCIDENT,BICYCLE_ACCIDENT,MOTORCYCLE_ACCIDENT,TRUCK_ACCIDENT,NOT_PRIVATE_PROPERTY,ALCOHOL_INVOLVED,STWD_VEHTYPE_AT_FAULT,CHP_VEHTYPE_AT_FAULT,COUNT_SEVERE_INJ,COUNT_VISIBLE_INJ,COUNT_COMPLAINT_PAIN,COUNT_PED_KILLED,COUNT_PED_INJURED,COUNT_BICYCLIST_KILLED,COUNT_BICYCLIST_INJURED,COUNT_MC_KILLED,COUNT_MC_INJURED,PRIMARY_RAMP,SECONDARY_RAMP,LATITUDE,LONGITUDE,COUNTY,CITY,POINT_X,POINT_Y
9650203,2023,2024-02-01,3801,2023-12-10,"700 ",179,NORTH,7,5,7,3801,0,0,0,,0,3E12A,"FILLMORE ST","MCALLISTER ST",0.00,,Y,A,-,N,,,,,,,,,,N,4,0,1,2,A,-,12,21453,A,N,-,C,A,A,H,-,B,A,0,,,,Y,Y,,A,01,0,0,1,0,0,0,0,0,0,"- ","- ",,,"SAN FRANCISCO","SAN FRANCISCO",-122.43175506591797,37.778644561767578
9650245,2023,2024-01-11,3801,2023-11-30,1300,504,NORTH,4,5,7,3801,0,0,0,,0,3E15A,"LOMBARD ST","VAN NESS AV",0.00,,Y,A,-,N,,,,,,,,,,N,3,0,1,2,A,-,10,21950,A,N,G,B,B,A,H,-,A,A,0,Y,,,,Y,,A,08,0,1,0,0,1,0,0,0,0,"- ","- ",,,"SAN FRANCISCO","SAN FRANCISCO",-122.42446899414062,37.80133056640625
9650246,2023,2024-01-11,3801,2023-11-23,1328,1631,SOUTH,4,5,7,3801,0,0,0,,0,3B3A,"8TH ST","HOWARD ST",0.00,,Y,A,-,N,,,,,,,,,,N,4,0,1,2,A,-,10,21950,A,N,G,B,B,A,H,-,A,A,0,Y,,,,Y,,-,,0,0,1,0,1,0,0,0,0,"- ","- ",,,"SAN FRANCISCO","SAN FRANCISCO",-122.41159057617188,37.776229858398438
9650248,2023,2024-01-11,3801,2023-11-26,1535,1987,TENDE,7,5,7,3801,0,0,0,,0,3J14D,"EDDY ST","LEAVENWORTH ST",0.00,,Y,A,-,N,,,,,,,,,,N,3,0,1,2,A,-,"- ",,,N,H,A,A,A,H,-,A,A,0,,,,,Y,,L,04,0,1,0,0,0,0,0,0,0,"- ","- ",,,"SAN FRANCISCO","SAN FRANCISCO",-122.41423797607422,37.783729553222656
9650249,2023,2024-01-11,3801,2023-11-13,1635,2088,INGLE,1,5,7,3801,0,0,0,,0,3H90,"MISSION ST","RUSSIA AV",0.00,,Y,-,-,N,,,,,,,,,,N,3,0,2,3,A,-,11,21950,B,N,D,B,B,A,H,-,B,D,0,Y,,,,Y,,N,60,0,2,0,0,2,0,0,0,0,"- ","- ",,,"SAN FRANCISCO","SAN FRANCISCO",-122.43717956542969,37.721572875976562
9650253,2023,2024-01-11,3801,2023-11-24,1830,917,NORTH,5,5,7,3801,0,0,0,,0,4B2E,"GEARY BL","BUCHANAN ST",42.00,E,N,A,-,N,,,,,,,,,,Y,2,0,1,2,A,-,11,21954,A,N,G,B,D,A,H,-,C,D,0,Y,,,,Y,,N,60,1,0,0,0,1,0,0,0,0,"- ","- ",,,"SAN FRANCISCO","SAN FRANCISCO",-122.42947387695312,37.784698486328125
9650262,2023,2024-02-13,3801,2023-12-08,1407,801,SOUTH,5,5,7,3801,0,0,0,,0,0B2,"5TH ST","WELSH ST",0.00,,Y,A,-,N,,,,,,,,,,N,4,0,1,2,A,-,09,21804,A,N,D,C,A,A,H,-,A,D,0,,,Y,,Y,,A,01,0,0,1,0,0,0,0,0,1,"- ","- ",,,"SAN FRANCISCO","SAN FRANCISCO",-122.39974975585938,37.777374267578125
9650265,2023,2024-02-13,3801,2023-12-05,1728,2139,TARAV,2,5,7,3801,0,0,0,,0,901,"18TH AV","NORIEGA ST",0.00,,Y,A,-,N,,,,,,,,,,N,3,0,1,2,A,-,09,21800,A,N,D,C,A,A,H,-,C,A,0,,,,,Y,,A,07,0,1,0,0,0,0,0,0,0,"- ","- ",,,"SAN FRANCISCO","SAN FRANCISCO",-122.47540283203125,37.754261016845703
9650266,2023,2024-02-13,3801,2023-12-05,1724,1243,PARK,2,5,7,3801,0,0,0,,0,3F12C,"HAIGHT ST","COLE ST",0.00,,Y,A,-,N,,,,,,,,,,N,2,0,1,2,A,-,06,21755,A,N,C,G,A,A,H,-,C,D,0,,Y,,,Y,,L,04,1,0,0,0,0,0,1,0,0,"- ","- ",,,"SAN FRANCISCO","SAN FRANCISCO",-122.45072937011719,37.769508361816406
9650268,2023,2024-02-13,3801,2023-12-04,1415,4267,TARAV,1,5,7,3801,0,0,0,,0,3I16A,"OCEAN AV","FAXON AV",10.00,S,N,A,-,N,,,,,,,,,,N,3,0,1,2,D,-,00,,,N,H,B,B,A,H,-,A,A,0,Y,Y,,,Y,,-,"- ",0,1,0,0,1,0,0,0,0,"- ","- ",,,"SAN FRANCISCO","SAN FRANCISCO",-122.460205078125,37.724754333496094
9650269,2023,2024-02-13,3801,2023-12-01,1706,1669,TENDE,5,5,7,3801,0,0,0,,0,3J97C,"EDDY ST","POLK ST",206.00,E,N,A,-,N,,,,,,,,,,N,4,0,1,2,A,-,09,21804,A,N,B,C,A,A,H,-,C,D,0,,,Y,,Y,,A,01,0,0,1,0,0,0,0,0,0,"- ","- ",,,"SAN FRANCISCO","SAN FRANCISCO",-122.41847991943359,37.783172607421875
9650270,2023,2024-02-13,3801,2023-12-02,2252,246,TENDE,6,5,7,3801,0,0,0,,0,1CAR,"MARKET ST","MARKET ST 1300",0.00,,N,A,-,N,,,,,,,,,,N,4,0,1,1,A,-,03,22350,,N,H,A,A,B,H,-,C,A,0,,,Y,,Y,Y,C,02,0,0,1,0,0,0,0,0,1,"- ","- ",,,"SAN FRANCISCO","SAN FRANCISCO",,
9650281,2023,2024-02-05,3801,2023-12-10,"840 ",1351,MISSI,7,5,7,3801,0,0,0,,0,3D11,"VALENCIA ST","ROSA PARKS LN",0.00,,Y,A,B,N,,,,,,,,,,Y,4,0,1,2,A,-,10,21950,A,N,D,B,E,A,H,-,A,D,0,Y,,,,Y,,A,01,0,0,1,0,1,0,0,0,0,"- ","- ",,,"SAN FRANCISCO","SAN FRANCISCO",-122.42211151123047,37.767448425292969
9650284,2023,2024-02-05,3801,2023-12-09,1239,1352,MISSI,6,5,7,3801,0,0,0,,0,3D14C,"16TH ST","CAPP ST",0.00,,Y,A,-,N,,,,,,,,,,N,4,0,1,3,A,-,05,21460,A,N,-,C,A,A,H,-,A,A,0,,,,,Y,,A,01,0,0,1,0,0,0,0,0,0,"- ","- ",,,"SAN FRANCISCO","SAN FRANCISCO",-122.418701171875,37.765098571777344
9650287,2023,2024-02-05,3801,2023-12-12,"950 ",2008,MISSI,2,5,7,3801,0,0,0,,0,3D2A,"25TH ST","GUERRERO ST",0.00,,Y,A,-,N,,,,,,,,,,Y,4,0,1,2,A,-,09,21801,A,N,D,C,A,A,H,-,A,A,0,,,,,Y,,A,01,0,0,1,0,0,0,0,0,0,"- ","- ",,,"SAN FRANCISCO","SAN FRANCISCO",-122.42272186279297,37.750392913818359
9650293,2023,2024-02-05,3801,2023-12-05,2309,1183,NORTH,2,5,7,3801,0,0,0,,0,3E12E,"FULTON ST","FILLMORE ST",119.00,E,N,A,-,N,,,,,,,,,,N,4,0,1,2,A,-,21,22106,,N,D,C,A,A,H,-,C,D,0,,,Y,,Y,,A,01,0,0,1,0,0,0,0,0,1,"- ","- ",,,"SAN FRANCISCO","SAN FRANCISCO",-122.43115234375,37.777744293212891
9650300,2023,2024-02-05,3801,2023-12-01,1615,1707,NORTH,5,5,7,3801,0,0,0,,0,3E13D,"VAN NESS AV","TURK ST",0.00,,Y,A,-,N,,,,,,,,,,Y,4,0,1,2,A,-,12,21453,A,N,D,C,A,-,H,-,C,A,0,,,Y,,Y,,C,02,0,0,1,0,0,0,0,0,1,"- ","- ",,,"SAN FRANCISCO","SAN FRANCISCO",-122.42057800292969,37.781936645507812
9650312,2023,2024-02-23,3801,2023-12-01,1641,319,SOUTH,5,5,7,3801,0,0,0,,0,3B12D,"16TH ST","HUBBELL ST",0.00,,Y,A,-,N,,,,,,,,,,N,3,0,1,2,A,-,03,22350,,N,D,C,A,A,H,-,B,D,0,,,,,Y,,M,97,0,1,0,0,0,0,0,0,0,"- ","- ",,,"SAN FRANCISCO","SAN FRANCISCO",-122.39839935302734,37.766349792480469
9650423,2023,2024-01-24,3801,2023-12-12,1320,2452,CENTR,2,5,7,3801,0,0,0,,0,,"BATTERY ST","MARKET ST",0.00,,Y,A,-,N,,,,,,,,,,,4,0,1,2,D,-,00,,,N,C,C,A,A,H,-,A,A,0,,,,,Y,,-,"- ",0,0,1,0,0,0,0,0,0,"- ","- ",,,"SAN FRANCISCO","SAN FRANCISCO",-122.39951324462891,37.790767669677734
9650462,2023,2024-02-15,3801,2023-12-09,"739 ",1372,INGLE,6,5,7,3801,0,0,0,,0,3H13A,"VIENNA ST","POLE #110038140",8.00,S,N,A,-,N,,,,,,,,,,Y,3,0,1,3,A,-,03,22350,,N,B,E,A,A,H,-,A,D,0,,,,,Y,,A,01,0,1,0,0,0,0,0,0,0,"- ","- ",,,"SAN FRANCISCO","SAN FRANCISCO",,
9650464,2023,2024-02-15,3801,2023-12-06,1037,1396,SOUTH,3,5,7,3801,0,0,0,,0,3B15A,"HARRISON ST","OAK GROVE ST",0.00,,Y,A,-,N,,,,,,,,,,N,3,0,1,2,A,-,09,21804,A,N,D,C,A,B,D,-,A,D,0,,,,,Y,,A,01,0,1,0,0,0,0,0,0,0,"- ","- ",,,"SAN FRANCISCO","SAN FRANCISCO",-122.40296173095703,37.778148651123047
9650466,2023,2024-02-15,3801,2023-12-06,"857 ",1157,BAYVI,3,5,7,3801,0,0,0,,0,3C12A`,"3RD ST","CARGO WY",18.00,N,N,C,-,N,,,,,,,,,,Y,3,0,1,1,A,-,03,22350,,N,E,I,A,B,H,-,A,A,0,,,,,Y,,A,01,0,1,0,0,0,0,0,0,0,"- ","- ",,,"SAN FRANCISCO","SAN FRANCISCO",-122.38711547851562,37.746158599853516
9650468,2023,2024-02-15,3801,2023-12-05,2500,1741,SOUTH,2,5,7,3801,0,0,0,,0,901,"7TH ST","BRYANT ST",0.00,,Y,A,-,N,,,,,,,,,,Y,4,0,3,2,A,-,12,21453,A,N,D,C,A,A,H,-,C,A,0,,,,,Y,,A,01,0,0,3,0,0,0,0,0,0,"- ","- ",,,"SAN FRANCISCO","SAN FRANCISCO",-122.40485382080078,37.774375915527344
9650477,2023,2024-02-15,3801,2023-12-06,1426,282,TARAV,3,5,7,3801,0,0,0,,0,3I1B,"20TH AV","BUCKINGHAM WY",0.00,,Y,A,-,N,,,,,,,,,,N,4,0,1,2,A,-,10,21950,A,N,G,B,B,B,H,-,A,D,0,Y,,,,Y,,A,01,0,0,1,0,1,0,0,0,0,"- ","- ",,,"SAN FRANCISCO","SAN FRANCISCO",-122.47597503662109,37.730087280273438
9651678,2023,2024-09-03,3801,2023-12-10,"328 ",1182,CENTR,7,5,7,3801,0,0,0,,0,3A11E,"GEARY ST","TAYLOR ST",0.00,,Y,A,-,N,,,,,,,,,,Y,4,0,1,2,D,-,00,,,N,D,C,A,A,H,-,C,A,0,,,,,Y,,-,"- ",0,0,1,0,0,0,0,0,0,"- ","- ",,,"SAN FRANCISCO","SAN FRANCISCO",-122.41151428222656,37.786949157714844
9655144,2023,2024-02-12,3801,2023-12-11,1539,1057,SOUTH,1,5,7,3801,0,0,0,,0,3B12D,"HOWARD ST","10TH ST",0.00,,Y,A,-,N,,,,,,,,,,N,4,0,1,2,A,-,11,21453,D,N,G,B,B,A,H,-,A,A,0,Y,,,,Y,Y,N,60,0,0,1,0,1,0,0,0,0,"- ","- ",,,"SAN FRANCISCO","SAN FRANCISCO",-122.41436767578125,37.774024963378906
9655628,2023,2024-01-22,3801,2023-10-24,2132,926,CENTR,2,5,7,3801,0,0,0,,0,3A5E,"BATTERY ST","CALIFORNIA ST",0.00,,Y,A,-,N,,,,,,,,,,N,3,0,2,2,A,-,11,21456,A,N,G,B,B,A,H,-,C,A,0,Y,,Y,,Y,,N,60,0,1,1,0,1,0,0,0,1,"- ","- ",,,"SAN FRANCISCO","SAN FRANCISCO",-122.39997863769531,37.793231964111328
9656512,2023,2024-01-25,3801,2023-12-17,"0   ",221,RICHM,7,5,7,3801,0,0,0,,0,3G1E,"GREAT HWY","LINCOLN WY",650.00,N,N,A,-,N,,,,,,,,,,Y,4,0,1,1,A,-,03,22350,,N,E,J,A,A,-,-,C,D,0,,,,,Y,,A,01,0,0,1,0,0,0,0,0,0,"- ","- ",,,"SAN FRANCISCO","SAN FRANCISCO",-122.5103759765625,37.765823364257812
9656798,2023,2024-02-23,3801,2023-11-27,1600,1503,RICHM,1,5,7,3801,0,0,0,,0,3G13D,"GEARY BL","WOOD ST",0.00,W,N,A,-,N,,,,,,,,,,Y,3,0,6,2,A,-,08,22107,,N,B,C,A,-,H,-,A,D,0,,,,,Y,,A,01,0,1,5,0,0,0,0,0,0,"- ","- ",,,"SAN FRANCISCO","SAN FRANCISCO",-122.4490966796875,37.782352447509766
9658036,2023,2024-02-14,3801,2023-12-26,"905 ",1944,INGLE,2,5,7,3801,0,0,0,,0,006,"BAYSHORE BL","SUNNYDALE AV",96.00,S,N,A,-,N,,,,,,,,,,N,4,0,1,2,A,-,00,21703,A,N,C,C,A,A,H,-,A,A,0,,,,,Y,,I,11,0,0,1,0,0,0,0,0,0,"- ","- ",,,"SAN FRANCISCO","SAN FRANCISCO",-122.40532684326172,37.708648681640625
9658562,2023,2024-02-14,3801,2023-12-21,1437,2398,NORTH,4,5,7,3801,0,0,0,,0,03E,"VAN NESS AV","BUSH ST",10.00,N,N,A,-,N,,,,,,,,,,N,4,0,1,2,A,-,03,22350,,F,D,B,F,A,H,-,A,D,0,Y,Y,,,Y,,L,04,0,0,1,0,1,0,0,0,0,"- ","- ",,,"SAN FRANCISCO","SAN FRANCISCO",-122.42191314697266,37.788516998291016
9658564,2023,2024-02-14,3801,2023-12-30,1722,2722,INGLE,6,5,7,3801,0,0,0,,0,3H15D,"RUSSIA AV","ATHENS ST",0.00,,Y,B,-,N,,,,,,,,,,N,4,0,1,2,A,-,12,22450,A,N,A,C,A,A,H,-,C,A,0,,,,,Y,,M,94,0,0,1,0,0,0,0,0,0,"- ","- ",,,"SAN FRANCISCO","SAN FRANCISCO",-122.43077087402344,37.718540191650391
9658566,2023,2024-02-14,3801,2023-12-30,2337,2098,TENDE,6,5,7,3801,0,0,0,,0,3J14E,"TURK ST","HYDE ST",169.00,E,N,A,-,N,,,,,,,,,,N,3,0,1,2,A,-,17,21235,G,F,A,B,F,A,H,-,C,A,0,Y,,Y,,Y,,C,03,0,1,0,0,1,0,0,0,0,"- ","- ",,,"SAN FRANCISCO","SAN FRANCISCO",-122.41511535644531,37.782649993896484
9658572,2023,2024-02-14,3801,2023-12-28,1748,1707,NORTH,4,5,7,3801,0,0,0,,0,3E13D,"POLK ST","EDDY ST",0.00,,Y,A,-,N,,,,,,,,,,N,2,0,1,2,A,-,10,21950,A,N,-,B,B,A,H,-,C,A,0,Y,,,,Y,Y,A,01,1,0,0,0,1,0,0,0,0,"- ","- ",,,"SAN FRANCISCO","SAN FRANCISCO",-122.41918182373047,37.7830810546875
9658634,2023,2024-02-14,3801,2023-12-29,2001,2722,INGLE,5,5,7,3801,0,0,0,,0,3H13D,"SENECA AV","MISSION ST",0.00,,Y,C,-,N,,,,,,,,,,N,4,0,1,2,A,-,08,22107,,N,G,B,B,B,H,-,C,A,0,Y,,,,Y,,A,01,0,0,1,0,1,0,0,0,0,"- ","- ",,,"SAN FRANCISCO","SAN FRANCISCO",-122.44013214111328,37.717658996582031
9658637,2023,2024-02-14,3801,2023-12-26,1846,101,INGLE,2,5,7,3801,0,0,0,,0,3H15D,"MISSION ST","ITALY AV",0.00,,-,A,-,N,,,,,,,,,,N,4,0,1,2,A,-,14,24252,A,N,D,C,A,A,H,-,C,D,0,,,Y,,Y,,C,03,0,0,1,0,0,0,0,0,1,"- ","- ",,,"SAN FRANCISCO","SAN FRANCISCO",-122.43952941894531,37.718467712402344
9658638,2023,2024-02-14,3801,2023-12-26,1824,327,MISSI,2,5,7,3801,0,0,0,,0,3D16C,"DOLORES ST","16TH ST",0.00,,Y,A,-,N,,,,,,,,,,Y,2,0,3,2,A,-,12,21453,A,N,D,C,A,A,H,-,C,A,0,,,,,Y,,A,01,1,0,2,0,0,0,0,0,0,"- ","- ",,,"SAN FRANCISCO","SAN FRANCISCO",-122.42644500732422,37.764640808105469
9658846,2023,2024-03-01,3801,2023-12-29,1515,964,NORTH,5,5,7,3801,0,0,0,,0,,"VAN NESS AV","GEARY BL",0.00,,Y,C,-,Y,SF,4,101,-,-,5.600,H,-,S,N,3,0,1,2,A,-,11,21453,D,N,B,B,B,B,H,-,A,A,0,Y,,,,Y,,N,60,0,1,0,0,1,0,0,0,0,"- ","- ",,,"SAN FRANCISCO","SAN FRANCISCO",-122.42144012451172,37.785511016845703
9659422,2023,2024-02-12,3801,2023-12-08,1149,875,CENTR,5,5,7,3801,0,0,0,,0,3A77,"KEARNY ST","SACRAMENTO ST",0.00,,N,A,-,N,,,,,,,,,,N,4,0,1,2,A,-,10,21950,A,N,G,B,B,A,H,-,A,A,0,Y,,,,Y,,A,07,0,0,1,0,1,0,0,0,0,"- ","- ",,,"SAN FRANCISCO","SAN FRANCISCO",-122.40458679199219,37.793601989746094
9659424,2023,2024-02-12,3801,2023-12-10,2120,2143,MISSI,7,5,7,3801,0,0,0,,0,,"VALENCIA ST","SYCAMORE ST",0.00,,Y,A,-,N,,,,,,,,,,N,4,0,1,1,A,-,17,21209,,N,H,-,A,A,H,-,B,D,0,,,Y,,Y,Y,C,02,0,0,1,0,0,0,0,0,1,"- ","- ",,,"SAN FRANCISCO","SAN FRANCISCO",-122.42164611816406,37.762550354003906
9662822,2023,2024-02-23,3801,2023-01-22,1840,1435,TRAFF,7,5,7,3801,0,0,0,,0,4B4C,"BAY ST","VAN NESS AV",11.00,E,N,A,-,N,,,,,,,,,,N,2,0,1,2,A,-,11,21456,A,F,G,B,B,A,H,-,C,A,0,Y,,,,Y,,N,60,1,0,0,0,1,0,0,0,0,"- ","- ",,,"SAN FRANCISCO","SAN FRANCISCO",-122.42510986328125,37.804134368896484
9670643,2023,2024-02-23,3801,2023-10-18,"755 ",575,CENTR,3,5,7,3801,0,0,0,,0,3A11A,"LARKIN ST","POST ST",0.00,,Y,A,-,N,,,,,,,,,,N,4,0,1,2,A,-,05,21650,,N,A,-,A,A,H,-,A,A,0,,Y,,,Y,,L,04,0,0,1,0,0,0,1,0,0,"- ","- ",,,"SAN FRANCISCO","SAN FRANCISCO",-122.41826629638672,37.787040710449219
9671882,2023,2024-03-06,3801,2023-12-30,"814 ",A23982,PARK,6,5,7,3801,0,0,0,,0,3F13A,"STANYAN ST","FELL ST",0.00,,Y,C,-,N,,,,,,,,,,Y,3,0,1,2,A,-,07,21658,A,N,C,E,A,B,H,-,A,D,0,,,,,Y,,A,01,0,1,0,0,0,0,0,0,0,"- ","- ",,,"SAN FRANCISCO","SAN FRANCISCO",-122.45407104492188,37.77197265625
9672911,2023,2024-04-29,3801,2023-02-13,"922 ",2008,MISSI,1,5,7,3801,0,0,0,,0,3D13A,"23RD ST","TREAT AV",0.00,,Y,A,-,N,,,,,,,,,,N,3,0,1,3,A,-,12,22450,,F,D,G,A,A,H,-,A,-,0,,Y,,Y,Y,,A,07,0,1,0,0,0,0,1,0,0,"- ","- ",,,"SAN FRANCISCO","SAN FRANCISCO",-122.41312408447266,37.754173278808594
9675448,2023,2024-02-24,3801,2023-07-25,1600,426,NORTH,2,5,7,3801,0,0,0,,0,3E13D,"VAN NESS AV","GEARY ST",0.00,,Y,A,-,N,,,,,,,,,,,4,0,1,2,A,-,10,21950,A,F,G,B,B,A,H,-,A,A,0,Y,,,,Y,,A,01,0,0,1,0,1,0,0,0,0,"- ","- ",,,"SAN FRANCISCO","SAN FRANCISCO",-122.42131805419922,37.785697937011719
9678300,2023,2024-03-11,3801,2023-12-22,1800,4036,TRAFF,5,5,7,3801,0,0,0,,0,4B1B,"GRANT AV","POST ST",10.00,N,N,A,-,N,,,,,,,,,,N,4,0,1,1,C,-,18,,,N,-,J,A,A,H,-,C,A,0,,,Y,,Y,,-,"- ",0,0,1,0,0,0,0,0,1,"- ","- ",,,"SAN FRANCISCO","SAN FRANCISCO",-122.40522766113281,37.788726806640625
9683203,2023,2024-05-15,3801,2023-11-07,1110,2314,PARK,2,5,7,3801,0,0,0,,0,3F12A,"PORTOLA DR","BURNETT AV",0.00,,Y,A,-,N,,,,,,,,,,Y,3,0,4,2,A,-,09,21801,A,N,A,C,A,A,H,-,A,A,0,,,,,Y,,A,01,0,1,3,0,0,0,0,0,0,"- ","- ",,,"SAN FRANCISCO","SAN FRANCISCO",-122.44486999511719,37.747016906738281
9711937,2023,2024-07-15,3801,2023-10-14,1424,1528,SOUTH,6,5,7,3801,0,0,0,,0,3B5A,"4TH ST","HARRISON ST",0.00,,Y,A,-,Y,SF,4,80,-,-,4.914,R,4,W,N,4,0,1,2,A,-,00,22101,E,N,D,G,A,A,H,-,A,A,0,,Y,,,Y,,L,04,0,0,1,0,0,0,1,0,0,"- ","- ",,,"SAN FRANCISCO","SAN FRANCISCO",-122.40031433105469,37.779399871826172
9712531,2023,2024-09-24,3801,2023-12-15,2003,1907,INGLE,5,5,7,3801,0,0,0,,0,3H3D,"SAN JOSE AV","GENEVA AV",100.00,S,N,A,-,N,,,,,,,,,,N,4,0,2,2,A,-,21,22106,,N,C,C,A,A,H,-,C,D,0,,,,,Y,,A,01,0,0,2,0,0,0,0,0,0,"- ","- ",,,"SAN FRANCISCO","SAN FRANCISCO",-122.44681549072266,37.720497131347656
9714668,2023,2024-07-18,3801,2023-12-30,"816 ",1949,BAYVI,6,5,7,3801,0,0,0,,0,3C15A,"REVERE AV","GRIFFITH ST",0.00,,Y,A,-,N,,,,,,,,,,N,3,0,1,2,A,-,21,22106,,F,G,B,E,A,-,-,A,D,0,Y,,,,Y,,A,01,0,1,0,0,1,0,0,0,0,"- ","- ",,,"SAN FRANCISCO","SAN FRANCISCO",-122.38082885742188,37.726371765136719
9742044,2023,2024-11-01,3801,2023-10-11,1600,4798,NORTH,3,5,7,3801,0,0,0,,0,3E00,"FILLMORE ST","GREENWICH ST",50.00,N,N,A,-,N,,,,,,,,,,N,3,0,1,2,A,-,21,22106,,F,G,B,E,A,H,-,A,D,0,Y,,,,Y,,A,07,0,1,0,0,1,0,0,0,0,"- ","- ",,,"SAN FRANCISCO","SAN FRANCISCO",-122.43590545654297,37.799095153808594
8939731,2023,2025-06-28,3801,2023-10-19,"51  ",1422,TRAFF,4,5,7,3801,0,0,0,,0,04B,"VAN NESS AV","OFARRELL ST",21.00,N,N,A,-,N,,,,,,,,,,Y,1,1,0,2,A,-,11,21954,A,N,G,B,D,A,H,-,C,A,0,Y,,,,Y,Y,N,60,0,0,0,1,0,0,0,0,0,"- ","- ",,,"SAN FRANCISCO","SAN FRANCISCO",-122.42113494873047,37.784816741943359
91960320,2023,2023-01-05,9335,2023-01-02,2025,023111,,1,2,7,3801,0,1,1,,1,083,"I-80 E/B","THE TREASURE ISLAND TUNNEL",2140.00,W,N,C,-,Y,SF,,80," "," ",7.730,H,,R,N,4,0,1,1,A,-,08,22107,,N,E,I,A,B,H,-,C,D,0,,,,,Y,,A,01,0,0,1,0,0,0,0,0,0,"- ","- ",37.809169769287109,-122.3662109375,"SAN FRANCISCO","SAN FRANCISCO",-122.36616516113281,37.809135437011719
91968220,2023,2023-01-13,9335,2023-01-06,"815 ",023118,,5,1,7,3801,0,1,1,,2,023,"I-280 N/B","OCEAN AVENUE",500.00,N,N,B,-,Y,SF,,280," ",R,1.885,H,,R,Y,3,0,1,3,A,-,03,22350,,N,C,C,A,B,H,-,E,D,0,,,,,Y,,A,01,0,1,0,0,0,0,0,0,0,"- ","- ",37.724571228027344,-122.44699096679688,"SAN FRANCISCO","SAN FRANCISCO",-122.447021484375,37.724578857421875
91978004,2023,2023-01-26,9335,2023-01-17,"930 ",021957,,2,1,7,3801,0,1,1,,2,022,"I-280 S/B FROM BOSWORTH ST.","THERESA ST. PEDESTRAIN OVER-CROSSING",224.00,S,N,A,-,Y,SF,,280," ",R,2.582,H,,L,Y,4,0,1,2,A,-,03,22350,,N,C,C,A,A,H,-,A,D,0,,,,,Y,,A,01,0,0,1,0,0,0,0,0,0,"- ","- ",37.730918884277344,-122.43760681152344,"SAN FRANCISCO","SAN FRANCISCO",-122.43756103515625,37.730819702148438
91978111,2023,2023-01-26,9335,2023-01-13,1100,022007,,5,1,7,3801,0,1,1,,2,023,"I-280 N/B","ST. MARY'S FOOTBRIDGE PEDESTRIAN OVER-CROSSING",34.00,S,N,B,C,Y,SF,,280," ",R,3.518,H,,R,N,2,0,2,1,A,-,08,22107,,N,E,I,A,B,H,-,A,D,0,,,,,Y,,A,07,2,0,0,0,0,0,0,0,0,"- ","- ",37.731849670410156,-122.42079925537109,"SAN FRANCISCO","SAN FRANCISCO",-122.4207763671875,37.731754302978516
91981357,2023,2023-01-30,9335,2023-01-16,1232,018804,,1,1,7,3801,0,1,1,,2,023,"I-280 N/B TO US 101 S/B","SILVER AVE",785.00,S,N,A,-,Y,SF,,101," "," ",1.620,H,,R,Y,2,0,2,1,A,-,08,22107,,N,E,I,A,A,H,-,A,D,0,,,,,Y,,A,01,1,1,0,0,0,0,0,0,0,"- ","- ",37.730701446533203,-122.40386962890625,"SAN FRANCISCO","SAN FRANCISCO",-122.40398406982422,37.730667114257812
91981365,2023,2023-01-30,9335,2023-01-19,1821,023167,,4,2,7,3801,0,1,1,,1,081,"I-80 W/B","NORTHGATE ROAD",1700.00,E,N,A,-,Y,SF,,80," ",R,8.422,H,,L,Y,4,0,3,3,A,-,04,21703,,N,C,C,A,A,H,-,C,D,0,,,,,Y,,A,01,0,0,3,0,0,0,0,0,0,"- ","- ",37.816291809082031,-122.35707092285156,"SAN FRANCISCO","SAN FRANCISCO",-122.35718536376953,37.816432952880859
91981366,2023,2023-01-30,9335,2023-01-19,2030,023121,,4,2,7,3801,0,1,1,,2,080,"I-80 E/B","DIVISION ST",136.00,E,N,A,-,Y,SF,,80," "," ",4.123,H,,R,N,4,0,1,2,A,-,03,22350,,N,C,C,A,A,H,-,C,A,0,,,,,Y,,A,01,0,0,1,0,0,0,0,0,0,"- ","- ",37.770130157470703,-122.40534210205078,"SAN FRANCISCO","SAN FRANCISCO",-122.40533447265625,37.770130157470703