CASE_ID,ACCIDENT_YEAR,PROC_DATE,JURIS,COLLISION_DATE,COLLISION_TIME,OFFICER_ID,REPORTING_DISTRICT,DAY_OF_WEEK,CHP_SHIFT,POPULATION,CNTY_CITY_LOC,SPECIAL_COND,BEAT_TYPE,CHP_BEAT_TYPE,CITY_DIVISION_LAPD,CHP_BEAT_CLASS,BEAT_NUMBER,PRIMARY_RD,SECONDARY_RD,DISTANCE,DIRECTION,INTERSECTION,WEATHER_1,WEATHER_2,STATE_HWY_IND,CALTRANS_COUNTY,CALTRANS_DISTRICT,STATE_ROUTE,ROUTE_SUFFIX,POSTMILE_PREFIX,POSTMILE,LOCATION_TYPE,RAMP_INTERSECTION,SIDE_OF_HWY,TOW_AWAY,COLLISION_SEVERITY,NUMBER_KILLED,NUMBER_INJURED,PARTY_COUNT,PRIMARY_COLL_FACTOR,PCF_CODE_OF_VIOL,PCF_VIOL_CATEGORY,PCF_VIOLATION,PCF_VIOL_SUBSECTION,HIT_AND_RUN,TYPE_OF_COLLISION,MVIW,PED_ACTION,ROAD_SURFACE,ROAD_COND_1,ROAD_COND_2,LIGHTING,CONTROL_DEVICE,CHP_ROAD_TYPE,PEDESTRIAN_ACCIDENT,BICYCLE_ACCIDENT,MOTORCYCLE_ACCIDENT,TRUCK_ACCIDENT,NOT_PRIVATE_PROPERTY,ALCOHOL_INVOLVED,STWD_VEHTYPE_AT_FAULT,CHP_VEHTYPE_AT_FAULT,COUNT_SEVERE_INJ,COUNT_VISIBLE_INJ,COUNT_COMPLAINT_PAIN,COUNT_PED_KILLED,COUNT_PED_INJURED,COUNT_BICYCLIST_KILLED,COUNT_BICYCLIST_INJURED,COUNT_MC_KILLED,COUNT_MC_INJURED,PRIMARY_RAMP,SECONDARY_RAMP,LATITUDE,LONGITUDE,COUNTY,CITY,POINT_X,POINT_Y
92148923,2023,2023-08-21,9335,2023-08-09,2320,021754,,3,3,7,3801,0,1,2,,2,013,"US-101 SB","23RD STREET OVERCROSSING",320.00,S,N,A,-,Y,SF,,101," "," ",3.299,H,,L,Y,4,0,2,2,A,-,03,22350,,N,C,C,A,A,H,-,C,D,0,,,,,Y,,A,01,0,0,2,0,0,0,0,0,0,"- ","- ",37.753551483154297,-122.40309143066406,"SAN FRANCISCO","SAN FRANCISCO",-122.40305328369141,37.753551483154297
92148947,2023,2023-08-21,9335,2023-08-10,"120 ",022596,,4,3,7,3801,0,1,2,,2,014,"US-101 N/B","18TH STREET PEDESTRIAN OVERCROSSING",88.00,S,N,A,-,Y,SF,,101," "," ",3.940,H,,R,Y,4,0,1,2,A,-,07,21658,A,M,B,C,A,A,H,-,C,D,0,,,,,Y,Y,-,99,0,0,1,0,0,0,0,0,0,"- ","- ",37.761890411376953,-122.40579986572266,"SAN FRANCISCO","SAN FRANCISCO",-122.40579223632812,37.761886596679688
92151666,2023,2023-08-23,9335,2023-08-22,"525 ",021957,,2,3,7,3801,0,1,1,,1,081,"I-80 WB","TREASURE ISLAND RD OVERCROSSING",808.00,W,N,A,-,Y,SF,,80," "," ",7.568,H,,L,N,4,0,1,2,A,-,03,22350,,N,C,C,A,A,H,-,A,D,0,,,,,Y,,D,22,0,0,1,0,0,0,0,0,0,"- ","- ",37.807308197021484,-122.36808776855469,"SAN FRANCISCO","SAN FRANCISCO",-122.36797332763672,37.807231903076172
92151693,2023,2023-08-23,9335,2023-08-19,2330,023082,,6,3,7,3801,0,1,2,,2,013,"US-101 NORTHBOUND","22ND ST",580.00,N,N,A,-,Y,SF,,101," "," ",3.685,H,,R,Y,4,0,2,3,A,-,07,21658,A,N,C,C,A,A,H,-,C,D,0,,,,,Y,,A,01,0,0,2,0,0,0,0,0,0,"- ","- ",37.758628845214844,-122.40528869628906,"SAN FRANCISCO","SAN FRANCISCO",-122.40532684326172,37.758594512939453
92152180,2023,2023-08-24,9335,2023-08-14,1830,023312,,1,2,7,3801,0,1,1,,1,083,"I-80 E/B","NORTHGATE RD U/C",700.00,E,N,B,-,Y,SF,,80," ",R,8.240,H,,R,N,4,0,3,2,A,-,03,22350,,N,C,C,A,A,H,-,A,D,0,,,,,Y,,A,01,0,0,3,0,0,0,0,0,0,"- ","- ",37.814369201660156,-122.35955810546875,"SAN FRANCISCO","SAN FRANCISCO",-122.35970306396484,37.814529418945312
92154107,2023,2023-08-25,9335,2023-08-18,1450,022823,,5,2,7,3801,0,1,1,,2,080,"I-80 E/B","2ND ST",70.00,E,N,A,-,Y,SF,,80," "," ",5.429,H,,R,N,4,0,2,2,A,-,03,22350,,N,C,C,A,A,H,-,A,D,0,,,,,Y,,D,22,0,0,2,0,0,0,0,0,0,"- ","- ",37.783859252929688,-122.39417266845703,"SAN FRANCISCO","SAN FRANCISCO",-122.39418029785156,37.783866882324219
92158369,2023,2023-08-30,9335,2023-08-18,2315,023111,,5,3,7,3801,0,1,2,,2,014,"US-101 S/B","23RD STREET OVERCROSSING",1237.00,N,N,A,-,Y,SF,,101," "," ",3.604,H,,L,Y,4,0,1,2,A,-,03,22350,,N,C,C,A,A,H,-,C,D,0,,,,,Y,,A,01,0,0,1,0,0,0,0,0,0,"- ","- ",37.757789611816406,-122.40454864501953,"SAN FRANCISCO","SAN FRANCISCO",-122.40452575683594,37.757808685302734
92167554,2023,2023-09-11,9335,2023-08-30,1935,023373,,3,2,7,3801,0,1,2,,2,013,"US-101 N/B TO CESAR CHAVEZ ST.","OF BAYSHORE BLVD",86.00,S,N,A,-,Y,,,,,,,,,,N,3,0,1,2,A,-,01,23152,A,N,C,C,A,A,H,-,A,A,0,,,,,Y,Y,A,07,0,1,0,0,0,0,0,0,0,"- ","- ",37.746860504150391,-122.40392303466797,"SAN FRANCISCO","SAN FRANCISCO",-122.40392303466797,37.746860504150391
92169490,2023,2023-09-13,9335,2023-08-24,1455,022920,,4,2,7,3801,0,1,1,,1,081,"I-80 W/B","THE EMBARCADERO UNDERCROSSING",2273.00,E,N,A,-,Y,SF,,80," "," ",6.348,H,,L,N,3,0,1,2,A,-,03,22350,,N,C,C,A,A,H,-,A,D,0,,,,,Y,,A,07,0,1,0,0,0,0,0,0,0,"- ","- ",37.793758392333984,-122.38284301757812,"SAN FRANCISCO","SAN FRANCISCO",-122.38265228271484,37.793632507324219
92169497,2023,2023-09-13,9335,2023-09-04,"215 ",023063,,1,3,7,3801,0,1,1,,2,080,"I-80 WESTBOUND","BEALE STREET",451.00,W,N,A,-,Y,SF,,80," "," ",5.634,H,,L,Y,3,0,1,1,A,-,08,22107,,N,E,I,A,A,H,-,C,D,0,,,,,Y,,A,01,0,1,0,0,0,0,0,0,0,"- ","- ",37.785678863525391,-122.39128112792969,"SAN FRANCISCO","SAN FRANCISCO",-122.39131927490234,37.785713195800781
92171778,2023,2023-09-27,9335,2023-09-11,"210 ",022860,,1,3,7,3801,0,1,1,,2,024,"I-280 S/B","16TH STREET UNDERCROSSING",390.00,N,N,A,-,Y,SF,,280," ",R,6.964,H,,L,N,1,1,0,2,A,-,11,21954,A,N,G,B,E,A,H,-,D,D,0,Y,,,,Y,,N,60,0,0,0,1,0,0,0,0,0,"- ","- ",37.767421722412109,-122.39601898193359,"SAN FRANCISCO","SAN FRANCISCO",-122.39602661132812,37.767410278320312
92172951,2023,2023-09-18,9335,2023-09-10,1151,023256,,7,1,7,3801,0,1,2,,2,013,"US-101 N/B","CESAR CHAVEZ STREET",200.00,S,N,A,-,Y,SF,,101," "," ",2.700,H,,R,N,4,0,1,2,A,-,03,22350,,N,C,C,A,A,H,-,A,D,0,,,,,Y,,D,22,0,0,1,0,0,0,0,0,0,"- ","- ",37.745021820068359,-122.405029296875,"SAN FRANCISCO","SAN FRANCISCO",-122.40502166748047,37.745018005371094
92175165,2023,2023-09-20,9335,2023-09-09,"820 ",023312,,6,1,7,3801,0,1,2,,2,013,"US-101 N/B","FAITH ST PEDESTRIAN O/C",33.00,N,N,A,-,Y,SF,,101," "," ",2.623,H,,R,Y,3,0,1,2,A,-,03,22350,,N,B,C,A,A,H,-,A,D,0,,,Y,,Y,,C,02,0,1,0,0,0,0,0,0,1,"- ","- ",37.744010925292969,-122.40560150146484,"SAN FRANCISCO","SAN FRANCISCO",-122.40555572509766,37.743988037109375
92177301,2023,2023-09-22,9335,2023-09-11,2035,021200,,1,2,7,3801,0,1,1,,1,081,"I-80 W/B TO HARRISION STREET","HARRISON STREET OFF-RAMP PHYSICAL GORE POINT",200.00,W,N,A,-,Y,,,,,,,,,,N,4,0,2,1,A,-,03,22350,,N,E,I,A,A,H,-,D,D,0,,,,,Y,,A,01,0,0,2,0,0,0,0,0,0,"- ","- ",37.784019470214844,-122.39261627197266,"SAN FRANCISCO","SAN FRANCISCO",-122.39261627197266,37.784019470214844
92178537,2023,2023-09-25,9335,2023-09-08,1830,022795,,5,2,7,3801,0,1,2,,2,013,"US-101 S/B","BACON STREET",740.00,S,N,A,-,Y,SF,,101," "," ",1.349,H,,L,N,4,0,1,2,A,-,03,22350,,N,C,C,A,A,H,-,A,D,0,,,Y,,Y,,C,02,0,0,1,0,0,0,0,0,1,"- ","- ",37.726890563964844,-122.40261077880859,"SAN FRANCISCO","SAN FRANCISCO",-122.40260314941406,37.726890563964844
92182274,2023,2023-09-28,9335,2023-09-16,2345,023366,,6,3,7,3801,0,1,2,,2,014,"US 101 S/B","CESAR CHAVEZ ST",650.00,N,N,A,-,Y,SF,,101," "," ",3.129,H,,L,Y,4,0,1,1,A,-,08,22107,,N,E,I,A,A,H,-,C,D,0,,,,,Y,,A,01,0,0,1,0,0,0,0,0,0,"- ","- ",37.751121520996094,-122.40319061279297,"SAN FRANCISCO","SAN FRANCISCO",-122.40323638916016,37.751129150390625
92182313,2023,2023-09-28,9335,2023-08-19,"550 ",018399,,6,3,7,3801,0,1,1,,1,081,"I-80 W/B","2ND ST",406.00,E,N,A,-,Y,SF,,80," "," ",5.498,H,,L,Y,4,0,1,2,A,-,03,22350,,F,C,C,A,A,H,-,C,D,0,,,,,Y,,A,01,0,0,1,0,0,0,0,0,0,"- ","- ",37.784439086914062,-122.39324188232422,"SAN FRANCISCO","SAN FRANCISCO",-122.39337158203125,37.784648895263672
92185578,2023,2023-10-02,9335,2023-09-14,"905 ",023379,,4,1,7,3801,0,1,2,,2,014,"US-101 N/B","23RD ST",123.00,S,N,A,-,Y,SF,,101," "," ",3.339,H,,R,N,4,0,2,2,A,-,08,22107,,N,C,C,A,A,H,-,A,D,0,,,,,Y,,A,01,0,0,2,0,0,0,0,0,0,"- ","- ",37.754100799560547,-122.40313720703125,"SAN FRANCISCO","SAN FRANCISCO",-122.40290069580078,37.754112243652344
92187836,2023,2023-10-02,9335,2023-08-11,1735,023378,,5,2,7,3801,0,1,2,,2,013,"US-101 S/B TO I-280 S/B","CORTLAND AVENUE UNDERCROSSING",222.00,S,N,A,-,Y,SF,,101," "," ",2.232,H,,L,Y,3,0,1,2,A,-,07,21658,A,N,B,C,A,A,H,-,A,D,0,,,Y,,Y,,C,02,0,1,0,0,0,0,0,0,1,"- ","- ",37.739009857177734,-122.40825653076172,"SAN FRANCISCO","SAN FRANCISCO",-122.40817260742188,37.739013671875
92195009,2023,2023-10-10,9350,2023-09-29,2240,022956,,5,3,7,3801,0,1,2,,2,010,"US-101 S/B","MERCHANT RD",305.00,N,N,A,-,Y,,,,,,,,,,Y,4,0,1,1,A,-,08,22107,,N,E,I,A,A,H,-,C,A,0,,,,,Y,,A,01,0,0,1,0,0,0,0,0,0,"- ","- ",37.807258605957031,-122.47570037841797,"SAN FRANCISCO","SAN FRANCISCO",-122.47576141357422,37.807193756103516
92196524,2023,2023-10-11,9335,2023-09-29,1019,020068,,5,1,7,3801,0,1,1,,1,081,"I-80 W/B","THE EMBARCADERO",2106.00,E,N,A,-,Y,SF,,80," "," ",6.311,H,,L,N,4,0,1,2,A,-,03,22350,,N,C,C,A,A,H,-,A,D,0,,,,,Y,,A,01,0,0,1,0,0,0,0,0,0,"- ","- ",37.793251037597656,-122.38316345214844,"SAN FRANCISCO","SAN FRANCISCO",-122.38311004638672,37.793216705322266
92197700,2023,2023-10-12,9335,2023-09-30,1415,023474,,6,2,7,3801,0,1,1,,1,081,"I-80 W/B","YBI TUNNEL",298.00,E,N,A,-,Y,SF,,80," "," ",7.888,H,,L,Y,3,0,2,2,A,-,03,22350,,N,C,C,A,A,H,-,A,D,0,,,,,Y,,A,01,0,2,0,0,0,0,0,0,0,"- ","- ",37.810928344726562,-122.36421966552734,"SAN FRANCISCO","SAN FRANCISCO",-122.36424255371094,37.810943603515625
92199289,2023,2023-10-16,9335,2023-08-17,2115,023063,,4,2,7,3801,0,1,2,,2,015,"US-101 SOUTHBOUND","15TH STREET",152.00,S,N,A,-,Y,SF,,101," ",R,4.281,H,,L,N,4,0,1,2,A,-,07,21658,A,M,B,C,A,A,H,-,C,D,0,,,,,Y,,-,99,0,0,1,0,0,0,0,0,0,"- ","- ",37.766731262207031,-122.40538787841797,"SAN FRANCISCO","SAN FRANCISCO",-122.40540313720703,37.766727447509766
92202219,2023,2023-10-18,9350,2023-10-04,1740,020979,,3,2,7,3801,0,1,3,,2,011,"SR-1 S/B","MACARTHUR TUNNEL NORTH END",2153.00,N,N,A,-,Y,SF,,1," "," ",7.021,H,,L,N,4,0,1,2,A,-,08,22107,,N,B,C,A,A,H,-,A,D,0,,,,,Y,,A,07,0,0,1,0,0,0,0,0,0,"- ","- ",37.802070617675781,-122.46955108642578,"SAN FRANCISCO","SAN FRANCISCO",-122.46957397460938,37.802066802978516
92204723,2023,2023-10-20,9335,2023-08-27,2240,023167,,7,3,7,3801,0,1,2,,2,013,"US-101 N/B","FAITH ST OVERCROSSING",430.00,S,N,A,-,Y,SF,,101," "," ",2.530,H,,R,Y,4,0,1,2,A,-,03,22350,,M,C,2,A,A,H,-,C,D,0,,,,,Y,,A,01,0,0,1,0,0,0,0,0,0,"- ","- ",37.742870330810547,-122.40638732910156,"SAN FRANCISCO","SAN FRANCISCO",-122.40643310546875,37.742893218994141
92208095,2023,2023-10-25,9350,2023-10-21,1750,022468,,6,2,7,3801,0,1,2,,2,020,"US-101 S/B","CONZELMAN ROAD",1742.00,S,N,A,-,Y,,,,,,,,,,N,3,0,1,1,A,-,03,22350,,N,E,I,A,A,H,-,A,D,0,,Y,,,Y,,L,04,0,1,0,0,0,0,1,0,0,"- ","- ",37.8255615234375,-122.47931671142578,"SAN FRANCISCO","SAN FRANCISCO",-122.47953033447266,37.825527191162109
92209241,2023,2023-10-26,9335,2023-10-12,1102,023464,,4,1,7,3801,0,1,1,,1,081,"I-80 WESTBOUND","SPEAR ST UNDERCROSSING",80.00,E,N,A,-,Y,SF,,80," "," ",5.873,H,,L,Y,4,0,2,2,A,-,03,22350,,N,C,C,A,A,H,-,A,D,0,,,,Y,Y,,F,26,0,0,2,0,0,0,0,0,0,"- ","- ",37.788398742675781,-122.38848114013672,"SAN FRANCISCO","SAN FRANCISCO",-122.38841247558594,37.788352966308594
92221777,2023,2023-10-27,9335,2023-10-17,"544 ",020068,,2,3,7,3801,0,1,1,,1,081,"I-80 W/B","TREASURE ISLAND RD",2931.00,W,N,E,-,Y,SF,,80," "," ",7.170,H,,L,Y,4,0,1,2,A,-,03,22350,,N,C,C,A,A,H,-,C,D,0,,,,,Y,,A,01,0,0,1,0,0,0,0,0,0,"- ","- ",37.802871704101562,-122.37286376953125,"SAN FRANCISCO","SAN FRANCISCO",-122.37272644042969,37.802780151367188
92228177,2023,2023-11-06,9335,2023-10-17,1300,020658,,2,1,7,3801,0,1,1,,2,024,"I-280 S/B","OF EVANS AVENUE",200.00,S,N,A,-,Y,SF,,280," ",R,5.304,H,,L,Y,3,0,1,1,A,-,08,22107,,N,E,I,A,A,H,-,A,D,0,,,,,Y,,A,01,0,1,0,0,0,0,0,0,0,"- ","- ",37.745620727539062,-122.39456176757812,"SAN FRANCISCO","SAN FRANCISCO",-122.39462280273438,37.745643615722656
92230799,2023,2023-11-08,9350,2023-11-01,1855,021099,,3,2,7,3801,0,1,2,,2,020,"US-101 S/B","GOLDEN GATE BRIDGE TOLL PLAZA",20.00,N,N,A,-,Y,,,,,,,,,,N,4,0,1,1,A,-,08,22107,,N,E,I,A,A,H,-,C,A,0,,,,,Y,,A,07,0,0,1,0,0,0,0,0,0,"- ","- ",37.807258605957031,-122.4757080078125,"SAN FRANCISCO","SAN FRANCISCO",-122.47576904296875,37.807197570800781
92240126,2023,2023-11-20,9335,2023-11-08,1830,023367,,3,2,7,3801,0,1,1,,1,081,"I-80 W/B","TREASURE ISLAND RD OVERCROSSING",2483.00,W,N,A,-,Y,SF,,80," "," ",7.258,H,,L,Y,4,0,2,2,A,-,03,22350,,N,C,C,A,A,H,-,D,D,0,,,,,Y,,A,07,0,0,2,0,0,0,0,0,0,"- ","- ",37.803848266601562,-122.37180328369141,"SAN FRANCISCO","SAN FRANCISCO",-122.37167358398438,37.803764343261719
92243342,2023,2023-11-23,9335,2023-11-13,1440,023378,,1,2,7,3801,0,1,1,,2,022,"I-280 N/B","OCEAN AVENUE OVERCROSSING",365.00,N,N,A,-,Y,SF,,280," ",R,1.846,H,,R,Y,4,0,1,2,A,-,03,22350,,N,C,C,A,A,H,-,A,D,0,,,,Y,Y,,A,07,0,0,1,0,0,0,0,0,0,"- ","- ",37.724071502685547,-122.44732666015625,"SAN FRANCISCO","SAN FRANCISCO",-122.44729614257812,37.724056243896484
92244542,2023,2023-11-27,9335,2023-11-24,1830,022860,,5,2,7,3801,0,1,2,,2,013,"US-101 N/B","18 STREET PEDESTRIAN OVERCROSSING",200.00,N,N,A,-,Y,SF,,101," "," ",3.996,H,,R,N,4,0,2,2,A,-,04,21703,,N,C,C,A,A,H,-,C,D,0,,,,,Y,,A,01,0,0,2,0,0,0,0,0,0,"- ","- ",37.762649536132812,-122.40541839599609,"SAN FRANCISCO","SAN FRANCISCO",-122.40535736083984,37.762630462646484
92249783,2023,2023-12-01,9335,2023-10-26,2135,022596,,4,2,7,3801,0,1,2,,2,014,"US-101 N/B","22ND STREET PEDESTRIAN OVERCROSSING",39.00,S,N,A,-,Y,SF,,101," "," ",3.514,H,,R,Y,4,0,2,2,A,-,03,22350,,N,C,C,A,A,H,-,C,D,0,,,,,Y,,A,07,0,0,2,0,0,0,0,0,0,"- ","- ",37.756790161132812,-122.40335845947266,"SAN FRANCISCO","SAN FRANCISCO",-122.40333557128906,37.756797790527344
92249818,2023,2023-12-01,9335,2023-11-20,1218,019949,,1,1,7,3801,0,1,2,,2,014,"US-101 S/B TO US-101 S/B","15TH STREET UC",220.00,N,N,A,-,Y,SF,,101," ",R,4.342,H,,L,Y,4,0,4,3,A,-,03,22350,,N,C,C,A,A,H,-,A,D,0,,,,,Y,,D,22,0,0,4,0,0,0,0,0,0,"- ","- ",37.767601013183594,-122.40554046630859,"SAN FRANCISCO","SAN FRANCISCO",-122.40556335449219,37.767593383789062
92250770,2023,2023-12-04,9335,2023-10-15,2220,023067,,7,3,7,3801,0,1,2,,2,015,"US-101 N/B","MARKET ST",67.00,S,N,A,-,Y,SF,,101," ",M,5.439,H,,R,N,3,0,3,3,A,-,03,22350,,N,C,C,A,A,H,-,C,A,0,,,,,Y,,A,01,0,3,0,0,0,0,0,0,0,"- ","- ",37.771690368652344,-122.42315673828125,"SAN FRANCISCO","SAN FRANCISCO",-122.42318725585938,37.771678924560547
92250771,2023,2023-12-04,9335,2023-10-16,1112,018804,,1,1,7,3801,0,1,1,,2,023,"I-280 N/B","MISSION ST.",173.00,S,N,A,-,Y,SF,,280," ",R,3.063,H,,R,N,3,0,1,1,A,-,08,22107,,N,E,I,A,A,H,-,A,D,0,,,,,Y,,A,01,0,1,0,0,0,0,0,0,0,"- ","- ",37.731941223144531,-122.42909240722656,"SAN FRANCISCO","SAN FRANCISCO",-122.42906951904297,37.732032775878906
92250772,2023,2023-12-04,9335,2023-11-08,"626 ",018804,,3,1,7,3801,0,1,2,,2,014,"US 101 N/B","16TH STREET",40.00,N,N,A,-,Y,SF,,80," "," ",3.841,H,,R,N,4,0,2,2,A,-,08,22107,,N,E,C,A,A,H,-,B,D,0,,,,,Y,,A,07,0,0,2,0,0,0,0,0,0,"- ","- ",37.766139984130859,-122.40496063232422,"SAN FRANCISCO","SAN FRANCISCO",-122.40492248535156,37.766139984130859
92254473,2023,2024-10-10,9335,2023-11-03,1845,022920,,5,2,7,3801,0,1,1,,2,080,"I-80 W/B","THE 7TH STREET UNDERCROSSING",405.00,E,N,A,-,Y,SF,,80," "," ",4.578,H,,L,Y,4,0,1,2,A,-,03,22350,,N,C,C,A,A,H,-,C,D,0,,,,,Y,,A,01,0,0,1,0,0,0,0,0,0,"- ","- ",37.776149749755859,-122.40496826171875,"SAN FRANCISCO","SAN FRANCISCO",-122.40499877929688,37.776180267333984
92257223,2023,2023-12-08,9335,2023-10-07,2330,023357,,6,3,7,3801,0,1,2,,2,014,"US-101 N/B","17TH ST",46.00,S,N,A,-,Y,SF,,101," "," ",4.123,H,,R,N,3,0,2,6,A,-,07,21658,A,M,C,C,A,A,H,-,D,D,0,,,,,Y,,A,01,0,1,1,0,0,0,0,0,0,"- ","- ",37.764480590820312,-122.4049072265625,"SAN FRANCISCO","SAN FRANCISCO",-122.40489196777344,37.764480590820312
92257321,2023,2023-12-08,9335,2023-12-05,1700,023378,,2,2,7,3801,0,1,2,,2,013,"US-101 S/B","THE FAITH STREET PEDESTRIAN OVERCROSSING",909.00,N,N,A,-,Y,SF,,101," "," ",2.787,H,,L,Y,4,0,1,2,A,-,03,22350,,N,C,C,A,A,H,-,C,D,0,,,,,Y,,A,01,0,0,1,0,0,0,0,0,0,"- ","- ",37.746330261230469,-122.40473175048828,"SAN FRANCISCO","SAN FRANCISCO",-122.40478515625,37.746337890625
92257422,2023,2023-12-08,9335,2023-12-04,"915 ",019949,,1,1,7,3801,0,1,2,,2,013,"US-101 S/B","BLANKEN AVE UNDERCROSSING",150.00,S,N,A,-,Y,SF,,101," "," ",0.150,H,,L,Y,4,0,1,2,A,-,03,22350,,N,C,C,A,A,H,-,A,D,0,,,,,Y,,A,01,0,0,1,0,0,0,0,0,0,"- ","- ",37.710540771484375,-122.39552307128906,"SAN FRANCISCO","SAN FRANCISCO",-122.39562225341797,37.710525512695312
92257528,2023,2023-12-08,9335,2023-11-24,1520,022860,,5,2,7,3801,0,1,2,,2,013,"US-101 N/B","CORTLAND AVE UNDERCROSSING",350.00,N,N,A,-,Y,SF,,101," "," ",2.346,H,,R,N,4,0,1,2,A,-,07,21658,A,M,B,C,A,A,H,-,A,D,0,,,,,Y,,-,99,0,0,1,0,0,0,0,0,0,"- ","- ",37.74066162109375,-122.40802764892578,"SAN FRANCISCO","SAN FRANCISCO",-122.40779876708984,37.740612030029297
92257900,2023,2023-12-11,9335,2023-10-28,1900,023167,,6,2,7,3801,0,1,2,,2,014,"US-101 S/B","23RD STREET OVERCROSSING",390.00,S,N,A,-,Y,SF,,101," "," ",3.286,H,,L,N,4,0,3,2,A,-,03,22350,,M,C,C,A,A,H,-,C,D,0,,,,,Y,,-,99,0,0,3,0,0,0,0,0,0,"- ","- ",37.753360748291016,-122.40310668945312,"SAN FRANCISCO","SAN FRANCISCO",-122.40303802490234,37.753364562988281
92258086,2023,2023-12-11,9335,2023-09-23,"2   ",023118,,6,3,7,3801,0,1,1,,2,022,"I-280 S/B","HAVELOCK ST PEDESTRIAN OVERCROSSING",173.00,S,N,A,-,Y,SF,,280," ",R,2.008,H,,L,Y,4,0,1,2,A,-,03,22350,,N,A,C,A,A,H,-,D,D,0,,,,,Y,,A,01,0,0,1,0,0,0,0,0,0,"- ","- ",37.726158142089844,-122.44609069824219,"SAN FRANCISCO","SAN FRANCISCO",-122.44612121582031,37.726173400878906
92263056,2023,2023-12-15,9335,2023-09-27,1719,023483,,3,2,7,3801,0,1,1,,1,081,"I-80 W/B","THE EAST EDGE OF YERBA BUENA ISLAND TUNNEL",58.00,W,N,A,-,Y,SF,,80," "," ",7.809,H,,L,N,2,0,1,2,A,-,03,22350,,N,C,C,A,A,H,-,A,D,0,,,Y,,Y,,C,02,1,0,0,0,0,0,0,0,1,"- ","- ",37.809970855712891,-122.36508941650391,"SAN FRANCISCO","SAN FRANCISCO",-122.36515808105469,37.810020446777344
92263620,2023,2023-12-18,9335,2023-12-05,"655 ",023489,,2,1,7,3801,0,1,2,,2,013,"US-101 NORTHBOUND","CESAR CHAVEZ STREET",1214.00,S,N,A,-,Y,SF,,101," "," ",2.774,H,,R,Y,4,0,1,2,A,-,03,22350,,N,C,C,A,A,H,-,A,D,0,,,,,Y,,A,01,0,0,1,0,0,0,0,0,0,"- ","- ",37.746078491210938,-122.40474700927734,"SAN FRANCISCO","SAN FRANCISCO",-122.40467834472656,37.746067047119141
92263627,2023,2023-12-18,9335,2023-12-05,1605,023593,,2,2,7,3801,0,1,2,,2,013,"101 N/B","PAUL AVE",145.00,N,N,A,-,Y,SF,,101," "," ",1.141,H,,R,N,4,0,3,3,A,-,03,22350,,N,C,C,A,A,H,-,A,D,0,,,,,Y,,A,01,0,0,3,0,0,0,0,0,0,"- ","- ",37.723949432373047,-122.40117645263672,"SAN FRANCISCO","SAN FRANCISCO",-122.40117645263672,37.723949432373047
92263969,2023,2023-12-18,9335,2023-12-06,1428,023483,,3,2,7,3801,0,1,1,,1,081,"I-80 WESTBOUND","EMBARCADERO UNDERCROSSING",333.00,E,N,C,-,Y,SF,,80," "," ",5.981,H,,L,N,4,0,1,3,A,-,08,22107,,N,D,C,A,B,H,-,A,D,0,,,,,Y,,A,01,0,0,1,0,0,0,0,0,0,"- ","- ",37.789600372314453,-122.38715362548828,"SAN FRANCISCO","SAN FRANCISCO",-122.38709259033203,37.789562225341797