CASE_ID,ACCIDENT_YEAR,PROC_DATE,JURIS,COLLISION_DATE,COLLISION_TIME,OFFICER_ID,REPORTING_DISTRICT,DAY_OF_WEEK,CHP_SHIFT,POPULATION,CNTY_CITY_LOC,SPECIAL_COND,BEAT_TYPE,CHP_BEAT_TYPE,CITY_DIVISION_LAPD,CHP_BEAT_CLASS,BEAT_NUMBER,PRIMARY_RD,SECONDARY_RD,DISTANCE,DIRECTION,INTERSECTION,WEATHER_1,WEATHER_2,STATE_HWY_IND,CALTRANS_COUNTY,CALTRANS_DISTRICT,STATE_ROUTE,ROUTE_SUFFIX,POSTMILE_PREFIX,POSTMILE,LOCATION_TYPE,RAMP_INTERSECTION,SIDE_OF_HWY,TOW_AWAY,COLLISION_SEVERITY,NUMBER_KILLED,NUMBER_INJURED,PARTY_COUNT,PRIMARY_COLL_FACTOR,PCF_CODE_OF_VIOL,PCF_VIOL_CATEGORY,PCF_VIOLATION,PCF_VIOL_SUBSECTION,HIT_AND_RUN,TYPE_OF_COLLISION,MVIW,PED_ACTION,ROAD_SURFACE,ROAD_COND_1,ROAD_COND_2,LIGHTING,CONTROL_DEVICE,CHP_ROAD_TYPE,PEDESTRIAN_ACCIDENT,BICYCLE_ACCIDENT,MOTORCYCLE_ACCIDENT,TRUCK_ACCIDENT,NOT_PRIVATE_PROPERTY,ALCOHOL_INVOLVED,STWD_VEHTYPE_AT_FAULT,CHP_VEHTYPE_AT_FAULT,COUNT_SEVERE_INJ,COUNT_VISIBLE_INJ,COUNT_COMPLAINT_PAIN,COUNT_PED_KILLED,COUNT_PED_INJURED,COUNT_BICYCLIST_KILLED,COUNT_BICYCLIST_INJURED,COUNT_MC_KILLED,COUNT_MC_INJURED,PRIMARY_RAMP,SECONDARY_RAMP,LATITUDE,LONGITUDE,COUNTY,CITY,POINT_X,POINT_Y
92263971,2023,2023-12-18,9335,2023-12-06,1608,023483,,3,2,7,3801,0,1,1,,1,081,"I-80 W/B","THE EMBARCADERO UNDERCROSSING",884.00,E,N,C,-,Y,SF,,80," "," ",6.085,H,,L,Y,4,0,1,2,A,-,07,21658,A,N,C,C,A,B,H,-,A,D,0,,,Y,,Y,,C,02,0,0,1,0,0,0,0,0,1,"- ","- ",37.790760040283203,-122.38591766357422,"SAN FRANCISCO","SAN FRANCISCO",-122.38584136962891,37.790706634521484
92264210,2023,2023-12-18,9335,2023-09-27,2355,022876,,3,3,7,3801,0,1,1,,2,023,"I-280 N/B TO US-101 S/B","SAN BRUNO AVENUE",450.00,S,N,A,-,Y,,,,,,,,,,Y,3,0,1,1,C,-,18,,,N,E,I,A,A,H,-,D,D,0,,,,,Y,,-,"- ",0,1,0,0,0,0,0,0,0,"- ","- ",37.734401702880859,-122.408203125,"SAN FRANCISCO","SAN FRANCISCO",-122.408203125,37.734401702880859
92267464,2023,2023-12-20,9335,2023-07-23,"641 ",022920,,7,1,7,3801,0,1,1,,2,023,"I-280 S/B TO MONTEREY BOULEVARD","MONTEREY BOULEVARD",40.00,N,N,A,-,Y,,,,,,,,,,Y,2,0,3,4,A,-,01,23152,A,N,C,C,A,A,H,-,A,A,0,,,,,Y,Y,A,07,1,0,2,0,0,0,0,0,0,"- ","- ",37.731571197509766,-122.43624114990234,"SAN FRANCISCO","SAN FRANCISCO",-122.43624114990234,37.731571197509766
92268282,2023,2023-12-21,9350,2023-12-18,1720,021488,,1,2,7,3801,0,1,3,,2,011,"SR-1 N/B TO US-101 N/B","LINCOLN BLVD. UNDERCROSSING",1400.00,S,N,B,-,Y,,,,,,,,,,Y,4,0,1,1,A,-,03,22350,,N,E,I,A,B,H,-,C,D,0,,,,,Y,,A,01,0,0,1,0,0,0,0,0,0,"- ","- ",37.804119110107422,-122.47023773193359,"SAN FRANCISCO","SAN FRANCISCO",-122.47023773193359,37.804119110107422
92268368,2023,2023-12-21,9335,2023-12-18,"658 ",018053,,1,1,7,3801,0,1,1,,1,083,"I-80 E/B","YERBA BUENA ISLAND TUNNEL WEST EDGE",6970.00,W,N,C,-,Y,SF,,80," "," ",6.332,H,,R,Y,4,0,1,3,A,-,08,22107,,M,B,C,A,B,H,-,B,D,0,,,,,Y,,-,99,0,0,1,0,0,0,0,0,0,"- ","- ",37.793521881103516,-122.38294982910156,"SAN FRANCISCO","SAN FRANCISCO",-122.38285064697266,37.793453216552734
92269481,2023,2023-12-22,9335,2023-09-22,1435,022920,,5,2,7,3801,0,1,1,,2,080,"I-80 E/B","THE BRYANT STREET UNDERCROSSING",100.00,W,N,A,-,Y,SF,,80," "," ",4.308,H,,R,N,4,0,1,2,A,-,07,21658,A,N,B,C,A,A,H,-,A,D,0,,,,,Y,,A,07,0,0,1,0,0,0,0,0,0,"- ","- ",37.772560119628906,-122.40648651123047,"SAN FRANCISCO","SAN FRANCISCO",-122.40655517578125,37.772552490234375
92269706,2023,2023-12-22,9335,2023-12-14,1845,023593,,4,2,7,3801,0,1,2,,2,014,"US-101 S/B","23RD STREET UNDERCROSSING",218.00,S,N,A,-,Y,SF,,101," "," ",3.320,H,,L,Y,4,0,1,2,A,-,03,22350,,N,C,C,A,A,H,-,C,D,0,,,,,Y,,A,01,0,0,1,0,0,0,0,0,0,"- ","- ",37.753841400146484,-122.40308380126953,"SAN FRANCISCO","SAN FRANCISCO",-122.40308380126953,37.753841400146484
92269776,2023,2023-12-22,9335,2023-12-20,"759 ",018053,,3,1,7,3801,0,1,1,,1,083,"I-80 E/B","YERBA BUENA ISLAND TUNNEL WEST EDGE",1212.00,W,N,C,-,Y,SF,,80," "," ",7.411,H,,R,Y,3,0,1,3,A,-,08,22107,,N,B,C,A,B,H,-,A,D,0,,,,Y,Y,,A,01,0,1,0,0,0,0,0,0,0,"- ","- ",37.805580139160156,-122.37001800537109,"SAN FRANCISCO","SAN FRANCISCO",-122.36985015869141,37.805469512939453
92269816,2023,2023-12-25,9335,2023-12-15,"325 ",023119,,5,3,7,3801,0,1,1,,1,083,"I-80 E/B","TREASURE ISLAND RD",462.00,W,N,A,-,Y,SF,,80," "," ",7.631,H,,R,Y,4,0,1,2,A,-,03,22350,,M,C,C,A,A,H,-,C,D,0,,,,,Y,,A,01,0,0,1,0,0,0,0,0,0,"- ","- ",37.808029174804688,-122.36737823486328,"SAN FRANCISCO","SAN FRANCISCO",-122.36724090576172,37.807956695556641
92269842,2023,2023-12-25,9335,2023-12-15,"940 ",023366,,5,1,7,3801,0,1,1,,1,081,"I-80 W/B","TREASURE ISLAND RD",3379.00,W,N,A,-,Y,SF,,80," "," ",7.093,H,,L,Y,4,0,2,2,A,-,03,22350,,N,C,C,A,A,H,-,A,D,0,,,,,Y,,A,01,0,0,2,0,0,0,0,0,0,"- ","- ",37.801998138427734,-122.37377166748047,"SAN FRANCISCO","SAN FRANCISCO",-122.37364959716797,37.801918029785156
92270061,2023,2023-12-25,9335,2023-11-10,2020,023338,,5,2,7,3801,0,1,2,,2,013,"US 101 SB","THE PAUL AVE UNDERCROSSING",1112.00,S,N,A,-,Y,SF,,101," "," ",0.918,H,,L,N,4,0,1,2,A,-,03,22350,,N,C,C,A,A,H,-,C,D,0,,,,,Y,,A,07,0,0,1,0,0,0,0,0,0,"- ","- ",37.720809936523438,-122.40032958984375,"SAN FRANCISCO","SAN FRANCISCO",-122.40023040771484,37.720832824707031
92270064,2023,2024-06-06,9335,2023-11-05,"400 ",023111,,7,3,7,3801,0,1,2,,2,015,"US-101 SB","HARRISON STREET UNDERCROSSING",291.00,S,N,A,-,Y,SF,,101," ",R,4.803,H,,L,Y,4,0,1,2,A,-,03,22350,,N,C,C,A,A,H,-,C,D,0,,,,,Y,,A,07,0,0,1,0,0,0,0,0,0,"- ","- ",37.769428253173828,-122.41229248046875,"SAN FRANCISCO","SAN FRANCISCO",-122.41229248046875,37.769439697265625
92270437,2023,2023-12-26,9335,2023-12-11,1745,023603,,1,2,7,3801,0,1,2,,2,013,"US-101 S/B","CORTLAND AVE UNDERCROSING",1320.00,N,N,A,-,Y,SF,,101," "," ",2.530,H,,L,Y,3,0,1,2,A,-,03,22350,,N,B,C,A,A,H,-,C,D,0,,,,,Y,,A,07,0,1,0,0,0,0,0,0,0,"- ","- ",37.743000030517578,-122.40667724609375,"SAN FRANCISCO","SAN FRANCISCO",-122.40663909912109,37.742977142333984
92270717,2023,2023-12-26,9350,2023-12-19,"749 ",020665,,2,1,7,3801,0,1,3,,2,011,SR-1,"LAKE ST",2179.00,N,N,C,-,Y,SF,,1," "," ",6.330,H,,R,N,3,0,1,2,A,-,03,22350,,N,C,C,A,B,H,-,A,D,0,,,,,Y,,D,22,0,1,0,0,0,0,0,0,0,"- ","- ",37.792530059814453,-122.46967315673828,"SAN FRANCISCO","SAN FRANCISCO",-122.46952819824219,37.792526245117188
92273935,2023,2023-12-28,9335,2023-12-18,"550 ",023504,,1,3,7,3801,0,1,2,,2,014,"US-101 NB","25TH ST PEDESTRIAN OVERCROSSING",311.00,S,N,C,-,Y,SF,,101," "," ",3.150,H,,R,Y,4,0,1,2,A,-,03,22350,,N,C,C,A,B,H,-,C,D,0,,,,,Y,,-,"- ",0,0,1,0,0,0,0,0,0,"- ","- ",37.751388549804688,-122.40300750732422,"SAN FRANCISCO","SAN FRANCISCO",-122.40299224853516,37.751388549804688
92273944,2023,2023-12-28,9335,2023-12-21,1416,023378,,4,2,7,3801,0,1,1,,2,024,"I-280 S/B","22ND ST UNDERCROSSING",363.00,N,N,B,-,Y,SF,,280," ",R,6.255,H,,L,Y,4,0,2,2,A,-,03,22350,,N,C,C,A,A,H,-,A,D,0,,,,,Y,,A,07,0,0,2,0,0,0,0,0,0,"- ","- ",37.758750915527344,-122.39247131347656,"SAN FRANCISCO","SAN FRANCISCO",-122.39244842529297,37.758750915527344
92273946,2023,2023-12-28,9335,2023-12-19,2052,023558,,2,2,7,3801,0,1,1,,1,081,"I-80 W/B TO HARRISON STREET","2ND STREET UNDERCROSSING",350.00,E,N,B,-,Y,SF,,80," "," ",5.483,H,,R,N,4,0,1,1,A,-,03,22350,,N,E,J,A,B,H,-,D,D,0,,,,,Y,,A,01,0,0,1,0,0,0,0,0,0,"- ","- ",37.784210205078125,-122.39327239990234,"SAN FRANCISCO","SAN FRANCISCO",-122.39349365234375,37.784408569335938
92274897,2023,2023-12-29,9335,2023-12-12,1435,023464,,2,2,7,3801,0,1,1,,2,080,"I-80 W/B","5TH STREET UNDERCROSSING",275.00,E,N,A,-,Y,SF,,80," "," ",4.889,H,,L,N,4,0,1,2,A,-,03,22350,,N,C,C,A,A,H,-,A,D,0,,,,,Y,,-,99,0,0,1,0,0,0,0,0,0,"- ","- ",37.779201507568359,-122.40071868896484,"SAN FRANCISCO","SAN FRANCISCO",-122.40064239501953,37.779136657714844
92274940,2023,2023-12-29,9335,2023-12-16,1630,023366,,6,2,7,3801,0,1,2,,2,013,"US-101 N/B","CESAR CHAVEZ ST",1320.00,S,N,A,-,Y,SF,,101," "," ",2.770,H,,R,N,3,0,2,3,A,-,03,22350,,M,C,C,A,A,H,-,A,D,0,,,,,Y,,D,22,0,1,1,0,0,0,0,0,0,"- ","- ",37.746021270751953,-122.40476989746094,"SAN FRANCISCO","SAN FRANCISCO",-122.40470123291016,37.746006011962891
92274979,2023,2023-12-29,9335,2023-09-30,1550,023474,,6,2,7,3801,0,1,1,,1,081,"I-80 W/B","8TH ST",991.00,E,N,A,-,Y,SF,,80," "," ",4.535,H,,L,N,4,0,3,2,A,-,03,22350,,M,C,C,A,A,H,-,A,D,0,,,,,Y,,-,99,0,0,3,0,0,0,0,0,0,"- ","- ",37.775798797607422,-122.4056396484375,"SAN FRANCISCO","SAN FRANCISCO",-122.40560150146484,37.775772094726562
92275168,2023,2023-12-29,9335,2023-12-26,2235,022703,,2,3,7,3801,0,1,2,,2,013,"US-101 SOUTHBOUND","CORTLAND AVE",415.00,N,N,A,-,Y,SF,,101," "," ",2.359,H,,L,Y,4,0,1,2,A,-,03,22350,,N,C,C,A,A,H,-,D,D,0,,,,,Y,,A,01,0,0,1,0,0,0,0,0,0,"- ","- ",37.740829467773438,-122.40802764892578,"SAN FRANCISCO","SAN FRANCISCO",-122.40791320800781,37.740810394287109
92275229,2023,2023-12-29,9335,2023-12-21,1815,023593,,4,2,7,3801,0,1,2,,2,013,"US-101 SOUTHBOUND","PAUL AVE UNDERCROSSING",989.00,S,N,A,-,Y,SF,,101," "," ",0.939,H,,L,N,4,0,1,2,A,-,03,22350,,N,C,C,A,A,H,-,B,D,0,,,Y,,Y,,C,06,0,0,1,0,0,0,0,0,0,"- ","- ",37.721141815185547,-122.40026092529297,"SAN FRANCISCO","SAN FRANCISCO",-122.40033721923828,37.721122741699219
92275661,2023,2024-01-01,9335,2023-12-11,1438,023558,,1,2,7,3801,0,1,2,,2,014,"RT 101","17TH ST. UNDERCROSSING",90.00,S,N,A,-,Y,SF,,101," "," ",4.117,H,,R,N,4,0,1,2,A,-,03,22350,,N,C,C,A,A,H,-,A,D,0,,,,,Y,,A,01,0,0,1,0,0,0,0,0,0,"- ","- ",37.764408111572266,-122.40496063232422,"SAN FRANCISCO","SAN FRANCISCO",-122.40489196777344,37.764404296875
92275675,2023,2024-01-01,9335,2023-10-27,2040,023167,,5,2,7,3801,0,1,2,,2,015,"US-101 S/B","10TH STREET",260.00,S,N,A,-,Y,SF,,101," ",R,4.596,H,,R,N,4,0,1,2,A,-,07,21658,A,M,B,C,A,A,H,-,B,D,0,,,,,Y,,-,99,0,0,1,0,0,0,0,0,0,"- ","- ",37.770069122314453,-122.40872955322266,"SAN FRANCISCO","SAN FRANCISCO",-122.40867614746094,37.769924163818359
92277727,2023,2024-01-03,9335,2023-12-22,1720,023373,,5,2,7,3801,0,1,1,,2,080,"I-80 E/B","7TH ST",633.00,W,N,A,-,Y,SF,,80," "," ",4.343,H,,R,N,3,0,2,2,A,-,03,22350,,N,C,C,A,A,H,-,B,D,0,,,,,Y,,A,01,0,2,0,0,0,0,0,0,0,"- ","- ",37.773059844970703,-122.40659332275391,"SAN FRANCISCO","SAN FRANCISCO",-122.40659332275391,37.773059844970703
92278434,2023,2024-01-03,9335,2023-12-03,"30  ",023067,,7,3,7,3801,0,1,1,,2,023,"I-280 N/B","ALEMANY BLVD",80.00,S,N,A,-,Y,SF,,280," ",R,3.850,H,,R,Y,3,0,3,3,A,-,03,22350,,F,C,C,A,A,H,-,B,D,0,,,,,Y,,A,01,0,2,1,0,0,0,0,0,0,"- ","- ",37.732089996337891,-122.41490936279297,"SAN FRANCISCO","SAN FRANCISCO",-122.4149169921875,37.73211669921875
92280310,2023,2024-01-05,9335,2023-10-08,"840 ",023111,,7,1,7,3801,0,1,1,,2,022,"I-280 N/B","SAN JOSE AVE OVERCROSSING",269.00,S,N,B,-,Y,SF,,280," ",R,1.401,H,,R,Y,3,0,1,3,A,-,01,23152,A,N,C,C,A,A,H,-,A,D,0,,,,,Y,Y,A,01,0,1,0,0,0,0,0,0,0,"- ","- ",37.717720031738281,-122.44847869873047,"SAN FRANCISCO","SAN FRANCISCO",-122.44850158691406,37.717720031738281
92286761,2023,2024-01-15,9335,2023-11-07,2225,022703,,2,3,7,3801,0,1,2,,2,014,"US-101 NORTHBOUND","NORTH OF THE 23RD STREET OVERCROSSING.",265.00,N,N,A,-,Y,SF,,101," "," ",3.416,H,,R,N,4,0,1,2,A,-,07,21658,A,N,B,C,A,A,H,-,D,D,0,,,,,Y,,A,07,0,0,1,0,0,0,0,0,0,"- ","- ",37.755290985107422,-122.40308380126953,"SAN FRANCISCO","SAN FRANCISCO",-122.40300750732422,37.755294799804688
92287968,2023,2024-01-16,9335,2023-12-28,1240,023592,,4,1,7,3801,0,1,1,,1,081,"I-80 W/B TO TREASURE ISLAND","MACALLA RD",75.00,E,N,A,-,Y,,,,,,,,,,Y,4,0,1,2,A,-,08,22107,,N,E,2,A,A,H,-,A,D,0,,,,,Y,,A,01,0,0,1,0,0,0,0,0,0,"- ","- ",37.812229156494141,-122.36432647705078,"SAN FRANCISCO","SAN FRANCISCO",-122.36432647705078,37.812229156494141
92290746,2023,2024-01-18,9335,2023-10-02,2220,023367,,1,3,7,3801,0,1,2,,2,014,"US-101 S/B","18TH STREET PEDESTRIAN OVERCROSSING",239.00,S,N,A,-,Y,SF,,101," "," ",3.912,H,,L,N,4,0,1,3,A,-,03,22350,,N,C,C,A,A,H,-,D,D,0,,,Y,,Y,,C,02,0,0,1,0,0,0,0,0,1,"- ","- ",37.761589050292969,-122.40619659423828,"SAN FRANCISCO","SAN FRANCISCO",-122.40618896484375,37.761585235595703
92291884,2023,2024-01-19,9335,2023-12-27,1750,023603,,3,2,7,3801,0,1,2,,2,014,"US-101 SOUTHBOUND","22ND STREET PEDESTRIAN OVERCROSSING",131.00,S,N,C,-,Y,SF,,101," "," ",3.494,H,,L,N,4,0,1,2,A,-,03,22350,,N,C,C,A,B,H,-,C,D,0,,,,,Y,,A,01,0,0,1,0,0,0,0,0,0,"- ","- ",37.756500244140625,-122.40338897705078,"SAN FRANCISCO","SAN FRANCISCO",-122.40341186523438,37.756492614746094
92291886,2023,2024-01-19,9335,2023-12-31,2345,023489,,7,3,7,3801,0,1,1,,1,081,"I-80 W/B","BEALE STREET UNDER-CROSSING",125.00,E,N,A,-,Y,SF,,80," "," ",5.752,H,,L,Y,4,0,1,3,A,-,03,22350,,N,C,C,A,B,H,-,B,D,0,,,,,Y,,A,01,0,0,1,0,0,0,0,0,0,"- ","- ",37.787040710449219,-122.38990020751953,"SAN FRANCISCO","SAN FRANCISCO",-122.38986968994141,37.787017822265625
92292836,2023,2024-01-22,9335,2023-01-06,"155 ",022703,,5,3,7,3801,0,1,1,,2,022,"I-280 SOUTHBOUND","THE PAULDING STREET OVERCROSSING",356.00,S,N,B,-,Y,SF,,280," ",R,2.131,H,,L,Y,1,1,1,2,A,-,05,21651,C,F,A,C,A,B,H,-,D,D,0,,,,,Y,,A,01,0,1,0,0,0,0,0,0,0,"- ","- ",37.727569580078125,-122.44474029541016,"SAN FRANCISCO","SAN FRANCISCO",-122.44470977783203,37.727546691894531
92296215,2023,2024-01-24,9335,2023-10-04,1630,022186,,3,2,7,3801,0,1,1,,1,081,"I-80 W/B","SPEAR STREET",2111.00,E,N,A,-,Y,SF,,80," "," ",6.235,H,,L,N,4,0,1,2,A,-,07,21658,A,F,B,C,A,A,H,-,A,D,0,,,Y,,Y,,-,99,0,0,1,0,0,0,0,0,1,"- ","- ",37.792270660400391,-122.38388061523438,"SAN FRANCISCO","SAN FRANCISCO",-122.384033203125,37.792373657226562
92298039,2023,2024-01-26,9335,2023-11-02,1220,023063,,4,1,7,3801,0,1,2,,2,014,"US-101 SOUTHBOUND","23RD STREET OVERCROSSING",42.00,S,N,A,-,Y,SF,,101," "," ",3.353,H,,L,N,4,0,1,4,A,-,03,22350,,M,C,C,A,A,H,-,A,D,0,,,,,Y,,A,01,0,0,1,0,0,0,0,0,0,"- ","- ",37.754318237304688,-122.40308380126953,"SAN FRANCISCO","SAN FRANCISCO",-122.40312194824219,37.754318237304688
92305163,2023,2024-02-05,9335,2023-12-20,"730 ",023592,,3,1,7,3801,0,1,2,,2,014,"US-101 S/B","CESAR CHAVEZ ST",1320.00,N,N,C,-,Y,SF,,101," "," ",3.265,H,,L,N,4,0,1,3,A,-,03,22350,,M,C,C,A,B,H,-,B,D,0,,,,,Y,,A,01,0,0,1,0,0,0,0,0,0,"- ","- ",37.753059387207031,-122.40309143066406,"SAN FRANCISCO","SAN FRANCISCO",-122.40301513671875,37.753063201904297
92310862,2023,2024-02-12,9335,2023-10-11,"827 ",023489,,3,1,7,3801,0,1,1,,1,081,"I-80 W/B","SFOBB CENTER ANCHORAGE",747.00,W,N,A,-,Y,SF,,80," "," ",6.647,H,,L,N,4,0,1,2,A,-,07,21658,A,N,B,C,A,A,H,-,A,D,0,,,,,Y,,A,07,0,0,1,0,0,0,0,0,0,"- ","- ",37.797000885009766,-122.37911224365234,"SAN FRANCISCO","SAN FRANCISCO",-122.37903594970703,37.796951293945312
92311105,2023,2024-02-12,9335,2023-09-10,"518 ",023366,,7,3,7,3801,0,1,1,,1,083,"I-80 E/B FROM 1ST ST","2ND ST",950.00,E,N,A,-,Y,SF,,80," "," ",5.592,H,,R,Y,3,0,1,1,A,-,01,23152,A,N,E,I,A,A,H,-,C,D,0,,,,,Y,Y,A,01,0,1,0,0,0,0,0,0,0,"- ","- ",37.785469055175781,-122.39203643798828,"SAN FRANCISCO","SAN FRANCISCO",-122.39192199707031,37.785331726074219
92315422,2023,2024-05-17,9335,2023-12-21,"630 ",023357,,4,1,7,3801,0,1,1,,1,081,"I-80 W/B","BEALE ST",476.45,W,N,A,-,Y,SF,,80," "," ",5.630,H,,L,N,4,0,1,2,A,-,03,22350,,M,C,C,A,A,H,-,B,D,0,,,,,Y,,D,22,0,0,1,0,0,0,0,0,0,"- ","- ",37.785678863525391,-122.39138031005859,"SAN FRANCISCO","SAN FRANCISCO",-122.39137268066406,37.785671234130859
92319605,2023,2024-02-21,9335,2023-11-02,"800 ",023191,,4,1,7,3801,0,1,2,,2,013,"US-101 S/B","SILVER AVENUE",578.00,S,N,A,-,Y,SF,,101," "," ",1.657,H,,L,N,4,0,1,2,A,-,08,22107,,N,C,C,A,A,H,-,A,D,0,,,,,Y,,D,22,0,0,1,0,0,0,0,0,0,"- ","- ",37.7310791015625,-122.40447235107422,"SAN FRANCISCO","SAN FRANCISCO",-122.40445709228516,37.731082916259766
92324225,2023,2024-02-27,9335,2023-12-14,2015,023373,,4,2,7,3801,0,1,1,,1,083,"I-80 E/B","TREASURE ISLAND RD",5386.00,W,N,A,-,Y,SF,,80," "," ",6.714,H,,R,Y,2,0,1,2,A,-,03,22350,,N,C,C,A,A,H,-,C,D,0,,,Y,,Y,,C,02,1,0,0,0,0,0,0,0,1,"- ","- ",37.79779052734375,-122.37835693359375,"SAN FRANCISCO","SAN FRANCISCO",-122.37822723388672,37.797698974609375
92326414,2023,2024-02-29,9335,2023-12-11,1443,023603,,1,2,7,3801,0,1,2,,2,013,"US-101 NORTHBOUND","16TH STREET",400.00,S,N,A,-,Y,SF,,101," "," ",4.143,H,,R,Y,3,0,3,5,A,-,03,22350,,N,C,C,A,A,H,-,A,D,0,,,,,Y,,A,07,0,1,2,0,0,0,0,0,0,"- ","- ",37.7647705078125,-122.40484619140625,"SAN FRANCISCO","SAN FRANCISCO",-122.40489959716797,37.7647705078125
92330651,2023,2024-03-06,9335,2023-11-12,"955 ",021200,,7,1,7,3801,0,1,2,,2,013,"US 101 SB","THIRD ST",700.00,S,N,A,-,Y,SF,,101," "," ",0.509,H,,L,N,3,0,1,1,A,-,08,22107,,N,E,I,A,A,H,-,A,D,0,,,,,Y,,A,01,0,1,0,0,0,0,0,0,0,"- ","- ",37.715110778808594,-122.39823913574219,"SAN FRANCISCO","SAN FRANCISCO",-122.39823913574219,37.715110778808594
92336121,2023,2024-03-12,9335,2023-12-02,"155 ",023118,,6,3,7,3801,0,1,1,,1,081,"I-80 W/B TO HARRISON STREET","2ND ST",370.00,E,N,C,-,Y,SF,,80," "," ",5.486,H,,R,Y,4,0,2,1,A,-,03,22350,,N,E,I,A,B,H,-,D,D,0,,,,,Y,,A,07,0,0,2,0,0,0,0,0,0,"- ","- ",37.784328460693359,-122.39331817626953,"SAN FRANCISCO","SAN FRANCISCO",-122.39344787597656,37.784442901611328
92337490,2023,2024-03-13,9335,2023-12-04,"20  ",023111,,1,3,7,3801,0,1,1,,1,083,"I-80 E/B","TREASURE ISLAND RD",4920.00,W,N,A,-,Y,SF,,80," "," ",6.797,H,,R,N,4,0,2,2,A,-,03,22350,,F,C,C,A,A,H,-,C,D,0,,,,,Y,,-,99,0,0,2,0,0,0,0,0,0,"- ","- ",37.798740386962891,-122.37740325927734,"SAN FRANCISCO","SAN FRANCISCO",-122.37722015380859,37.798618316650391
92341186,2023,2024-03-19,9335,2023-11-02,1520,022920,,4,2,7,3801,0,1,1,,1,083,"I-80 E/B","THE YERBA BUENA ISLAND TUNNEL EAST EDGE",1920.00,E,N,A,-,Y,SF,,80," ",R,8.184,H,,R,N,4,0,1,2,A,-,07,21658,A,N,C,C,A,A,H,-,A,D,0,,,,,Y,,D,22,0,0,1,0,0,0,0,0,0,"- ","- ",37.813968658447266,-122.36045837402344,"SAN FRANCISCO","SAN FRANCISCO",-122.36053466796875,37.814048767089844
92343095,2023,2024-03-20,9335,2023-11-02,1550,022860,,4,2,7,3801,0,1,2,,2,014,"US-101 N/B","18TH STREET PEDESTRIAN OVERCROSSING",50.00,S,N,A,-,Y,SF,,101," "," ",3.948,H,,R,N,4,0,1,2,A,-,03,22350,,M,C,C,A,A,H,-,A,D,0,,,,,Y,,A,08,0,0,1,0,0,0,0,0,0,"- ","- ",37.761970520019531,-122.40570831298828,"SAN FRANCISCO","SAN FRANCISCO",-122.40573883056641,37.761981964111328
92344858,2023,2024-03-22,9335,2023-11-23,1648,023474,,4,2,7,3801,0,1,1,,2,023,"I-280 S/B","JUSTIN DRIVE OVERCROSSING",3643.00,N,N,A,-,Y,SF,,280," ",R,3.930,H,,L,N,4,0,1,2,A,-,03,22350,,F,C,C,A,A,H,-,D,D,0,,,,,Y,,-,99,0,0,1,0,0,0,0,0,0,"- ","- ",37.732791900634766,-122.41352081298828,"SAN FRANCISCO","SAN FRANCISCO",-122.41352844238281,37.732799530029297
92345041,2023,2024-03-22,9335,2023-12-30,2300,022860,,6,3,7,3801,0,1,2,,2,014,"US-101 N/B","22RD STREET OVERCROSSING",400.00,N,N,A,-,Y,SF,,101," "," ",3.601,H,,R,Y,2,0,3,2,A,-,01,23152,A,N,C,C,A,A,H,-,D,D,0,,,,,Y,Y,A,01,2,0,1,0,0,0,0,0,0,"- ","- ",37.757789611816406,-122.40426635742188,"SAN FRANCISCO","SAN FRANCISCO",-122.40424346923828,37.7578125