CASE_ID,ACCIDENT_YEAR,PROC_DATE,JURIS,COLLISION_DATE,COLLISION_TIME,OFFICER_ID,REPORTING_DISTRICT,DAY_OF_WEEK,CHP_SHIFT,POPULATION,CNTY_CITY_LOC,SPECIAL_COND,BEAT_TYPE,CHP_BEAT_TYPE,CITY_DIVISION_LAPD,CHP_BEAT_CLASS,BEAT_NUMBER,PRIMARY_RD,SECONDARY_RD,DISTANCE,DIRECTION,INTERSECTION,WEATHER_1,WEATHER_2,STATE_HWY_IND,CALTRANS_COUNTY,CALTRANS_DISTRICT,STATE_ROUTE,ROUTE_SUFFIX,POSTMILE_PREFIX,POSTMILE,LOCATION_TYPE,RAMP_INTERSECTION,SIDE_OF_HWY,TOW_AWAY,COLLISION_SEVERITY,NUMBER_KILLED,NUMBER_INJURED,PARTY_COUNT,PRIMARY_COLL_FACTOR,PCF_CODE_OF_VIOL,PCF_VIOL_CATEGORY,PCF_VIOLATION,PCF_VIOL_SUBSECTION,HIT_AND_RUN,TYPE_OF_COLLISION,MVIW,PED_ACTION,ROAD_SURFACE,ROAD_COND_1,ROAD_COND_2,LIGHTING,CONTROL_DEVICE,CHP_ROAD_TYPE,PEDESTRIAN_ACCIDENT,BICYCLE_ACCIDENT,MOTORCYCLE_ACCIDENT,TRUCK_ACCIDENT,NOT_PRIVATE_PROPERTY,ALCOHOL_INVOLVED,STWD_VEHTYPE_AT_FAULT,CHP_VEHTYPE_AT_FAULT,COUNT_SEVERE_INJ,COUNT_VISIBLE_INJ,COUNT_COMPLAINT_PAIN,COUNT_PED_KILLED,COUNT_PED_INJURED,COUNT_BICYCLIST_KILLED,COUNT_BICYCLIST_INJURED,COUNT_MC_KILLED,COUNT_MC_INJURED,PRIMARY_RAMP,SECONDARY_RAMP,LATITUDE,LONGITUDE,COUNTY,CITY,POINT_X,POINT_Y
92345404,2023,2024-03-25,9335,2023-12-10,"355 ",022860,,7,3,7,3801,0,1,1,,1,083,"I-80 E/B","TREASURE ISLAND ROAD",3200.00,W,N,A,-,Y,SF,,80," "," ",7.119,H,,R,Y,2,0,2,2,A,-,03,22350,,N,C,C,A,A,H,-,D,D,0,,,,,Y,,A,01,1,1,0,0,0,0,0,0,0,"- ","- ",37.802291870117188,-122.37346649169922,"SAN FRANCISCO","SAN FRANCISCO",-122.37334442138672,37.802204132080078
92348953,2023,2024-03-28,9335,2023-11-13,1605,023367,,1,2,7,3801,0,1,2,,2,015,"US-101 N/B TO MISSION STREET","MISSION STREET",420.00,S,N,A,-,Y,SF,,101," ",M,5.142,H,,R,N,4,0,1,2,A,-,03,22350,,N,C,C,A,A,H,-,B,A,0,,,,,Y,,A,01,0,0,1,0,0,0,0,0,0,"- ","- ",37.770061492919922,-122.41832733154297,"SAN FRANCISCO","SAN FRANCISCO",-122.41835021972656,37.76995849609375
92350847,2023,2024-03-29,9335,2023-12-30,"840 ",023366,,6,1,7,3801,0,1,1,,1,081,"I-80 W/B","TREASURE ISLAND RD",2376.00,W,N,C,-,Y,SF,,80," "," ",7.285,H,,L,Y,4,0,5,7,A,-,03,22350,,N,C,C,A,B,H,-,A,D,0,,,,,Y,,-,"- ",0,0,5,0,0,0,0,0,0,"- ","- ",37.804191589355469,-122.37153625488281,"SAN FRANCISCO","SAN FRANCISCO",-122.37135314941406,37.804065704345703
92358417,2023,2024-04-08,9335,2023-11-15,"55  ",023167,,3,3,7,3801,0,1,2,,2,015,"I-80 E/B FROM US-101 S/B","BRANNAN ST",260.00,N,N,A,-,Y,SF,,80," "," ",4.136,H,,R,N,4,0,1,1,A,-,01,23152,A,N,E,I,A,A,H,-,C,D,0,,,,,Y,Y,A,01,0,0,1,0,0,0,0,0,0,"- ","- ",37.770309448242188,-122.40544128417969,"SAN FRANCISCO","SAN FRANCISCO",-122.4053955078125,37.770320892333984
92363846,2023,2024-04-15,9335,2023-11-12,"405 ",023067,,7,3,7,3801,0,1,1,,1,083,"I-80 E/B","TREASURE ISLAND RD",10040.00,W,N,A,-,Y,SF,,80," "," ",7.522,H,,R,Y,4,0,1,4,A,-,03,22350,,F,C,C,A,A,H,-,C,D,0,,,,,Y,Y,A,01,0,0,1,0,0,0,0,0,0,"- ","- ",37.806800842285156,-122.36865234375,"SAN FRANCISCO","SAN FRANCISCO",-122.36852264404297,37.806713104248047
92363854,2023,2024-04-15,9335,2023-11-18,"424 ",023312,,6,3,7,3801,0,1,1,,1,081,"I-80 W/B","4TH ST U/C",243.00,E,N,B,C,Y,SF,,80," "," ",5.117,H,,L,Y,3,0,1,1,A,-,08,22107,,N,F,I,A,B,H,-,C,D,0,,,,,Y,,A,08,0,1,0,0,0,0,0,0,0,"- ","- ",37.780879974365234,-122.39827728271484,"SAN FRANCISCO","SAN FRANCISCO",-122.39838409423828,37.780960083007812
92384757,2023,2024-05-08,9335,2023-11-01,"910 ",023489,,3,1,7,3801,0,1,2,,2,014,"US-101 S/B","CESAR CHAVEZ ST",1373.00,N,N,A,-,Y,SF,,101," "," ",3.275,H,,L,Y,3,0,1,2,A,-,07,21658,A,N,C,C,A,A,H,-,A,D,0,,,Y,,Y,,A,07,0,1,0,0,0,0,0,0,1,"- ","- ",37.753200531005859,-122.40296936035156,"SAN FRANCISCO","SAN FRANCISCO",-122.40302276611328,37.753196716308594
92392450,2023,2024-05-17,9335,2023-11-19,1650,023338,,7,2,7,3801,0,1,1,,1,083,"I-80 E/B","THE BEALE STREET UNDERCROSSING",240.00,E,N,A,-,Y,SF,,80," "," ",5.773,H,,R,N,3,0,1,2,A,-,07,21658,A,F,B,C,A,A,H,-,A,D,0,,,Y,,Y,,-,99,0,1,0,0,0,0,0,0,1,"- ","- ",37.787311553955078,-122.38970184326172,"SAN FRANCISCO","SAN FRANCISCO",-122.38961029052734,37.787250518798828
92396124,2023,2024-05-22,9335,2023-08-27,"230 ",023082,,7,3,7,3801,0,1,1,,2,024,"I-280 S/B","OAKDALE AVENUE",53.00,S,N,A,-,Y,SF,,280," ",R,4.821,H,,L,Y,1,1,1,2,A,-,11,21954,A,N,G,B,E,A,H,-,D,D,0,Y,,,,Y,Y,N,60,0,0,1,1,0,0,0,0,0,"- ","- ",37.739688873291016,-122.39984130859375,"SAN FRANCISCO","SAN FRANCISCO",-122.39987945556641,37.739711761474609
92401990,2023,2024-05-30,9335,2023-12-01,1105,023357,,5,1,7,3801,0,1,1,,2,080,"I-80 E/B","BRANNAN ST",90.00,W,N,A,-,Y,SF,,80," "," ",4.172,H,,R,N,4,0,1,3,A,-,03,22350,,N,C,C,A,A,H,-,A,D,0,,,,,Y,,D,22,0,0,1,0,0,0,0,0,0,"- ","- ",37.770778656005859,-122.40563201904297,"SAN FRANCISCO","SAN FRANCISCO",-122.40562438964844,37.770782470703125
92414841,2023,2024-06-14,9335,2023-12-07,2011,023312,,4,2,7,3801,0,1,2,,2,015,"US-101 N/B","MISSION ST U/C",153.00,N,N,A,-,Y,SF,,101," ",M,5.263,H,,R,N,4,0,1,4,A,-,03,22350,,M,C,C,A,A,H,-,C,D,0,,,,,Y,,A,07,0,0,1,0,0,0,0,0,0,"- ","- ",37.770118713378906,-122.42051696777344,"SAN FRANCISCO","SAN FRANCISCO",-122.42051696777344,37.7701416015625
94457507,2023,2024-11-04,9335,2023-09-30,1610,022795,,6,2,7,3801,0,1,2,,2,013,"US-101 S/B TO PAUL AVENUE","SAN BRUNO AVENUE",70.00,E,N,A,-,Y,SF,,101," "," ",0.988,H,,L,Y,1,1,1,1,A,-,03,22350,,N,E,8,A,A,H,-,A,A,0,,,,,Y,,A,01,0,1,0,0,0,0,0,0,0,"- ","- ",37.721771240234375,-122.40081787109375,"SAN FRANCISCO","SAN FRANCISCO",-122.40059661865234,37.721820831298828
9464164,2023,2023-03-13,3801,2023-02-10,2354,1766,TRAFF,5,5,7,3801,0,0,0,,0,4B103,"DIVISADERO ST","FELL ST",144.00,S,N,C,-,N,,,,,,,,,,Y,1,1,1,1,A,-,01,23152,A,N,E,I,A,B,H,-,C,A,0,,,,,Y,Y,A,01,0,1,0,0,0,0,0,0,0,"- ","- ",,,"SAN FRANCISCO","SAN FRANCISCO",-122.43753051757812,37.773666381835938
9468483,2023,2023-02-14,3801,2023-01-12,1950,1871,INGLE,4,5,7,3801,0,0,0,,0,901,"GUERRERO ST","28TH ST",54.00,S,N,B,-,N,,,,,,,,,,Y,4,0,1,2,A,-,05,21650,,N,B,C,A,A,H,-,C,D,0,,,,,Y,,J,43,0,0,1,0,0,0,0,0,0,"- ","- ",,,"SAN FRANCISCO","SAN FRANCISCO",-122.42230987548828,37.745433807373047
9468486,2023,2023-02-14,3801,2023-01-03,1609,19,MISSI,2,5,7,3801,0,0,0,,0,,"DOLORES ST","17TH ST",0.00,,Y,A,-,N,,,,,,,,,,Y,4,0,1,2,A,-,09,21806,,N,D,C,A,A,H,-,A,A,0,,,,,Y,,A,01,0,0,1,0,0,0,0,0,0,"- ","- ",,,"SAN FRANCISCO","SAN FRANCISCO",-122.42630004882812,37.763008117675781
9468616,2023,2023-09-08,3801,2023-08-16,1000,189,NORTH,3,5,7,3801,0,0,0,,0,001,"GOUGH ST","HAYES ST",0.00,,Y,A,-,N,,,,,,,,,,N,4,0,1,2,A,-,03,22350,,N,G,B,B,A,H,-,A,A,0,Y,,,,Y,,A,01,0,0,1,0,1,0,0,0,0,"- ","- ",,,"SAN FRANCISCO","SAN FRANCISCO",-122.42296600341797,37.776878356933594
9468619,2023,2023-09-08,3801,2023-08-09,1816,2118,SOUTH,3,5,7,3801,0,0,0,,0,3B12D,"HARRISON ST","2ND ST",0.00,,Y,A,-,N,,,,,,,,,,N,2,0,2,2,A,-,12,21453,A,N,H,G,A,A,H,-,A,A,0,,Y,,,Y,,L,04,1,0,1,0,0,0,1,0,0,"- ","- ",,,"SAN FRANCISCO","SAN FRANCISCO",-122.39517974853516,37.784332275390625
9468625,2023,2023-09-08,3801,2023-08-24,1332,310,SOUTH,4,5,7,3801,0,0,0,,0,3B49,"17TH ST","MISSISSIPPI ST",0.00,,Y,A,-,N,,,,,,,,,,N,2,0,1,1,A,-,03,22350,,N,H,I,A,A,H,-,A,D,0,,Y,,,Y,,L,04,1,0,0,0,0,0,1,0,0,"- ","- ",,,"SAN FRANCISCO","SAN FRANCISCO",-122.39485168457031,37.765243530273438
9468638,2023,2023-09-08,3801,2023-08-24,1617,2705,BAYVI,4,5,7,3801,0,0,0,,0,3C11D,"19TH ST","3RD ST",0.00,,Y,A,-,N,,,,,,,,,,N,3,0,1,2,A,-,10,21950,A,N,G,B,B,A,H,-,A,A,0,Y,,,,Y,,A,01,0,1,0,0,1,0,0,0,0,"- ","- ",,,"SAN FRANCISCO","SAN FRANCISCO",-122.38877105712891,37.761768341064453
9468642,2023,2023-09-21,3801,2023-08-17,1458,375,BAYVI,4,5,7,3801,0,0,0,,0,3C13C,"CARGO WY","MENDELL ST",0.00,,Y,A,-,N,,,,,,,,,,Y,4,0,2,2,A,-,09,21801,A,N,D,D,A,A,H,-,A,A,0,,,,,Y,,A,01,0,0,2,0,0,0,0,0,0,"- ","- ",,,"SAN FRANCISCO","SAN FRANCISCO",-122.38314056396484,37.743911743164062
9468646,2023,2023-09-20,3801,2023-08-19,1942,1286,SOUTH,6,5,7,3801,0,0,0,,0,3B1,"BRYANT ST","2ND ST",0.00,,Y,A,-,N,,,,,,,,,,Y,3,0,1,2,A,-,08,22107,,F,B,C,A,A,H,-,B,A,0,,,Y,,Y,,A,01,0,1,0,0,0,0,0,0,1,"- ","- ",,,"SAN FRANCISCO","SAN FRANCISCO",-122.39363098144531,37.7830810546875
9468649,2023,2023-09-20,3801,2023-08-19,1551,1160,SOUTH,6,5,7,3801,0,0,0,,0,0B6,"TRADE WINDS AV","SEVEN SEAS AV",82.00,W,N,A,-,N,,,,,,,,,,Y,3,0,1,1,A,-,03,22350,,N,E,I,A,A,H,-,A,D,0,,,,,Y,,A,01,0,1,0,0,0,0,0,0,0,"- ","- ",,,"SAN FRANCISCO","SAN FRANCISCO",,
9468650,2023,2023-09-20,3801,2023-08-17,2206,709,BAYVI,4,5,7,3801,0,0,0,,0,3C11E,"CESAR CHAVEZ ST","VERMONT ST",183.00,W,N,A,-,N,,,,,,,,,,Y,4,0,1,2,A,-,05,21651,B,N,A,C,A,A,H,-,C,D,0,,,,,Y,,A,07,0,0,1,0,0,0,0,0,0,"- ","- ",,,"SAN FRANCISCO","SAN FRANCISCO",-122.40347290039062,37.749366760253906
9468652,2023,2023-09-20,3801,2023-08-17,"722 ",9,CENTR,4,5,7,3801,0,0,0,,0,3A14A,"CLAY ST","BATTERY ST",15.00,W,N,A,-,N,,,,,,,,,,,4,0,1,1,A,-,03,22350,,N,F,I,A,A,H,-,A,D,0,,,Y,,Y,,C,02,0,0,1,0,0,0,0,0,1,"- ","- ",,,"SAN FRANCISCO","SAN FRANCISCO",-122.40039825439453,37.794994354248047
9468653,2023,2023-09-21,3801,2023-08-20,2159,1982,MISSI,7,5,7,3801,0,0,0,,0,3D11E,"HARRISON ST","ALAMEDA ST",0.00,,-,A,-,N,,,,,,,,,,N,4,0,1,2,A,-,08,22107,,N,D,D,A,A,H,-,C,A,0,,,Y,,Y,,O,05,0,0,1,0,0,0,0,0,1,SO,"- ",,,"SAN FRANCISCO","SAN FRANCISCO",-122.41337585449219,37.768051147460938
9468656,2023,2023-09-21,3801,2023-08-17,2243,4039,CENTR,4,5,7,3801,0,0,0,,0,3A3,"ROBERT C LEVY TUNL","LARKIN ST",650.00,E,N,A,-,N,,,,,,,,,,N,3,0,1,1,A,-,03,22350,,N,E,I,A,A,H,-,C,D,0,,,,,Y,,M,94,0,1,0,0,0,0,0,0,0,"- ","- ",,,"SAN FRANCISCO","SAN FRANCISCO",-122.41790771484375,37.796352386474609
9468659,2023,2023-09-21,3801,2023-08-21,"826 ",4001,MISSI,1,5,7,3801,0,0,0,,0,3D11A,"LAPIDGE ST","18TH ST",0.00,,-,A,-,N,,,,,,,,,,,4,0,1,2,A,-,09,21804,,N,D,C,A,A,H,-,A,A,0,,,Y,,Y,,A,01,0,0,1,0,0,0,0,0,1,"- ","- ",,,"SAN FRANCISCO","SAN FRANCISCO",-122.42240142822266,37.761661529541016
9468661,2023,2023-09-08,3801,2023-08-04,1630,1339,TRAFF,5,5,7,3801,0,0,0,,0,4B3D,"8TH ST","CLEMENTINA ST",0.00,,Y,A,-,N,,,,,,,,,,Y,4,0,2,3,A,-,01,23152,,N,C,C,A,A,-,-,A,A,0,,,,,Y,,A,07,0,0,2,0,0,0,0,0,0,"- ","- ",,,"SAN FRANCISCO","SAN FRANCISCO",-122.41056823730469,37.775421142578125
9468664,2023,2023-09-21,3801,2023-08-22,1729,1741,SOUTH,2,5,7,3801,0,0,0,,0,901,"SOUTH VAN NESS AV","HOWARD ST",0.00,,-,A,-,N,,,,,,,,,,,3,0,1,1,A,-,07,21658,A,N,A,I,A,A,H,-,A,A,0,,,,,Y,,A,01,0,1,0,0,0,0,0,0,0,"- ","- ",,,"SAN FRANCISCO","SAN FRANCISCO",-122.41763305664062,37.770336151123047
9468665,2023,2023-09-11,3801,2023-08-14,1926,2725,RICHM,1,5,7,3801,0,0,0,,0,,"ARGUELLO BL","WASHINGTON ST",121.00,S,N,A,-,N,,,,,,,,,,N,3,0,1,2,A,-,09,21801,A,N,H,A,A,A,H,-,A,D,0,,Y,,,Y,,A,01,0,1,0,0,0,0,1,0,0,"- ","- ",,,"SAN FRANCISCO","SAN FRANCISCO",-122.45936584472656,37.788009643554688
9468667,2023,2023-09-21,3801,2023-08-07,1540,2450,MISSI,1,5,7,3801,0,0,0,,0,3X74,"DUBOCE AV","ELGIN PARK",50.00,W,N,A,-,N,,,,,,,,,,N,4,0,1,2,A,-,04,21703,,N,C,-,A,A,H,-,A,D,0,,,,,Y,,A,01,0,0,1,0,0,0,0,0,0,"- ","- ",,,"SAN FRANCISCO","SAN FRANCISCO",-122.42332458496094,37.769821166992188
9468668,2023,2023-09-11,3801,2023-08-13,2335,203,MISSI,7,5,7,3801,0,0,0,,0,,"MARKET ST","EUREKA ST",6.00,W,N,A,-,N,,,,,,,,,,N,4,0,1,2,A,-,04,21703,,N,C,C,A,A,H,-,C,A,0,,,,,Y,Y,A,01,0,0,1,0,0,0,0,0,0,"- ","- ",,,"SAN FRANCISCO","SAN FRANCISCO",-122.43836975097656,37.761714935302734
9468672,2023,2023-09-08,3801,2023-08-14,"120 ",488,INGLE,1,5,7,3801,0,0,0,,0,3H15E,"MISSION ST","MOUNT VERNON ST",40.00,S,N,E,-,N,,,,,,,,,,Y,4,0,1,3,A,-,01,23153,A,N,B,E,A,A,H,-,C,D,0,,,,,Y,Y,A,01,0,0,1,0,0,0,0,0,0,"- ","- ",,,"SAN FRANCISCO","SAN FRANCISCO",-122.44274139404297,37.714527130126953
9468676,2023,2023-09-08,3801,2023-08-14,1619,2433,INGLE,1,5,7,3801,0,0,0,,0,3H15D,"SAN JOSE AV","GENEVA AV",180.00,W,N,A,-,N,,,,,,,,,,N,4,0,1,2,A,-,09,21801,A,N,D,C,A,A,H,-,A,D,0,,,,,Y,,A,01,0,0,1,0,0,0,0,0,0,"- ","- ",,,"SAN FRANCISCO","SAN FRANCISCO",-122.44696044921875,37.720310211181641
9468679,2023,2023-09-08,3801,2023-08-19,"27  ",637,MISSI,6,5,7,3801,0,0,0,,0,3D13E,"FOLSOM ST","23RD ST",0.00,,Y,A,-,N,,,,,,,,,,Y,4,0,3,2,A,-,12,21453,A,N,D,C,A,A,H,-,C,A,0,,,,,Y,,A,01,0,0,3,0,0,0,0,0,0,"- ","- ",,,"SAN FRANCISCO","SAN FRANCISCO",-122.41425323486328,37.754119873046875
9468680,2023,2023-09-08,3801,2023-08-18,1305,891,PARK,5,5,7,3801,0,0,0,,0,3F14A,"DUBOCE AV","STEINER ST",0.00,,Y,A,-,N,,,,,,,,,,N,4,0,1,2,A,-,10,21950,A,N,D,B,B,A,H,-,A,D,0,Y,,,,Y,,A,01,0,0,1,0,1,0,0,0,0,"- ","- ",,,"SAN FRANCISCO","SAN FRANCISCO",-122.43157958984375,37.769317626953125
9468681,2023,2023-09-15,3801,2023-08-11,1630,1355,TARAV,5,5,7,3801,0,0,0,,0,3I15D,"WINSTON DR","BUCKINGHAM WY",315.00,S,N,A,-,N,,,,,,,,,,Y,4,0,1,1,A,-,08,22107,,N,F,I,A,A,H,-,A,D,0,,,,,Y,,A,07,0,0,1,0,0,0,0,0,0,"- ","- ",,,"SAN FRANCISCO","SAN FRANCISCO",-122.47511291503906,37.729763031005859
9468683,2023,2023-09-21,3801,2023-08-19,1125,310,SOUTH,6,5,7,3801,0,0,0,,0,3B49,"TOWNSEND ST","7TH ST",588.00,W,N,A,-,N,,,,,,,,,,N,3,0,1,2,A,-,09,21800,B,N,D,G,A,A,H,-,A,D,0,,Y,,,Y,,D,22,0,1,0,0,0,0,1,0,0,"- ","- ",,,"SAN FRANCISCO","SAN FRANCISCO",-122.403076171875,37.770671844482422
9468684,2023,2023-09-08,3801,2023-08-20,1340,1474,BAYVI,7,5,7,3801,0,0,0,,0,901,"BAY SHORE BL","JERROLD AV",0.00,,Y,A,-,N,,,,,,,,,,N,4,0,1,2,A,-,04,21703,,N,C,C,A,A,H,-,A,A,0,,,,,Y,,A,01,0,0,1,0,0,0,0,0,0,"- ","- ",,,"SAN FRANCISCO","SAN FRANCISCO",-122.40361785888672,37.747386932373047
9468685,2023,2023-09-15,3801,2023-08-13,1612,1988,INGLE,7,5,7,3801,0,0,0,,0,3H15D,"LIBSON ST","FRANCE AV",0.00,,Y,A,-,N,,,,,,,,,,Y,4,0,2,2,A,-,00,23350,,M,D,-,A,A,H,-,A,A,0,,,,,Y,Y,A,07,0,0,2,0,0,0,0,0,0,"- ","- ",,,"SAN FRANCISCO","SAN FRANCISCO",-122.43595886230469,37.718891143798828
9468687,2023,2023-09-15,3801,2023-08-12,1732,2441,INGLE,6,5,7,3801,0,0,0,,0,3H13D,"PARIS ST","EXCELSIOR AV",0.00,,-,A,-,N,,,,,,,,,,N,4,0,2,2,A,-,06,21750,A,F,B,E,A,A,H,-,A,D,0,,,,,Y,,D,22,0,0,2,0,0,0,0,0,0,"- ","- ",,,"SAN FRANCISCO","SAN FRANCISCO",-122.43203735351562,37.725479125976562
9468688,2023,2023-09-15,3801,2023-08-11,2315,2153,TARAV,5,5,7,3801,0,0,0,,0,3I5E,"BUCKINGHAM WY","WINSTON DR",0.00,,Y,A,-,N,,,,,,,,,,Y,3,0,2,1,A,-,03,22350,,N,-,I,A,A,-,-,C,A,0,,,,,Y,,A,01,0,2,0,0,0,0,0,0,0,"- ","- ",,,"SAN FRANCISCO","SAN FRANCISCO",-122.47597503662109,37.730087280273438
9468692,2023,2023-09-15,3801,2023-08-04,"656 ",2195,NORTH,5,5,7,3801,0,0,0,,0,003,"GOUGH ST","FULTON ST",0.00,,Y,A,-,N,,,,,,,,,,N,3,0,1,2,A,-,08,22107,,N,D,G,A,A,H,-,A,A,0,,Y,,,Y,,A,01,0,1,0,0,0,0,1,0,0,"- ","- ",,,"SAN FRANCISCO","SAN FRANCISCO",-122.42334747314453,37.778751373291016
9468696,2023,2023-09-14,3801,2023-08-10,"640 ",2289,NORTH,4,5,7,3801,0,0,0,,0,,"GOUGH ST","BUSH ST",0.00,,-,A,-,N,,,,,,,,,,N,4,0,1,2,A,-,10,21950,A,N,G,B,B,A,H,-,A,A,0,Y,,,,Y,,A,01,0,0,1,0,1,0,0,0,0,"- ","- ",,,"SAN FRANCISCO","SAN FRANCISCO",-122.42523956298828,37.788066864013672
9468699,2023,2023-09-14,3801,2023-08-13,"730 ",8,NORTH,7,5,7,3801,0,0,0,,0,3E11A,HAYES,"POLK ST",100.00,E,N,A,-,N,,,,,,,,,,Y,4,0,2,2,A,-,03,22350,,F,C,C,A,-,H,-,A,D,0,,,,,Y,,A,01,0,0,2,0,0,0,0,0,0,"- ","- ",,,"SAN FRANCISCO","SAN FRANCISCO",-122.41770172119141,37.777553558349609
9468703,2023,2023-09-14,3801,2023-08-16,1650,2486,TARAV,3,5,7,3801,0,0,0,,0,3I16D,"OCEAN AV","CERRITOS AV",0.00,,Y,A,-,N,,,,,,,,,,Y,4,0,1,2,A,-,09,21800,A,N,D,C,A,A,H,-,A,A,0,,,Y,,Y,,C,02,0,0,1,0,0,0,0,0,1,"- ","- ",,,"SAN FRANCISCO","SAN FRANCISCO",-122.4666748046875,37.727199554443359
9468704,2023,2023-09-14,3801,2023-08-11,2223,2335,PARK,5,5,7,3801,0,0,0,,0,0F3,"OAK ST","CENTRAL AV",0.00,,Y,A,-,N,,,,,,,,,,N,4,0,1,2,A,-,03,22350,,N,B,G,A,A,H,-,C,A,0,,Y,,,Y,,L,04,0,0,1,0,0,0,1,0,0,"- ","- ",,,"SAN FRANCISCO","SAN FRANCISCO",-122.44405364990234,37.772289276123047
9468706,2023,2023-09-14,3801,2023-08-08,1551,260,SOUTH,2,5,7,3801,0,0,0,,0,3B12D,"4TH ST","FOLSOM ST",0.00,,Y,A,-,N,,,,,,,,,,N,4,0,1,2,A,-,04,21703,,N,C,G,A,A,H,-,A,A,0,,Y,,,Y,,A,01,0,0,1,0,0,0,1,0,0,"- ","- ",,,"SAN FRANCISCO","SAN FRANCISCO",-122.40116119384766,37.782035827636719
9468709,2023,2023-09-27,3801,2023-08-10,1758,1215,MISSI,4,5,7,3801,0,0,0,,0,003,"S VAN NESS ST","21ST ST",0.00,,Y,-,-,N,,,,,,,,,,N,4,0,1,2,A,-,00,20002,A,M,C,C,A,-,-,-,-,-,0,,,,,Y,,A,01,0,0,1,0,0,0,0,0,0,"- ","- ",,,"SAN FRANCISCO","SAN FRANCISCO",-122.416748046875,37.757160186767578
9468710,2023,2023-09-15,3801,2023-08-01,2015,1427,TENDE,2,5,7,3801,0,0,0,,0,3J11D,"10TH ST","MARKET ST",0.00,,Y,A,G,N,,,,,,,,,,N,3,0,1,2,A,-,10,21950,C,F,G,B,B,A,H,-,C,A,0,Y,,,,Y,,A,01,0,1,0,0,1,0,0,0,0,"- ","- ",,,"SAN FRANCISCO","SAN FRANCISCO",-122.41753387451172,37.776527404785156
9468711,2023,2023-09-15,3801,2023-08-06,1410,2745,TENDE,7,5,7,3801,0,0,0,,0,3J91D,"MARKET ST","5TH ST",350.00,E,N,A,-,N,,,,,,,,,,N,4,0,1,1,A,-,"- ",,,N,H,-,A,-,H,-,A,D,0,,Y,,,Y,,L,04,0,0,1,0,0,0,1,0,0,"- ","- ",,,"SAN FRANCISCO","SAN FRANCISCO",-122.40719604492188,37.784671783447266
9468712,2023,2023-09-15,3801,2023-08-07,1725,2028,TENDE,1,5,7,3801,0,0,0,,0,3J11D,"9TH ST","MARKET ST",0.00,,Y,A,-,N,,,,,,,,,,Y,3,0,1,2,A,-,03,22350,,N,C,C,A,A,H,-,A,D,0,,,Y,,Y,,A,01,0,1,0,0,0,0,0,0,1,"- ","- ",,,"SAN FRANCISCO","SAN FRANCISCO",-122.41632843017578,37.777500152587891
9468748,2023,2023-09-13,3801,2023-07-01,"210 ",2708,SOUTH,6,5,7,3801,0,0,0,,0,3B13E,"FOLSOM ST","7TH ST",0.00,,Y,A,-,N,,,,,,,,,,N,3,0,1,2,A,-,21,22106,A,N,-,G,A,A,H,-,C,D,0,,Y,,,Y,,A,01,0,1,0,0,0,0,1,0,0,"- ","- ",,,"SAN FRANCISCO","SAN FRANCISCO",-122.40784454345703,37.776771545410156
9468785,2023,2023-09-12,3801,2023-07-30,"954 ",1364,NORTH,7,5,7,3801,0,0,0,,0,3E6A,"GOUGH ST","UNION ST",0.00,,Y,A,-,N,,,,,,,,,,N,2,0,1,2,A,-,11,21453,D,N,G,B,B,A,H,-,A,A,0,Y,,,,Y,,N,60,1,0,0,0,1,0,0,0,0,"- ","- ",,,"SAN FRANCISCO","SAN FRANCISCO",-122.42726135253906,37.798137664794922
9468793,2023,2023-09-11,3801,2023-07-26,1440,82,MISSI,3,5,7,3801,0,0,0,,0,3D45C,"17TH ST","DOLORES ST",0.00,,Y,A,-,N,,,,,,,,,,N,4,0,1,2,A,-,12,21453,A,N,D,G,A,A,H,-,A,A,0,,Y,,,Y,,L,04,0,0,1,0,0,0,1,0,0,"- ","- ",,,"SAN FRANCISCO","SAN FRANCISCO",-122.42630004882812,37.763008117675781
9468798,2023,2023-09-22,3801,2023-07-23,1045,2124,MISSI,7,5,7,3801,0,0,0,,0,3D11A,"S VAN NESS AV","13TH ST",0.00,,Y,A,-,N,,,,,,,,,,N,3,0,1,2,A,-,08,22107,,N,-,C,A,A,H,-,A,A,0,,,Y,,Y,,A,01,0,1,0,0,0,0,0,0,1,"- ","- ",,,"SAN FRANCISCO","SAN FRANCISCO",-122.41777801513672,37.7696533203125
9468799,2023,2023-09-11,3801,2023-07-25,1514,1414,MISSI,2,5,7,3801,0,0,0,,0,3D16D,"FOLSOM ST","18TH ST",150.00,N,N,A,-,N,,,,,,,,,,N,3,0,1,2,A,-,08,22107,,N,D,C,A,A,H,-,A,D,0,,,Y,,Y,,A,01,0,1,0,0,0,0,0,0,1,"- ","- ",,,"SAN FRANCISCO","SAN FRANCISCO",-122.41503143310547,37.76251220703125
9468804,2023,2023-09-11,3801,2023-07-28,"141 ",1308,SOUTH,5,5,7,3801,0,0,0,,0,3B12E,"HOWARD RD","6TH ST",0.00,,Y,A,-,N,,,,,,,,,,N,4,0,1,2,A,-,12,21453,A,F,D,G,A,A,H,-,B,A,0,,Y,Y,,Y,,L,04,0,0,1,0,0,0,1,0,0,"- ","- ",,,"SAN FRANCISCO","SAN FRANCISCO",-122.40714263916016,37.779750823974609