CASE_ID,ACCIDENT_YEAR,PROC_DATE,JURIS,COLLISION_DATE,COLLISION_TIME,OFFICER_ID,REPORTING_DISTRICT,DAY_OF_WEEK,CHP_SHIFT,POPULATION,CNTY_CITY_LOC,SPECIAL_COND,BEAT_TYPE,CHP_BEAT_TYPE,CITY_DIVISION_LAPD,CHP_BEAT_CLASS,BEAT_NUMBER,PRIMARY_RD,SECONDARY_RD,DISTANCE,DIRECTION,INTERSECTION,WEATHER_1,WEATHER_2,STATE_HWY_IND,CALTRANS_COUNTY,CALTRANS_DISTRICT,STATE_ROUTE,ROUTE_SUFFIX,POSTMILE_PREFIX,POSTMILE,LOCATION_TYPE,RAMP_INTERSECTION,SIDE_OF_HWY,TOW_AWAY,COLLISION_SEVERITY,NUMBER_KILLED,NUMBER_INJURED,PARTY_COUNT,PRIMARY_COLL_FACTOR,PCF_CODE_OF_VIOL,PCF_VIOL_CATEGORY,PCF_VIOLATION,PCF_VIOL_SUBSECTION,HIT_AND_RUN,TYPE_OF_COLLISION,MVIW,PED_ACTION,ROAD_SURFACE,ROAD_COND_1,ROAD_COND_2,LIGHTING,CONTROL_DEVICE,CHP_ROAD_TYPE,PEDESTRIAN_ACCIDENT,BICYCLE_ACCIDENT,MOTORCYCLE_ACCIDENT,TRUCK_ACCIDENT,NOT_PRIVATE_PROPERTY,ALCOHOL_INVOLVED,STWD_VEHTYPE_AT_FAULT,CHP_VEHTYPE_AT_FAULT,COUNT_SEVERE_INJ,COUNT_VISIBLE_INJ,COUNT_COMPLAINT_PAIN,COUNT_PED_KILLED,COUNT_PED_INJURED,COUNT_BICYCLIST_KILLED,COUNT_BICYCLIST_INJURED,COUNT_MC_KILLED,COUNT_MC_INJURED,PRIMARY_RAMP,SECONDARY_RAMP,LATITUDE,LONGITUDE,COUNTY,CITY,POINT_X,POINT_Y
9468805,2023,2023-09-11,3801,2023-07-28,1729,2379,CENTR,5,5,7,3801,0,0,0,,0,3A12D,"KEARNY ST","POST ST",0.00,,Y,A,-,N,,,,,,,,,,N,3,0,1,2,A,-,03,22350,,F,C,C,A,A,H,-,A,A,0,,,Y,,Y,,A,01,0,1,0,0,0,0,0,0,1,"- ","- ",,,"SAN FRANCISCO","SAN FRANCISCO",-122.40365600585938,37.788902282714844
9468806,2023,2023-09-11,3801,2023-07-24,1049,2097,BAYVI,1,5,7,3801,0,0,0,,0,3C3,"NEWHALL ST","HUDSON AV",0.00,,Y,A,-,N,,,,,,,,,,N,4,0,1,2,A,-,10,21950,A,N,G,B,B,A,H,-,A,D,0,Y,,,,Y,,A,01,0,0,1,0,1,0,0,0,0,"- ","- ",,,"SAN FRANCISCO","SAN FRANCISCO",-122.38828277587891,37.74005126953125
9468810,2023,2023-09-11,3801,2023-07-30,1819,1215,MISSI,7,5,7,3801,0,0,0,,0,001,"VALENCIA ST","17TH ST",24.00,N,N,A,-,N,,,,,,,,,,N,4,0,1,2,A,-,17,21461,A,N,D,C,A,A,H,-,A,A,0,,,Y,,Y,,A,01,0,0,1,0,0,0,0,0,1,"- ","- ",,,"SAN FRANCISCO","SAN FRANCISCO",-122.42174530029297,37.76336669921875
9468830,2023,2023-11-27,3801,2023-07-16,1627,1371,RICHM,7,5,7,3801,0,0,0,,0,003,"CALIFORNIA ST","14TH AV",0.00,,Y,-,-,N,,,,,,,,,,N,3,0,2,2,A,-,09,21804,A,N,D,C,A,A,H,-,A,A,0,,,,,Y,,A,01,0,1,1,0,0,0,0,0,0,"- ","- ",,,"SAN FRANCISCO","SAN FRANCISCO",-122.47312927246094,37.784431457519531
9468831,2023,2023-09-13,3801,2023-07-12,1715,2401,MISSI,3,5,7,3801,0,0,0,,0,3D45C,"SAN CARLOS ST","21ST ST",0.00,,Y,-,-,N,,,,,,,,,,N,3,0,1,2,A,-,17,21657,,F,A,G,A,-,-,-,-,-,0,,Y,Y,,Y,,C,03,0,1,0,0,0,0,1,0,0,"- ","- ",,,"SAN FRANCISCO","SAN FRANCISCO",-122.41970062255859,37.756980895996094
9468832,2023,2023-09-13,3801,2023-07-10,1915,837,CENTR,1,5,7,3801,0,0,0,,0,3A12D,"STOCKTON ST","WASHINGTON ST",0.00,,Y,A,G,N,,,,,,,,,,N,4,0,1,2,A,-,06,21755,A,N,H,B,D,A,H,-,B,A,0,Y,,,,Y,,N,60,0,0,1,0,1,0,0,0,0,"- ","- ",,,"SAN FRANCISCO","SAN FRANCISCO",-122.40802764892578,37.794960021972656
9468849,2023,2023-09-21,3801,2023-06-16,1944,341,NORTH,5,5,7,3801,0,0,0,,0,3E16E,BROADWAY,"LARKIN ST",0.00,,Y,A,-,N,,,,,,,,,,N,4,0,1,2,A,-,02,22400,A,N,C,C,A,A,H,-,A,A,0,,,Y,,Y,,A,01,0,0,1,0,0,0,0,0,1,"- ","- ",,,"SAN FRANCISCO","SAN FRANCISCO",-122.42012786865234,37.796218872070312
9468850,2023,2023-09-12,3801,2023-06-09,1243,2123,BAYVI,5,5,7,3801,0,0,0,,0,3C12A,"LOOMIS ST","OAKDALE AV",0.00,,Y,A,-,N,,,,,,,,,,Y,3,0,1,2,A,-,09,21802,A,N,D,C,A,A,H,-,A,A,0,,,,,Y,,A,01,0,1,0,0,0,0,0,0,0,"- ","- ",,,"SAN FRANCISCO","SAN FRANCISCO",-122.40431213378906,37.742527008056641
9468851,2023,2023-09-12,3801,2023-06-01,1500,637,MISSI,4,5,7,3801,0,0,0,,0,3D15D,"SOUTH VAN NESS","13TH ST",25.00,N,N,A,-,N,,,,,,,,,,N,4,0,1,2,A,-,04,21703,,N,C,C,A,A,H,-,A,A,0,,,,,Y,,A,01,0,0,1,0,0,0,0,0,0,"- ","- ",,,"SAN FRANCISCO","SAN FRANCISCO",-122.41777038574219,37.769718170166016
9468852,2023,2023-09-12,3801,2023-06-25,"541 ",1741,SOUTH,7,5,7,3801,0,0,0,,0,901,"SOUTH VAN NESS AV","HOWARD ST",0.00,,Y,A,-,N,,,,,,,,,,N,2,0,1,2,A,-,09,21804,A,F,D,C,A,A,H,-,B,A,0,,,Y,,Y,Y,A,01,1,0,0,0,0,0,0,0,1,"- ","- ",,,"SAN FRANCISCO","SAN FRANCISCO",-122.41763305664062,37.770336151123047
9468853,2023,2023-09-12,3801,2023-06-23,1610,2455,CENTR,5,5,7,3801,0,0,0,,0,3A15D,"THE EMBARCADERO","THE EMBARCADERO 1",0.00,,Y,A,-,N,,,,,,,,,,N,4,0,1,2,D,-,00,,,N,B,G,A,A,H,-,A,A,0,,Y,,,Y,,-,"- ",0,0,1,0,0,0,1,0,0,"- ","- ",,,"SAN FRANCISCO","SAN FRANCISCO",-122.38925933837891,37.780281066894531
9469441,2023,2023-09-13,3801,2023-08-28,1529,364,SOUTH,1,5,7,3801,0,0,0,,0,3B12D,"4TH ST","HARRISON ST",0.00,,Y,A,-,N,,,,,,,,,,N,3,0,1,2,A,-,17,21235,G,N,D,B,F,A,H,-,A,D,0,Y,,Y,,Y,,C,03,0,1,0,0,1,0,0,0,0,"- ","- ",,,"SAN FRANCISCO","SAN FRANCISCO",-122.39962768554688,37.780776977539062
9469442,2023,2023-09-13,3801,2023-08-28,1542,4286,RICHM,1,5,7,3801,0,0,0,,0,0G4,"FULTON ST","21ST AV",0.00,,Y,A,-,N,,,,,,,,,,N,3,0,2,2,A,-,09,21801,A,N,D,C,A,A,H,-,A,D,0,,,,,Y,,A,07,0,2,0,0,0,0,0,0,0,"- ","- ",,,"SAN FRANCISCO","SAN FRANCISCO",-122.47991180419922,37.772747039794922
9469444,2023,2023-09-26,3801,2023-08-31,"53  ",400,SOUTH,4,5,7,3801,0,0,0,,0,,"KING ST","3RD ST",0.00,,Y,A,-,N,,,,,,,,,,Y,4,0,1,2,A,-,09,21453,C,N,D,C,A,A,H,-,C,A,0,,,,,Y,,A,01,0,0,1,0,0,0,0,0,0,"- ","- ",,,"SAN FRANCISCO","SAN FRANCISCO",-122.39195251464844,37.778202056884766
9469445,2023,2023-09-13,3801,2023-08-29,1406,93,NORTH,2,5,7,3801,0,0,0,,0,3E76,"FRANKLIN ST","PACIFIC ST",17.00,S,N,A,-,N,,,,,,,,,,Y,4,0,1,2,A,-,12,21453,A,N,D,C,A,A,H,-,A,A,0,,,,,Y,,A,01,0,0,1,0,0,0,0,0,0,"- ","- ",,,"SAN FRANCISCO","SAN FRANCISCO",-122.42484283447266,37.794563293457031
9469447,2023,2023-09-13,3801,2023-08-26,1556,2419,RICHM,6,5,7,3801,0,0,0,,0,908,"FULTON ST","2ND AV",0.00,,Y,A,-,N,,,,,,,,,,,4,0,1,2,A,-,11,21950,B,N,G,B,B,A,H,-,A,D,0,Y,,,,Y,,N,60,0,0,1,0,1,0,0,0,0,"- ","- ",,,"SAN FRANCISCO","SAN FRANCISCO",-122.45948791503906,37.774169921875
9469450,2023,2023-09-13,3801,2023-08-27,1951,158,NORTH,7,5,7,3801,0,0,0,,0,3E14D,"STEINER ST","FELL ST",0.00,,Y,A,-,N,,,,,,,,,,N,4,0,2,2,A,-,09,21801,A,N,A,C,A,A,H,-,B,A,0,,,Y,,Y,,A,01,0,0,2,0,0,0,0,0,2,"- ","- ",,,"SAN FRANCISCO","SAN FRANCISCO",-122.43265533447266,37.774684906005859
9469451,2023,2023-09-13,3801,2023-08-27,1214,306,TENDE,7,5,7,3801,0,0,0,,0,3J12A,"MASON ST","OFARRELL ST",0.00,,Y,A,-,N,,,,,,,,,,N,4,0,1,2,A,-,10,21950,A,N,G,B,B,A,H,-,A,A,0,Y,,,,Y,,A,01,0,0,1,0,1,0,0,0,0,"- ","- ",,,"SAN FRANCISCO","SAN FRANCISCO",-122.40966033935547,37.786220550537109
9469452,2023,2023-09-21,3801,2023-08-27,1350,537,PARK,7,5,7,3801,0,0,0,,0,3F00,"OAK ST","SCOTT ST",0.00,,Y,A,-,N,,,,,,,,,,N,4,0,1,2,A,-,"- ",,,N,A,G,A,A,H,-,A,D,0,,Y,,,Y,,-,"- ",0,0,1,0,0,0,1,0,0,"- ","- ",,,"SAN FRANCISCO","SAN FRANCISCO",-122.43576812744141,37.773334503173828
9469453,2023,2023-09-13,3801,2023-08-25,1535,964,NORTH,5,5,7,3801,0,0,0,,0,3E13D,"VAN NESS AV","GROVE ST",0.00,,Y,A,-,N,,,,,,,,,,N,4,0,2,2,A,-,04,21703,,N,C,C,A,A,H,-,A,A,0,,,,,Y,,A,01,0,0,2,0,0,0,0,0,0,"- ","- ",,,"SAN FRANCISCO","SAN FRANCISCO",-122.41981506347656,37.778255462646484
9469456,2023,2023-09-13,3801,2023-08-18,2153,1967,NORTH,5,5,7,3801,0,0,0,,0,3E12A,"MCALLISTER ST","GOUGH ST",0.00,,Y,A,-,N,,,,,,,,,,N,3,0,1,2,A,-,21,22106,,F,G,B,B,A,H,-,C,A,0,Y,,,,Y,,A,01,0,1,0,0,1,0,0,0,0,"- ","- ",,,"SAN FRANCISCO","SAN FRANCISCO",-122.42353820800781,37.779670715332031
9469460,2023,2023-09-13,3801,2023-08-28,1337,1297,PARK,1,5,7,3801,0,0,0,,0,3F13A,"BLAKE ST","ANZA ST",0.00,,Y,A,-,N,,,,,,,,,,N,4,0,1,2,A,-,10,21950,A,N,G,B,B,A,H,-,A,D,0,Y,,,,Y,,A,01,0,0,1,0,1,0,0,0,0,"- ","- ",,,"SAN FRANCISCO","SAN FRANCISCO",-122.45082092285156,37.7806396484375
9469522,2023,2023-10-02,3801,2023-08-28,"915 ",1457,TARAV,1,5,7,3801,0,0,0,,0,001,"DEWEY BL","LAGUNA HONDA BL",232.00,W,N,B,-,N,,,,,,,,,,N,3,0,1,2,A,-,08,22107,,N,G,B,E,A,H,-,A,D,0,Y,,,,Y,,A,01,0,1,0,0,1,0,0,0,0,"- ","- ",,,"SAN FRANCISCO","SAN FRANCISCO",-122.45976257324219,37.746826171875
9469523,2023,2023-10-02,3801,2023-08-10,2110,524,INGLE,4,5,7,3801,0,0,0,,0,3H15E,"ALEMANY BL","SICKLES AV",0.00,,Y,A,-,N,,,,,,,,,,N,4,0,1,3,A,-,12,21453,A,N,D,C,A,A,H,-,C,A,0,,,,,Y,,A,01,0,0,1,0,0,0,0,0,0,"- ","- ",,,"SAN FRANCISCO","SAN FRANCISCO",-122.45491790771484,37.710514068603516
9469524,2023,2023-10-02,3801,2023-08-11,1512,1620,RICHM,5,5,7,3801,0,0,0,,0,,"GEARY BL","12TH AV",0.00,,Y,A,-,N,,,,,,,,,,Y,3,0,2,2,A,-,09,21801,,N,D,D,A,A,H,-,A,A,0,,,,,Y,,A,01,0,1,1,0,0,0,0,0,0,"- ","- ",,,"SAN FRANCISCO","SAN FRANCISCO",-122.470703125,37.780792236328125
9469525,2023,2023-10-02,3801,2023-06-08,2327,1830,CENTR,4,5,7,3801,0,0,0,,0,3A13E,"COLUMBUS AV","NORTH POINT ST",173.00,S,N,A,-,N,,,,,,,,,,N,2,0,1,2,A,-,03,22350,,F,G,B,D,A,H,-,C,A,0,Y,,,,Y,,-,,1,0,0,0,1,0,0,0,0,"- ","- ",,,"SAN FRANCISCO","SAN FRANCISCO",-122.41790771484375,37.805675506591797
9469526,2023,2023-10-02,3801,2023-08-09,1530,1544,CENTR,3,5,7,3801,0,0,0,,0,3A90A,"BROADWAY ST","KEARNY ST",50.00,E,N,A,-,N,,,,,,,,,,Y,3,0,1,2,A,-,08,22107,,N,D,C,A,A,H,-,A,D,0,,,Y,,Y,,A,01,0,1,0,0,0,0,0,0,1,"- ","- ",,,"SAN FRANCISCO","SAN FRANCISCO",-122.40531921386719,37.798042297363281
9469528,2023,2023-10-02,3801,2023-08-26,2222,483,MISSI,6,5,7,3801,0,0,0,,0,,"VALENCIA ST","DUBOCE ST",120.00,S,N,A,-,N,,,,,,,,,,Y,4,0,1,2,A,-,03,22350,,N,C,C,A,A,H,-,C,D,0,,,,,Y,,A,01,0,0,1,0,0,0,0,0,0,"- ","- ",,,"SAN FRANCISCO","SAN FRANCISCO",-122.42233276367188,37.769542694091797
9469536,2023,2023-10-02,3801,2023-08-25,1536,2379,CENTR,5,5,7,3801,0,0,0,,0,3A12D,"PINE ST","KEARNY ST",0.00,,Y,A,-,N,,,,,,,,,,N,3,0,1,2,A,-,10,21950,A,N,A,B,B,A,H,-,A,A,0,Y,,,,Y,,A,07,0,1,0,0,1,0,0,0,0,"- ","- ",,,"SAN FRANCISCO","SAN FRANCISCO",-122.40421295166016,37.791694641113281
9469539,2023,2023-10-02,3801,2023-08-24,1229,1633,TENDE,4,5,7,3801,0,0,0,,0,,"MCALLISTER ST","LARKIN ST",125.00,W,N,A,-,N,,,,,,,,,,N,4,0,4,2,A,-,05,21752,D,N,B,C,A,A,H,-,A,D,0,,,Y,,Y,,A,01,0,0,4,0,0,0,0,0,1,"- ","- ",,,"SAN FRANCISCO","SAN FRANCISCO",-122.41736602783203,37.780445098876953
9469540,2023,2023-10-02,3801,2023-08-24,1353,1496,TARAV,4,5,7,3801,0,0,0,,0,0I5,"BROTHERHOOD WY","LAKE MERCED BL",850.00,E,N,A,-,N,,,,,,,,,,Y,4,0,1,2,A,-,03,22350,,N,C,C,A,A,H,-,A,D,0,,,,,Y,,A,01,0,0,1,0,0,0,0,0,0,"- ","- ",,,"SAN FRANCISCO","SAN FRANCISCO",-122.48232269287109,37.714534759521484
9469541,2023,2023-10-03,3801,2023-08-23,1003,392,MISSI,3,5,7,3801,0,0,0,,0,0D1,"VALENCIA ST","15TH ST",22.00,N,N,A,-,N,,,,,,,,,,N,2,0,1,2,A,-,10,21950,A,N,G,B,B,A,H,-,A,A,0,Y,,,,Y,,A,01,1,0,0,0,1,0,0,0,0,"- ","- ",,,"SAN FRANCISCO","SAN FRANCISCO",-122.42203521728516,37.766590118408203
9469547,2023,2023-10-09,3801,2023-08-13,2344,821,SOUTH,7,5,7,3801,0,0,0,,0,0B4,"MARKET ST","VALENCIA ST",0.00,,Y,A,-,N,,,,,,,,,,Y,2,0,1,2,A,-,09,21453,C,N,D,J,A,A,H,-,C,A,0,,,,,Y,Y,M,94,1,0,0,0,0,0,0,0,0,"- ","- ",,,"SAN FRANCISCO","SAN FRANCISCO",-122.42262268066406,37.772548675537109
9469548,2023,2023-10-03,3801,2023-08-19,1600,1909,NORTH,6,5,7,3801,0,0,0,,0,NORTHE,"MARINA BL","DIVISADERO ST",80.00,E,N,A,-,N,,,,,,,,,,N,4,0,1,1,A,-,03,22350,,N,H,-,A,A,H,-,A,D,0,,,Y,,Y,,C,02,0,0,1,0,0,0,0,0,1,"- ","- ",,,"SAN FRANCISCO","SAN FRANCISCO",-122.4437255859375,37.805618286132812
9469549,2023,2023-10-03,3801,2023-08-12,1150,2392,MISSI,6,5,7,3801,0,0,0,,0,,"17TH ST","POTRERO AV",60.00,E,N,A,-,N,,,,,,,,,,N,4,0,1,2,A,-,05,21460,A,N,B,C,A,A,H,-,A,D,0,,,Y,,Y,,C,03,0,0,1,0,0,0,0,0,1,"- ","- ",,,"SAN FRANCISCO","SAN FRANCISCO",-122.40721893310547,37.764499664306641
9469619,2023,2023-09-14,3801,2023-08-14,2002,704,BAYVI,1,5,7,3801,0,0,0,,0,3C13D,"EVANS AV","JENNINGS ST",0.00,,Y,A,-,N,,,,,,,,,,Y,3,0,1,2,A,-,12,22450,A,N,-,C,A,A,H,-,B,A,0,,,,,Y,,A,01,0,1,0,0,0,0,0,0,0,"- ","- ",,,"SAN FRANCISCO","SAN FRANCISCO",-122.37911987304688,37.737693786621094
9469620,2023,2023-09-14,3801,2023-08-18,1322,2315,MISSI,5,5,7,3801,0,0,0,,0,3D15A,"17TH ST","MISSION ST",0.00,,Y,A,-,N,,,,,,,,,,Y,4,0,2,3,A,-,09,21801,,N,D,C,A,A,H,-,A,D,0,,,,,Y,,A,07,0,0,2,0,0,0,0,0,0,"- ","- ",,,"SAN FRANCISCO","SAN FRANCISCO",-122.41950225830078,37.763423919677734
9469622,2023,2023-09-14,3801,2023-08-06,1545,1666,PARK,7,5,7,3801,0,0,0,,0,4CAR,"CASTRO ST","DUBOCE AV",0.00,,Y,A,-,N,,,,,,,,,,N,4,0,1,2,A,-,10,21950,A,N,G,B,B,A,H,-,A,A,0,Y,,,,Y,,A,01,0,0,1,0,1,0,0,0,0,"- ","- ",,,"SAN FRANCISCO","SAN FRANCISCO",-122.43582153320312,37.769050598144531
9469975,2023,2023-09-13,3801,2023-06-03,"321 ",1113,PARK,6,5,7,3801,0,0,0,,0,3F14E,"STANYAN ST","HAYES ST",0.00,,Y,A,-,N,,,,,,,,,,N,4,0,1,2,A,-,03,22350,,N,C,C,A,A,H,-,C,A,0,,,,,Y,,A,01,0,0,1,0,0,0,0,0,0,"- ","- ",,,"SAN FRANCISCO","SAN FRANCISCO",-122.45429992675781,37.772872924804688
9514146,2023,2023-02-22,3801,2023-01-17,"910 ",1825,SOUTH,2,5,7,3801,0,0,0,,0,3B14A,"S VAN NESS AV","12TH ST",0.00,,Y,A,-,Y,SF,4,101,-,T,4.706,I,5,S,Y,2,0,1,2,A,-,09,21801,A,N,D,C,A,A,H,-,A,D,0,,,Y,,Y,,C,02,1,0,0,0,0,0,0,0,1,"- ","- ",,,"SAN FRANCISCO","SAN FRANCISCO",-122.41862487792969,37.773017883300781
9520738,2023,2025-06-25,3801,2023-05-23,"105 ",917,TRAFF,2,5,7,3801,0,0,0,,0,4B2E,RT-101,"DIVISADERO ST",0.00,,Y,A,-,Y,SF,4,101,-,-,7.696,I,5,N,Y,1,1,0,2,A,-,01,23152,A,F,G,B,D,A,H,-,C,A,0,Y,,,,Y,Y,D,22,0,0,0,1,0,0,0,0,0,"- ","- ",,,"SAN FRANCISCO","SAN FRANCISCO",-122.44266510009766,37.799060821533203
9520739,2023,2025-06-25,3801,2023-05-23,1021,4036,TRAFF,2,5,7,3801,0,0,0,,0,4B2C,"16TH ST","POTRERO AV",0.00,,Y,A,-,N,,,,,,,,,,Y,1,1,4,5,A,-,12,21453,A,N,D,C,F,A,H,-,A,A,0,Y,,,,Y,,D,22,1,0,3,1,2,0,0,0,0,"- ","- ",,,"SAN FRANCISCO","SAN FRANCISCO",-122.40756225585938,37.765773773193359
9545206,2023,2023-02-24,3801,2023-01-14,1442,2400,BAYVI,6,5,7,3801,0,0,0,,0,0C1,"DAKOTA ST","25TH ST",298.00,N,N,B,-,N,,,,,,,,,,N,2,0,1,2,A,-,03,22350,,F,G,B,D,A,H,-,A,D,0,Y,,,,Y,,D,22,1,0,0,0,1,0,0,0,0,"- ","- ",,,"SAN FRANCISCO","SAN FRANCISCO",-122.39518737792969,37.753120422363281
9545246,2023,2023-03-06,3801,2023-01-26,1035,1359,INGLE,4,5,7,3801,0,0,0,,0,3H16A,"BAY SHORE BL","SUNNYDALE AV",310.00,N,N,A,-,N,,,,,,,,,,Y,3,0,2,4,A,-,03,22350,,F,A,E,A,A,H,-,A,D,0,,,,Y,Y,,A,01,0,1,1,0,0,0,0,0,0,"- ","- ",,,"SAN FRANCISCO","SAN FRANCISCO",-122.40486145019531,37.709697723388672
9545269,2023,2023-03-14,3801,2023-01-15,1235,504,NORTH,7,5,7,3801,0,0,0,,0,3E15A,"VAN NESS AV","JACKSON ST",0.00,,Y,A,B,Y,SF,4,101,-,-,6.190,I,5,N,N,4,0,4,2,A,-,08,22107,,F,D,C,A,B,-,-,A,-,0,,,,,Y,,-,99,0,0,4,0,0,0,0,0,0,"- ","- ",,,"SAN FRANCISCO","SAN FRANCISCO",-122.42296600341797,37.793952941894531
9545381,2023,2023-02-28,3801,2023-01-22,2122,4115,CENTR,7,5,7,3801,0,0,0,,0,3A11E,BROADWAY,"BROADWAY TUNNEL",0.00,,N,A,-,N,,,,,,,,,,N,3,0,2,2,A,-,04,21703,,N,C,C,A,A,H,-,C,D,0,,,,,Y,,A,01,0,1,1,0,0,0,0,0,0,"- ","- ",37.766300201416016,-122.41899871826172,"SAN FRANCISCO","SAN FRANCISCO",-122.42012023925781,37.796077728271484
9545384,2023,2023-02-28,3801,2023-01-21,1106,2039,TARAV,6,5,7,3801,0,0,0,,0,005,"JOHN MUIR DR","LAKE MERCED BL",365.00,W,N,A,-,N,,,,,,,,,,N,3,0,1,2,A,-,08,22107,,N,B,G,A,A,H,-,A,D,0,,Y,,,Y,,A,01,0,1,0,0,0,0,1,0,0,"- ","- ",,,"SAN FRANCISCO","SAN FRANCISCO",-122.48682403564453,37.7086181640625
9545385,2023,2023-02-28,3801,2023-01-24,2230,1182,TENDE,2,5,7,3801,0,0,0,,0,901,"OFARRELL ST","JONES ST",146.00,E,N,A,-,N,,,,,,,,,,N,3,0,1,2,A,-,03,22350,A,F,G,B,D,A,H,-,C,D,0,Y,,,,Y,,-,,0,1,0,0,1,0,0,0,0,"- ","- ",,,"SAN FRANCISCO","SAN FRANCISCO",-122.41246795654297,37.785865783691406
9545387,2023,2023-02-28,3801,2023-01-01,1730,1696,NORTH,7,5,7,3801,0,0,0,,0,3E16D,"FRANCISCO ST","POLK ST",0.00,,Y,A,-,N,,,,,,,,,,N,2,0,1,2,A,-,12,22450,A,N,A,C,A,A,H,-,A,A,0,,,Y,,Y,,C,03,1,0,0,0,0,0,0,0,1,"- ","- ",,,"SAN FRANCISCO","SAN FRANCISCO",-122.42327117919922,37.803421020507812
9545389,2023,2023-02-24,3801,2023-01-04,1753,1845,TARAV,3,5,7,3801,0,0,0,,0,3I16D,"OCEAN AV","DORADO TER",0.00,,Y,C,-,N,,,,,,,,,,N,4,0,1,2,A,-,10,21950,A,N,G,B,B,B,H,-,C,A,0,Y,,,,Y,,A,01,0,0,1,0,1,0,0,0,0,"- ","- ",,,"SAN FRANCISCO","SAN FRANCISCO",-122.46123504638672,37.724948883056641
9545390,2023,2023-02-24,3801,2023-01-01,1458,2305,TRAFF,7,5,7,3801,0,0,0,,0,4B3F,"CORBETT AV","DIXIE DR",0.00,,Y,A,-,N,,,,,,,,,,N,4,0,1,2,A,-,03,22350,,N,G,B,B,A,H,-,A,D,0,Y,,,,Y,,A,01,0,0,1,0,1,0,0,0,0,"- ","- ",,,"SAN FRANCISCO","SAN FRANCISCO",-122.44303131103516,37.753990173339844
9545391,2023,2023-03-06,3801,2023-01-23,2245,1871,INGLE,1,5,7,3801,0,0,0,,0,901,"BAYSHORE BL","VISITACION AV",0.00,,Y,A,-,N,,,,,,,,,,N,2,0,1,2,D,-,00,,,N,H,G,A,A,H,-,C,A,0,,Y,,,Y,,-,"- ",1,0,0,0,0,0,1,0,0,"- ","- ",,,"SAN FRANCISCO","SAN FRANCISCO",-122.40432739257812,37.710441589355469
9545392,2023,2023-02-24,3801,2023-01-23,1411,1766,CENTR,1,5,7,3801,0,0,0,,0,3A15C,"GEARY ST","TAYLOR ST",16.00,W,N,A,-,N,,,,,,,,,,N,3,0,1,2,A,-,10,21950,A,N,G,B,B,A,H,-,A,A,0,Y,,,,Y,,A,01,0,1,0,0,1,0,0,0,0,"- ","- ",,,"SAN FRANCISCO","SAN FRANCISCO",-122.41156768798828,37.786941528320312
9545395,2023,2023-02-24,3801,2023-01-21,1825,893,INGLE,6,5,7,3801,0,0,0,,0,3H15D,"MOSCOW ST","ITALY ST",0.00,,Y,A,-,N,,,,,,,,,,N,4,0,1,2,A,-,10,21950,A,F,G,B,B,A,H,-,C,D,0,Y,,,,Y,,A,01,0,0,1,0,1,0,0,0,0,"- ","- ",,,"SAN FRANCISCO","SAN FRANCISCO",-122.43232727050781,37.715049743652344
9545397,2023,2023-02-28,3801,2023-01-19,1458,1400,CENTR,4,5,7,3801,0,0,0,,0,3A40C,"NORTH POINT ST","TAYLOR ST",0.00,,Y,A,-,N,,,,,,,,,,N,4,0,1,2,A,-,11,21955,,N,G,B,D,A,H,-,A,A,0,Y,,,,Y,,N,60,0,0,1,0,1,0,0,0,0,"- ","- ",,,"SAN FRANCISCO","SAN FRANCISCO",-122.41543579101562,37.806362152099609
9545399,2023,2023-02-28,3801,2023-01-20,1609,1696,NORTH,5,5,7,3801,0,0,0,,0,3E15D,"CALIFORNIA ST","LARKIN ST",10.00,W,N,A,-,N,,,,,,,,,,N,4,0,1,2,A,-,17,22517,,N,A,C,A,A,H,-,A,D,0,,,,,Y,,A,01,0,0,1,0,0,0,0,0,0,"- ","- ",,,"SAN FRANCISCO","SAN FRANCISCO",-122.41907501220703,37.790786743164062
9545400,2023,2023-02-24,3801,2023-01-19,2026,481,CENTR,4,5,7,3801,0,0,0,,0,3A11D,"BATTERY ST","CALIFORNIA ST",0.00,,Y,A,-,N,,,,,,,,,,N,3,0,1,1,A,-,03,22350,,N,H,A,A,A,A,-,C,A,0,,,,,Y,,M,94,0,1,0,0,0,0,0,0,0,"- ","- ",,,"SAN FRANCISCO","SAN FRANCISCO",-122.39997863769531,37.793231964111328
9545408,2023,2023-03-02,3801,2023-01-17,1508,1414,MISSI,2,5,7,3801,0,0,0,,0,3D16D,"16TH ST","FLORIDA ST",0.00,,Y,A,-,N,,,,,,,,,,N,4,0,1,2,A,-,09,21802,A,N,D,C,A,A,H,-,A,D,0,,,,,Y,,-,,0,0,1,0,0,0,0,0,0,"- ","- ",,,"SAN FRANCISCO","SAN FRANCISCO",-122.41143798828125,37.765548706054688
9545412,2023,2023-03-02,3801,2023-01-30,1830,2452,CENTR,1,5,7,3801,0,0,0,,0,3A11D,"NORTH POINT ST","TAYLOR ST",0.00,,Y,A,-,N,,,,,,,,,,N,4,0,1,2,A,-,00,21450,A,N,G,B,B,A,H,-,C,A,0,Y,,,,Y,,A,01,0,0,1,0,1,0,0,0,0,"- ","- ",,,"SAN FRANCISCO","SAN FRANCISCO",-122.41543579101562,37.806362152099609