CASE_ID,ACCIDENT_YEAR,PROC_DATE,JURIS,COLLISION_DATE,COLLISION_TIME,OFFICER_ID,REPORTING_DISTRICT,DAY_OF_WEEK,CHP_SHIFT,POPULATION,CNTY_CITY_LOC,SPECIAL_COND,BEAT_TYPE,CHP_BEAT_TYPE,CITY_DIVISION_LAPD,CHP_BEAT_CLASS,BEAT_NUMBER,PRIMARY_RD,SECONDARY_RD,DISTANCE,DIRECTION,INTERSECTION,WEATHER_1,WEATHER_2,STATE_HWY_IND,CALTRANS_COUNTY,CALTRANS_DISTRICT,STATE_ROUTE,ROUTE_SUFFIX,POSTMILE_PREFIX,POSTMILE,LOCATION_TYPE,RAMP_INTERSECTION,SIDE_OF_HWY,TOW_AWAY,COLLISION_SEVERITY,NUMBER_KILLED,NUMBER_INJURED,PARTY_COUNT,PRIMARY_COLL_FACTOR,PCF_CODE_OF_VIOL,PCF_VIOL_CATEGORY,PCF_VIOLATION,PCF_VIOL_SUBSECTION,HIT_AND_RUN,TYPE_OF_COLLISION,MVIW,PED_ACTION,ROAD_SURFACE,ROAD_COND_1,ROAD_COND_2,LIGHTING,CONTROL_DEVICE,CHP_ROAD_TYPE,PEDESTRIAN_ACCIDENT,BICYCLE_ACCIDENT,MOTORCYCLE_ACCIDENT,TRUCK_ACCIDENT,NOT_PRIVATE_PROPERTY,ALCOHOL_INVOLVED,STWD_VEHTYPE_AT_FAULT,CHP_VEHTYPE_AT_FAULT,COUNT_SEVERE_INJ,COUNT_VISIBLE_INJ,COUNT_COMPLAINT_PAIN,COUNT_PED_KILLED,COUNT_PED_INJURED,COUNT_BICYCLIST_KILLED,COUNT_BICYCLIST_INJURED,COUNT_MC_KILLED,COUNT_MC_INJURED,PRIMARY_RAMP,SECONDARY_RAMP,LATITUDE,LONGITUDE,COUNTY,CITY,POINT_X,POINT_Y
9545413,2023,2023-03-02,3801,2023-01-31,1626,364,SOUTH,2,5,7,3801,0,0,0,,0,B13D,"HARRISON ST","7TH ST",0.00,,Y,A,-,N,,,,,,,,,,N,4,0,1,2,A,-,04,21703,,N,C,C,A,A,H,-,B,A,0,,,Y,,Y,,A,01,0,0,1,0,0,0,0,0,1,"- ","- ",,,"SAN FRANCISCO","SAN FRANCISCO",-122.40628051757812,37.775539398193359
9545414,2023,2023-03-02,3801,2023-01-31,"654 ",4267,TARAV,2,5,7,3801,0,0,0,,0,,"20TH AV","WINSTON DR",0.00,,Y,A,-,N,,,,,,,,,,Y,3,0,2,2,A,-,08,22107,,N,D,C,A,A,H,-,C,A,0,,,,,Y,,A,01,0,1,1,0,0,0,0,0,0,"- ","- ",,,"SAN FRANCISCO","SAN FRANCISCO",-122.47597503662109,37.730087280273438
9545415,2023,2023-03-02,3801,2023-01-06,"715 ",2151,PARK,5,5,7,3801,0,0,0,,0,,"FELL ST","BAKER ST",0.00,,Y,B,-,N,,,,,,,,,,N,3,0,1,2,A,-,03,22350,,N,H,A,A,B,H,-,A,D,0,,Y,,,Y,,L,04,0,1,0,0,0,0,1,0,0,"- ","- ",,,"SAN FRANCISCO","SAN FRANCISCO",-122.44093322753906,37.77362060546875
9545416,2023,2023-03-02,3801,2023-01-18,1015,179,NORTH,3,5,7,3801,0,0,0,,0,702,"DIVISADERO ST","GOLDEN GATE AV",15.00,S,N,A,-,N,,,,,,,,,,Y,3,0,1,5,C,-,18,,,N,B,-,A,A,H,-,A,A,0,,,,,Y,,-,"- ",0,1,0,0,0,0,0,0,0,"- ","- ",,,"SAN FRANCISCO","SAN FRANCISCO",-122.43852996826172,37.778690338134766
9545419,2023,2023-03-02,3801,2023-01-30,"920 ",1917,TARAV,1,5,7,3801,0,0,0,,0,3I16A,"OCEAN AV","HAVENSIDE DR",0.00,,Y,A,-,N,,,,,,,,,,N,4,0,2,3,A,-,10,21950,A,N,G,B,B,A,H,-,A,A,0,Y,,,,Y,,A,01,0,0,2,0,2,0,0,0,0,"- ","- ",,,"SAN FRANCISCO","SAN FRANCISCO",-122.48976898193359,37.732067108154297
9545421,2023,2023-02-25,3801,2023-01-05,2218,1833,TENDE,4,5,7,3801,0,0,0,,0,3J13E,"BRYANT ST","5TH ST",0.00,,Y,A,-,N,,,,,,,,,,Y,4,0,1,2,A,-,12,21453,,F,D,C,A,A,H,-,C,A,0,,,,,Y,,A,01,0,0,1,0,0,0,0,0,0,"- ","- ",,,"SAN FRANCISCO","SAN FRANCISCO",-122.40029144287109,37.777797698974609
9545423,2023,2023-02-25,3801,2023-01-24,1740,4212,PARK,2,5,7,3801,0,0,0,,0,3F12D,"OFARRELL ST","MASONIC AV",0.00,,Y,A,-,N,,,,,,,,,,N,4,0,1,2,A,-,12,21453,A,N,D,J,A,A,H,-,C,A,0,,,,,Y,,M,94,0,0,1,0,0,0,0,0,0,"- ","- ",,,"SAN FRANCISCO","SAN FRANCISCO",-122.44754028320312,37.781036376953125
9545424,2023,2023-02-24,3801,2023-01-24,"550 ",1530,BAYVI,2,5,7,3801,0,0,0,,0,3C13A,"LANE ST","MCKINNON AV",0.00,,Y,A,-,N,,,,,,,,,,Y,4,0,1,3,A,-,17,21663,,F,A,C,A,A,H,-,C,A,0,,,,,Y,,A,01,0,0,1,0,0,0,0,0,0,"- ","- ",,,"SAN FRANCISCO","SAN FRANCISCO",-122.38739013671875,37.734813690185547
9545427,2023,2023-02-24,3801,2023-01-11,1554,2118,SOUTH,3,5,7,3801,0,0,0,,0,3B12D,"HOWARD ST","BEALE ST",0.00,,Y,C,-,N,,,,,,,,,,Y,4,0,3,3,A,-,22,23123,A,N,D,C,A,B,H,-,A,A,0,,,,,Y,,A,01,0,0,3,0,0,0,0,0,0,"- ","- ",,,"SAN FRANCISCO","SAN FRANCISCO",-122.39427947998047,37.789920806884766
9545428,2023,2023-02-24,3801,2023-01-17,1837,2162,SOUTH,2,5,7,3801,0,0,0,,0,,"SILVER AV","BAYSHORE BL",0.00,,Y,A,-,N,,,,,,,,,,N,3,0,1,2,A,-,08,22107,,F,B,C,A,A,H,-,C,A,0,,,Y,,Y,,A,01,0,1,0,0,0,0,0,0,1,"- ","- ",,,"SAN FRANCISCO","SAN FRANCISCO",-122.40464782714844,37.732959747314453
9545429,2023,2023-02-24,3801,2023-01-24,1255,242,NORTH,2,5,7,3801,0,0,0,,0,003,"POLK ST","CEDAR ST",0.00,,Y,A,-,N,,,,,,,,,,N,4,0,1,2,A,-,08,22107,,N,B,C,A,A,H,-,A,D,0,,,,,Y,,A,01,0,0,1,0,0,0,0,0,0,"- ","- ",,,"SAN FRANCISCO","SAN FRANCISCO",-122.41983032226562,37.786373138427734
9545432,2023,2023-02-24,3801,2023-01-28,1451,1400,CENTR,6,5,7,3801,0,0,0,,0,3A40C,"JEFFERSON ST","MASON ST",0.00,,Y,A,-,N,,,,,,,,,,,4,0,1,2,A,-,08,22107,,M,B,G,A,A,H,-,A,A,0,,Y,,,Y,Y,A,01,0,0,1,0,0,0,1,0,0,"- ","- ",,,"SAN FRANCISCO","SAN FRANCISCO",-122.41416931152344,37.808395385742188
9545433,2023,2023-02-24,3801,2023-01-26,1746,1260,BAYVI,4,5,7,3801,0,0,0,,0,3C13D,"EVANS AV","JENNINGS ST",0.00,,Y,A,-,N,,,,,,,,,,N,4,0,1,2,A,-,12,22450,A,N,D,C,A,A,H,-,C,A,0,,,,,Y,,A,01,0,0,1,0,0,0,0,0,0,"- ","- ",,,"SAN FRANCISCO","SAN FRANCISCO",-122.37911987304688,37.737693786621094
9545434,2023,2023-02-25,3801,2023-01-29,1636,1591,INGLE,7,5,7,3801,0,0,0,,0,3H13D,"ALEMANY BL","JUSTIN DR",0.00,,Y,A,-,N,,,,,,,,,,N,3,0,2,1,A,-,03,22350,,N,F,A,A,A,H,-,A,D,0,,,Y,,Y,,C,02,0,1,1,0,0,0,0,0,2,"- ","- ",,,"SAN FRANCISCO","SAN FRANCISCO",-122.42595672607422,37.731796264648438
9545435,2023,2023-03-02,3801,2023-01-01,1314,1620,RICHM,7,5,7,3801,0,0,0,,0,3G13C,"PARK PRESDIO BL","BALBOA ST",0.00,,Y,A,-,N,,,,,,,,,,N,4,0,1,2,A,-,10,21950,A,N,G,B,B,A,H,-,A,A,0,Y,,,,Y,,A,01,0,0,1,0,1,0,0,0,0,"- ","- ",,,"SAN FRANCISCO","SAN FRANCISCO",-122.47206115722656,37.776851654052734
9545436,2023,2023-02-24,3801,2023-01-29,1020,1503,BAYVI,7,5,7,3801,0,0,0,,0,3C15A,"FITZGERALD AV","3RD ST",282.00,E,N,A,-,N,,,,,,,,,,Y,4,0,1,2,A,-,06,21750,A,F,D,C,A,A,H,-,A,D,0,,,,,Y,,-,,0,0,1,0,0,0,0,0,0,"- ","- ",,,"SAN FRANCISCO","SAN FRANCISCO",-122.39456939697266,37.722785949707031
9545439,2023,2023-02-24,3801,2023-01-30,1436,4023,MISSI,1,5,7,3801,0,0,0,,0,006,"16TH ST","BRYANT ST",0.00,,Y,A,-,N,,,,,,,,,,N,3,0,1,2,A,-,10,21950,A,N,G,B,B,A,H,-,A,A,0,Y,,,,Y,,A,01,0,1,0,0,1,0,0,0,0,"- ","- ",,,"SAN FRANCISCO","SAN FRANCISCO",-122.4105224609375,37.765594482421875
9545440,2023,2023-02-24,3801,2023-01-29,1926,582,CENTR,7,5,7,3801,0,0,0,,0,004,"JACKSON ST","FRONT ST",0.00,,Y,A,-,N,,,,,,,,,,Y,4,0,1,2,A,-,01,23153,F,F,G,B,F,A,H,-,C,A,0,Y,,,,Y,,A,01,0,0,1,0,1,0,0,0,0,"- ","- ",,,"SAN FRANCISCO","SAN FRANCISCO",-122.39947509765625,37.796939849853516
9545451,2023,2023-03-01,3801,2023-01-08,1800,837,CENTR,7,5,7,3801,0,0,0,,0,3A14D,"GEARY ST","LARKIN ST",0.00,,Y,A,-,N,,,,,,,,,,N,4,0,1,2,A,-,10,21950,A,F,G,B,B,A,H,-,C,A,0,Y,,,,Y,,A,01,0,0,1,0,1,0,0,0,0,"- ","- ",,,"SAN FRANCISCO","SAN FRANCISCO",-122.41810607910156,37.786113739013672
9545460,2023,2023-03-01,3801,2023-01-10,1130,1961,TENDE,2,5,7,3801,0,0,0,,0,3J13D,"ELLIS ST","TAYLOR ST",0.00,,Y,C,-,N,,,,,,,,,,N,4,0,1,2,A,-,10,21950,A,F,G,B,A,B,H,-,A,A,0,,,,,Y,,A,01,0,0,1,0,0,0,0,0,0,"- ","- ",,,"SAN FRANCISCO","SAN FRANCISCO",-122.41112518310547,37.78509521484375
9545472,2023,2023-02-24,3801,2023-01-02,1810,2469,SOUTH,1,5,7,3801,0,0,0,,0,,"TERRY A FRANCOIS BL","WARRIORS WY",0.00,,Y,C,-,N,,,,,,,,,,Y,4,0,1,2,A,-,08,22107,,F,G,B,E,B,-,-,C,A,0,Y,,,,Y,,A,01,0,0,1,0,1,0,0,0,0,"- ","- ",,,"SAN FRANCISCO","SAN FRANCISCO",-122.38632202148438,37.768985748291016
9545473,2023,2023-02-24,3801,2023-01-03,1519,812,BAYVI,2,5,7,3801,0,0,0,,0,,"23RD ST","TENNESSEE ST",0.00,,Y,A,-,N,,,,,,,,,,Y,4,0,1,2,A,-,05,21660,,N,B,C,A,A,H,-,-,D,0,,,,,Y,,A,01,0,0,1,0,0,0,0,0,0,"- ","- ",,,"SAN FRANCISCO","SAN FRANCISCO",-122.38899993896484,37.755332946777344
9545475,2023,2023-02-24,3801,2023-01-08,2242,460,INGLE,7,5,7,3801,0,0,0,,0,3H15E,"GENEVA AV","MADRID ST",0.00,,Y,C,-,N,,,,,,,,,,Y,4,0,1,1,A,-,03,22350,,N,A,I,A,B,H,-,C,D,0,,,,,Y,,A,01,0,0,1,0,0,0,0,0,0,"- ","- ",,,"SAN FRANCISCO","SAN FRANCISCO",-122.43781280517578,37.714950561523438
9545476,2023,2023-02-24,3801,2023-01-01,"136 ",1017,NORTH,7,5,7,3801,0,0,0,,0,3E14E,"WEBSTER ST","POST ST",0.00,,Y,A,-,N,,,,,,,,,,N,4,0,1,2,A,-,10,21950,A,N,G,B,B,B,H,-,C,A,0,Y,,,,Y,,A,01,0,0,1,0,1,0,0,0,0,"- ","- ",,,"SAN FRANCISCO","SAN FRANCISCO",-122.43145751953125,37.785358428955078
9545479,2023,2023-02-24,3801,2023-01-10,"750 ",2476,SOUTH,2,5,7,3801,0,0,0,,0,3B13A,"7TH ST","HARRISON ST",0.00,,Y,C,-,N,,,,,,,,,,N,3,0,1,2,A,-,03,22350,,N,D,J,A,D,-,-,A,D,0,,,,,Y,,M,94,0,1,0,0,0,0,0,0,0,"- ","- ",,,"SAN FRANCISCO","SAN FRANCISCO",-122.40628051757812,37.775539398193359
9545480,2023,2023-02-24,3801,2023-01-09,1844,890,BAYVI,1,5,7,3801,0,0,0,,0,BAYVIE,"JENNINGS ST","CARROLL AV",48.00,N,N,A,-,N,,,,,,,,,,Y,3,0,1,2,A,-,03,22350,,F,C,-,A,A,H,-,C,A,0,,,,,Y,,A,01,0,1,0,0,0,0,0,0,0,"- ","- ",,,"SAN FRANCISCO","SAN FRANCISCO",-122.39141082763672,37.724006652832031
9545495,2023,2023-03-03,3801,2023-01-05,"728 ",4356,INGLE,4,5,7,3801,0,0,0,,0,3H15A,"GENEVA AV","RT 280 N",0.00,,Y,B,-,Y,SF,4,280,-,R,1.556,R,4,N,Y,4,0,2,2,D,-,00,,,N,D,C,A,B,H,-,A,A,0,,,,,Y,,-,"- ",0,0,2,0,0,0,0,0,0,"- ","- ",,,"SAN FRANCISCO","SAN FRANCISCO",-122.44822692871094,37.719936370849609
9545503,2023,2023-02-16,3801,2023-01-09,"434 ",727,BAYVI,1,5,7,3801,0,0,0,,0,3C15E,"NEWHALL ST","LA SALLE AV",0.00,,Y,C,-,N,,,,,,,,,,N,4,0,1,2,A,-,08,22107,,N,G,B,B,B,G,-,C,D,0,Y,,,,Y,,A,01,0,0,1,0,1,0,0,0,0,"- ","- ",,,"SAN FRANCISCO","SAN FRANCISCO",-122.39053344726562,37.737529754638672
9545521,2023,2023-02-25,3801,2023-01-02,2200,1372,INGLE,1,5,7,3801,0,0,0,,0,3H13E,"JUDSON AV","CIRCULAR AV",40.00,W,N,C,-,N,,,,,,,,,,Y,3,0,1,1,A,-,08,22107,,N,E,I,A,B,H,-,C,D,0,,,,,Y,,A,01,0,1,0,0,0,0,0,0,0,"- ","- ",,,"SAN FRANCISCO","SAN FRANCISCO",-122.44439697265625,37.728279113769531
9545526,2023,2023-02-25,3801,2023-01-04,1214,885,BAYVI,3,5,7,3801,0,0,0,,0,05C,"EXECUTIVE PARK BL","THOMAS MELLON DR",0.00,,Y,C,-,N,,,,,,,,,,Y,4,0,1,2,A,-,03,22350,,F,D,C,A,B,H,-,A,D,0,,,,,Y,,A,01,0,0,1,0,0,0,0,0,0,"- ","- ",,,"SAN FRANCISCO","SAN FRANCISCO",-122.39257049560547,37.711315155029297
9545529,2023,2023-02-25,3801,2023-01-06,2132,623,BAYVI,5,5,7,3801,0,0,0,,0,3C15E,"QUESADA AV","LANE ST",0.00,,Y,-,-,N,,,,,,,,,,N,4,0,1,2,A,-,12,22450,A,F,G,B,D,A,H,-,C,A,0,Y,,,,Y,,A,01,0,0,1,0,1,0,0,0,0,"- ","- ",,,"SAN FRANCISCO","SAN FRANCISCO",-122.38960266113281,37.732292175292969
9545531,2023,2023-02-25,3801,2023-01-06,1754,1878,SOUTH,5,5,7,3801,0,0,0,,0,0B4,"9TH ST","FOLSOM ST",0.00,,Y,A,-,N,,,,,,,,,,N,2,0,1,2,A,-,04,21703,,F,C,C,A,-,H,-,C,A,0,,,Y,,Y,,A,01,1,0,0,0,0,0,0,0,1,"- ","- ",,,"SAN FRANCISCO","SAN FRANCISCO",-122.41161346435547,37.773773193359375
9545534,2023,2023-02-25,3801,2023-01-07,1831,310,SOUTH,6,5,7,3801,0,0,0,,0,3B4D,"MARKET ST","OCTAVIA ST",0.00,,Y,B,C,N,,,,,,,,,,N,3,0,2,2,D,-,00,,,N,D,J,A,B,H,-,C,A,0,,,,,Y,,-,"- ",0,2,0,0,0,0,0,0,0,"- ","- ",,,"SAN FRANCISCO","SAN FRANCISCO",-122.42359161376953,37.771774291992188
9545536,2023,2023-02-25,3801,2023-01-04,1919,04,TRAFF,3,5,7,3801,0,0,0,,0,4B4A,"16TH ST","BRYANT ST",145.00,E,N,C,-,N,,,,,,,,,,N,3,0,1,2,A,-,11,21954,A,N,G,B,D,B,H,-,C,D,0,Y,,,,Y,Y,N,60,0,1,0,0,1,0,0,0,0,"- ","- ",,,"SAN FRANCISCO","SAN FRANCISCO",-122.41001892089844,37.765609741210938
9545541,2023,2023-02-24,3801,2023-01-16,"614 ",310,SOUTH,1,5,7,3801,0,0,0,,0,3B4A,"MARKET ST","OCTAVIA ST",0.00,,Y,B,-,N,,,,,,,,,,Y,3,0,2,2,D,-,00,,,N,D,C,A,B,H,-,C,A,0,,,,,Y,,-,"- ",0,1,1,0,0,0,0,0,0,"- ","- ",,,"SAN FRANCISCO","SAN FRANCISCO",-122.42359161376953,37.771774291992188
9545544,2023,2023-02-24,3801,2023-01-15,1407,1845,TARAV,7,5,7,3801,0,0,0,,0,3I11D,"20TH AV","ORTEGA ST",0.00,,Y,C,-,N,,,,,,,,,,N,4,0,1,2,A,-,12,22450,A,N,D,G,A,B,H,-,A,D,0,,Y,,,Y,,A,01,0,0,1,0,0,0,1,0,0,"- ","- ",,,"SAN FRANCISCO","SAN FRANCISCO",-122.4774169921875,37.752300262451172
9545547,2023,2023-02-24,3801,2023-01-15,1943,1207,SOUTH,7,5,7,3801,0,0,0,,0,0B1,"HARRISON ST","ESSEX ST",0.00,,Y,C,-,N,,,,,,,,,,Y,4,0,3,2,A,-,"- ",,,N,D,C,A,B,H,-,D,A,0,,,,,Y,,A,01,0,0,3,0,0,0,0,0,0,"- ","- ",,,"SAN FRANCISCO","SAN FRANCISCO",-122.39405822753906,37.785213470458984
9545551,2023,2023-02-24,3801,2023-01-15,"430 ",524,INGLE,7,5,7,3801,0,0,0,,0,3H15E,"GENEVA AV","MISSION ST",0.00,,Y,A,-,N,,,,,,,,,,Y,4,0,1,2,A,-,12,21453,A,F,D,C,A,A,H,-,C,A,0,,,,,Y,,A,01,0,0,1,0,0,0,0,0,0,"- ","- ",,,"SAN FRANCISCO","SAN FRANCISCO",-122.44100189208984,37.716388702392578
9545554,2023,2023-03-07,3801,2023-01-18,1601,2725,RICHM,3,5,7,3801,0,0,0,,0,,"JOHN F KENNEDY DR","36TH AVE",0.00,,N,B,-,N,,,,,,,,,,Y,3,0,1,4,A,-,03,22350,,N,D,E,F,B,H,-,A,D,0,Y,,,,Y,,A,01,0,1,0,0,1,0,0,0,0,"- ","- ",,,"SAN FRANCISCO","SAN FRANCISCO",-122.49529266357422,37.769931793212891
9545557,2023,2023-02-24,3801,2023-01-20,"325 ",2113,BAYVI,5,5,7,3801,0,0,0,,0,3C12E,"PALOU AV","SELBY ST",0.00,,Y,A,-,N,,,,,,,,,,N,4,0,1,2,A,-,08,22107,,F,G,B,F,A,H,-,C,D,0,Y,,,,Y,,A,07,0,0,1,0,1,0,0,0,0,"- ","- ",,,"SAN FRANCISCO","SAN FRANCISCO",-122.40026092529297,37.739284515380859
9545561,2023,2023-03-04,3801,2023-01-07,1153,1496,INGLE,6,5,7,3801,0,0,0,,0,0H5,"GENEVA AV","GENEVA AV 968",0.00,,N,B,-,N,,,,,,,,,,Y,4,0,1,2,A,-,04,21703,,F,C,C,A,B,H,-,A,D,0,,,,,Y,,-,"- ",0,0,1,0,0,0,0,0,0,"- ","- ",,,"SAN FRANCISCO","SAN FRANCISCO",,
9545566,2023,2023-03-04,3801,2023-01-06,"910 ",1530,BAYVI,5,5,7,3801,0,0,0,,0,3C13A,"3RD ST","HUDSON AV",80.00,S,N,B,-,N,,,,,,,,,,N,4,0,1,2,A,-,08,22107,,F,B,C,A,B,H,-,A,A,0,,,,,Y,,A,07,0,0,1,0,0,0,0,0,0,"- ","- ",,,"SAN FRANCISCO","SAN FRANCISCO",-122.38890075683594,37.740165710449219
9545569,2023,2023-03-04,3801,2023-01-06,"743 ",2453,MISSI,5,5,7,3801,0,0,0,,0,3D13A,"FOLSOM ST","19TH ST",132.00,N,N,A,-,N,,,,,,,,,,N,4,0,1,2,A,-,08,22102,,N,B,J,A,B,H,-,A,D,0,,,,,Y,,A,01,0,0,1,0,0,0,0,0,0,"- ","- ",,,"SAN FRANCISCO","SAN FRANCISCO",-122.41485595703125,37.760852813720703
9545570,2023,2023-03-04,3801,2023-01-06,1943,2745,TENDE,5,5,7,3801,0,0,0,,0,3J91D,"EDDY ST","LARKIN ST",60.00,E,N,A,-,N,,,,,,,,,,N,4,0,1,2,A,-,11,21954,A,N,G,B,D,A,H,-,C,D,0,Y,,,,Y,,N,60,0,0,1,0,1,0,0,0,0,"- ","- ",,,"SAN FRANCISCO","SAN FRANCISCO",-122.41731262207031,37.783329010009766
9545573,2023,2023-03-04,3801,2023-01-04,1030,1605,NORTH,3,5,7,3801,0,0,0,,0,3E12A,"WEBSTER ST","MCALLISTER ST",0.00,,Y,C,-,N,,,,,,,,,,N,4,0,1,2,A,-,03,22350,,N,H,-,A,B,H,-,A,A,0,,Y,,,Y,,L,04,0,0,1,0,0,0,1,0,0,"- ","- ",,,"SAN FRANCISCO","SAN FRANCISCO",-122.43010711669922,37.778839111328125
9545575,2023,2023-03-04,3801,2023-01-09,"446 ",4103,MISSI,1,5,7,3801,0,0,0,,0,,"POTRERO AV","19TH ST",0.00,,N,C,-,N,,,,,,,,,,Y,4,0,1,2,A,-,09,21801,A,N,C,C,A,B,-,-,C,D,0,,,,,Y,,A,01,0,0,1,0,0,0,0,0,0,"- ","- ",,,"SAN FRANCISCO","SAN FRANCISCO",-122.40708923339844,37.760669708251953
9545578,2023,2023-03-04,3801,2023-01-08,1718,2091,NORTH,7,5,7,3801,0,0,0,,0,3E15D,"BAKER ST","UNION ST",0.00,,N,A,-,N,,,,,,,,,,Y,4,0,1,2,D,-,00,,,N,D,E,A,A,H,-,C,D,0,,,,,Y,,-,"- ",0,0,1,0,0,0,0,0,0,"- ","- ",,,"SAN FRANCISCO","SAN FRANCISCO",-122.44541168212891,37.795833587646484
9545582,2023,2023-02-22,3801,2023-01-08,1456,1355,TARAV,7,5,7,3801,0,0,0,,0,3113B,"GREAT HWY","LINCOLN WY",16.00,S,N,A,-,N,,,,,,,,,,N,3,0,2,2,-,-,"- ",,,N,A,G,A,A,H,-,A,-,0,,Y,,,Y,,-,"- ",0,1,1,0,0,0,2,0,0,"- ","- ",,,"SAN FRANCISCO","SAN FRANCISCO",-122.51044464111328,37.763996124267578
9545584,2023,2023-02-21,3801,2023-01-08,1813,2733,TARAV,7,5,7,3801,0,0,0,,0,0II,"19TH AV","NORIEGA ST",0.00,,Y,A,-,N,,,,,,,,,,N,4,0,1,2,A,-,04,21703,,N,C,C,A,A,H,-,C,A,0,,,,,Y,,A,01,0,0,1,0,0,0,0,0,0,"- ","- ",,,"SAN FRANCISCO","SAN FRANCISCO",-122.4764404296875,37.754215240478516
9545585,2023,2023-02-21,3801,2023-01-12,1933,460,INGLE,4,5,7,3801,0,0,0,,0,3H15D,"MISSION ST","ITALY AV",0.00,,Y,A,-,N,,,,,,,,,,Y,3,0,1,2,A,-,03,22350,,N,C,C,A,A,H,-,C,D,0,,,Y,,Y,,C,02,0,1,0,0,0,0,0,0,1,"- ","- ",,,"SAN FRANCISCO","SAN FRANCISCO",-122.43952941894531,37.718467712402344
9545587,2023,2023-02-17,3801,2023-01-15,2300,2463,SOUTH,7,5,7,3801,0,0,0,,0,3B15E,"16TH ST","WISCONSIN ST",0.00,,Y,C,-,N,,,,,,,,,,Y,4,0,1,1,-,-,"- ",,,N,A,I,A,B,H,-,C,A,0,,,,,Y,,-,"- ",0,0,1,0,0,0,0,0,0,"- ","- ",,,"SAN FRANCISCO","SAN FRANCISCO",-122.39974975585938,37.766269683837891
9545590,2023,2023-02-21,3801,2023-01-15,"501 ",1463,SOUTH,7,5,7,3801,0,0,0,,0,0B2,"BRYANT ST","5TH ST",0.00,,Y,B,-,N,,,,,,,,,,Y,4,0,4,2,-,-,"- ",,,N,D,C,A,B,H,-,C,A,0,,,,,Y,,-,"- ",0,0,4,0,0,0,0,0,0,"- ","- ",,,"SAN FRANCISCO","SAN FRANCISCO",-122.40029144287109,37.777797698974609
9545592,2023,2023-02-17,3801,2023-01-12,1400,82,MISSI,4,5,7,3801,0,0,0,,0,3D45C,"SOUTH VAN NESS AV","17TH ST",42.00,S,N,A,-,N,,,,,,,,,,Y,4,0,1,2,A,-,03,22350,,F,C,C,A,A,H,-,A,A,0,,,,,Y,,A,01,0,0,1,0,0,0,0,0,0,"- ","- ",,,"SAN FRANCISCO","SAN FRANCISCO",-122.41732788085938,37.763442993164062
9545593,2023,2023-02-22,3801,2023-01-28,1045,4026,BAYVI,6,5,7,3801,0,0,0,,0,3C11A,"TENNESSEE ST","MARIPOSA ST",40.00,S,N,A,-,N,,,,,,,,,,N,4,0,1,2,A,-,05,21650,,F,B,G,A,A,H,-,A,D,0,,Y,,,Y,Y,A,01,0,0,1,0,0,0,1,0,0,"- ","- ",,,"SAN FRANCISCO","SAN FRANCISCO",-122.38985443115234,37.76416015625
9545594,2023,2023-02-17,3801,2023-01-21,"230 ",2307,NORTH,6,5,7,3801,0,0,0,,0,3E12E,"STEINER ST","WILMOT ST",0.00,,Y,A,-,N,,,,,,,,,,Y,2,0,2,3,A,-,01,23153,A,N,C,E,A,A,H,-,C,A,0,,,,,Y,Y,A,01,1,1,0,0,0,0,0,0,0,"- ","- ",,,"SAN FRANCISCO","SAN FRANCISCO",-122.43519592285156,37.787284851074219
9545595,2023,2023-02-17,3801,2023-01-28,1653,2705,BAYVI,6,5,7,3801,0,0,0,,0,3C11D,"CORAL RD","CAROLINA ST",0.00,,Y,A,-,N,,,,,,,,,,Y,4,0,1,2,A,-,03,22350,,F,D,C,A,-,H,-,A,D,0,,,,,Y,,A,07,0,0,1,0,0,0,0,0,0,"- ","- ",,,"SAN FRANCISCO","SAN FRANCISCO",-122.39952850341797,37.753894805908203
9545597,2023,2023-02-21,3801,2023-01-28,1230,1503,BAYVI,6,5,7,3801,0,0,0,,0,3C13A,"SAN JOSE AV","ALEMANY BL",59.00,S,N,A,-,N,,,,,,,,,,N,4,0,1,2,A,-,08,22107,,N,B,C,A,A,H,-,A,D,0,,,,,Y,,A,01,0,0,1,0,0,0,0,0,0,"- ","- ",,,"SAN FRANCISCO","SAN FRANCISCO",-122.45722961425781,37.709945678710938
9545600,2023,2023-02-17,3801,2023-01-23,1816,1527,NORTH,1,5,7,3801,0,0,0,,0,0E3,"POLK ST","MCALLISTER ST",0.00,,Y,A,-,N,,,,,,,,,,N,4,0,1,2,A,-,08,22107,,N,G,B,B,A,H,-,C,A,0,Y,,,,Y,,A,01,0,0,1,0,1,0,0,0,0,"- ","- ",,,"SAN FRANCISCO","SAN FRANCISCO",-122.41860198974609,37.7802734375
9548721,2023,2023-03-09,3801,2023-01-24,"818 ",1653,INGLE,2,5,7,3801,0,0,0,,0,3H3A,"SAN JOSE AV","SAINT MARYS AV",0.00,,Y,A,-,N,,,,,,,,,,N,4,0,1,2,A,-,08,22107,,N,D,G,A,A,H,-,A,-,0,,Y,,,Y,,A,07,0,0,1,0,0,0,1,0,0,"- ","- ",,,"SAN FRANCISCO","SAN FRANCISCO",-122.42839813232422,37.734992980957031
9548722,2023,2023-03-09,3801,2023-01-07,1216,2202,INGLE,6,5,7,3801,0,0,0,,0,3H13A,"ALEMANY BL","ALEMANY BL 699",28.00,S,N,C,-,N,,,,,,,,,,Y,3,0,1,1,A,-,03,22350,,N,F,A,A,B,A,-,A,D,0,,,Y,,Y,Y,C,03,0,1,0,0,0,0,0,0,1,"- ","- ",,,"SAN FRANCISCO","SAN FRANCISCO",-122.45378875732422,37.710811614990234
9553662,2023,2023-03-15,3801,2023-01-03,1200,2379,CENTR,2,5,7,3801,0,0,0,,0,3A11C,"CALIFORNIA ST","HYDE ST",0.00,,Y,B,-,N,,,,,,,,,,N,3,0,1,2,A,-,06,21756,A,F,G,B,E,A,H,-,A,D,0,Y,,,,Y,,A,01,0,1,0,0,1,0,0,0,0,"- ","- ",,,"SAN FRANCISCO","SAN FRANCISCO",-122.41740417480469,37.790992736816406