CASE_ID,ACCIDENT_YEAR,PROC_DATE,JURIS,COLLISION_DATE,COLLISION_TIME,OFFICER_ID,REPORTING_DISTRICT,DAY_OF_WEEK,CHP_SHIFT,POPULATION,CNTY_CITY_LOC,SPECIAL_COND,BEAT_TYPE,CHP_BEAT_TYPE,CITY_DIVISION_LAPD,CHP_BEAT_CLASS,BEAT_NUMBER,PRIMARY_RD,SECONDARY_RD,DISTANCE,DIRECTION,INTERSECTION,WEATHER_1,WEATHER_2,STATE_HWY_IND,CALTRANS_COUNTY,CALTRANS_DISTRICT,STATE_ROUTE,ROUTE_SUFFIX,POSTMILE_PREFIX,POSTMILE,LOCATION_TYPE,RAMP_INTERSECTION,SIDE_OF_HWY,TOW_AWAY,COLLISION_SEVERITY,NUMBER_KILLED,NUMBER_INJURED,PARTY_COUNT,PRIMARY_COLL_FACTOR,PCF_CODE_OF_VIOL,PCF_VIOL_CATEGORY,PCF_VIOLATION,PCF_VIOL_SUBSECTION,HIT_AND_RUN,TYPE_OF_COLLISION,MVIW,PED_ACTION,ROAD_SURFACE,ROAD_COND_1,ROAD_COND_2,LIGHTING,CONTROL_DEVICE,CHP_ROAD_TYPE,PEDESTRIAN_ACCIDENT,BICYCLE_ACCIDENT,MOTORCYCLE_ACCIDENT,TRUCK_ACCIDENT,NOT_PRIVATE_PROPERTY,ALCOHOL_INVOLVED,STWD_VEHTYPE_AT_FAULT,CHP_VEHTYPE_AT_FAULT,COUNT_SEVERE_INJ,COUNT_VISIBLE_INJ,COUNT_COMPLAINT_PAIN,COUNT_PED_KILLED,COUNT_PED_INJURED,COUNT_BICYCLIST_KILLED,COUNT_BICYCLIST_INJURED,COUNT_MC_KILLED,COUNT_MC_INJURED,PRIMARY_RAMP,SECONDARY_RAMP,LATITUDE,LONGITUDE,COUNTY,CITY,POINT_X,POINT_Y
9553664,2023,2023-03-16,3801,2023-01-09,1321,50,TENDE,1,5,7,3801,0,0,0,,0,003,"EDDY ST","POLK ST",64.00,E,N,B,-,N,,,,,,,,,,Y,3,0,3,3,A,-,07,21658,A,N,A,C,A,A,H,-,A,D,0,,,,,Y,Y,A,01,0,1,2,0,0,0,0,0,0,"- ","- ",,,"SAN FRANCISCO","SAN FRANCISCO",-122.41896057128906,37.783107757568359
9553667,2023,2023-03-20,3801,2023-01-15,2055,1352,MISSI,7,5,7,3801,0,0,0,,0,3D44C,"SOUTH VAN NESS AV","19TH ST",0.00,,Y,C,-,N,,,,,,,,,,N,4,0,2,2,A,-,04,21703,,F,C,C,A,B,H,-,C,A,0,,,,,Y,,A,01,0,0,2,0,0,0,0,0,0,"- ","- ",,,"SAN FRANCISCO","SAN FRANCISCO",-122.41706085205078,37.760364532470703
9553668,2023,2023-03-15,3801,2023-01-23,"26  ",2741,TENDE,1,5,7,3801,0,0,0,,0,901,"GOLDEN GATE AV","LARKIN ST",16.00,E,N,A,-,N,,,,,,,,,,N,3,0,1,2,A,-,00,21594,A,N,G,B,D,A,H,-,C,D,0,Y,,,,Y,,N,60,0,1,0,0,1,0,0,0,0,"- ","- ",,,"SAN FRANCISCO","SAN FRANCISCO",-122.41709899902344,37.781448364257812
9553671,2023,2023-03-16,3801,2023-01-09,"752 ",4307,NORTH,1,5,7,3801,0,0,0,,0,3E70,"POLK ST",GEARY,0.00,,Y,B,C,N,,,,,,,,,,N,4,0,1,2,A,-,10,21950,A,N,G,B,B,B,H,-,A,A,0,Y,,,,Y,,A,01,0,0,1,0,1,0,0,0,0,"- ","- ",,,"SAN FRANCISCO","SAN FRANCISCO",-122.41973876953125,37.785896301269531
9553673,2023,2023-03-16,3801,2023-01-20,1453,1400,CENTR,5,5,7,3801,0,0,0,,0,,"NORTH POINT ST","LARKIN ST",0.00,,-,A,-,N,,,,,,,,,,,3,0,1,2,A,-,17,22517,,N,B,G,A,A,H,-,A,D,0,,Y,,,Y,Y,A,01,0,1,0,0,0,0,1,0,0,"- ","- ",,,"SAN FRANCISCO","SAN FRANCISCO",-122.4219970703125,37.805507659912109
9553678,2023,2023-03-16,3801,2023-01-31,"822 ",1830,CENTR,2,5,7,3801,0,0,0,,0,3A11A,"CLAY ST","LEAVENWORTH ST",0.00,,Y,A,-,N,,,,,,,,,,N,3,0,1,2,A,-,10,21950,A,N,G,B,B,A,H,-,A,A,0,Y,,,,Y,,A,01,0,1,0,0,1,0,0,0,0,"- ","- ",,,"SAN FRANCISCO","SAN FRANCISCO",-122.41610717773438,37.793006896972656
9553755,2023,2023-03-30,3801,2023-02-15,1904,2704,SOUTH,3,5,7,3801,0,0,0,,0,0B3,"8TH ST","HOWARD ST",36.00,S,N,A,-,N,,,,,,,,,,N,3,0,1,2,D,-,00,,,N,D,B,D,A,H,-,C,A,0,Y,,,,Y,,-,"- ",0,1,0,0,1,0,0,0,0,"- ","- ",,,"SAN FRANCISCO","SAN FRANCISCO",-122.4114990234375,37.776161193847656
9553757,2023,2023-03-30,3801,2023-02-15,1045,1573,BAYVI,3,5,7,3801,0,0,0,,0,3C15A,"3RD ST","JAMESTOWN AV",0.00,,Y,A,-,N,,,,,,,,,,N,3,0,1,2,A,-,12,21453,A,N,D,G,A,A,H,-,A,A,0,,Y,,,Y,,L,04,0,1,0,0,0,0,1,0,0,"- ","- ",,,"SAN FRANCISCO","SAN FRANCISCO",-122.39671325683594,37.720260620117188
9553761,2023,2023-04-05,3801,2023-02-04,"145 ",2142,NORTH,6,5,7,3801,0,0,0,,0,3E12E,"DIVISADERO ST","FULTON ST",67.00,S,N,A,-,N,,,,,,,,,,N,2,0,1,2,A,-,09,21804,A,F,B,G,A,A,H,-,C,A,0,,Y,,,Y,,A,01,1,0,0,0,0,0,1,0,0,"- ","- ",,,"SAN FRANCISCO","SAN FRANCISCO",-122.43812561035156,37.776679992675781
9553765,2023,2023-04-07,3801,2023-02-01,1757,1371,NORTH,3,5,7,3801,0,0,0,,0,002,"STEINER ST","ELLIS ST",35.00,S,N,A,-,N,,,,,,,,,,N,4,0,1,3,A,-,03,22350,,N,C,C,A,A,H,-,C,A,0,,,,,Y,,A,07,0,0,1,0,0,0,0,0,0,"- ","- ",,,"SAN FRANCISCO","SAN FRANCISCO",-122.43414306640625,37.782054901123047
9553777,2023,2023-04-07,3801,2023-02-01,"946 ",1183,MISSI,3,5,7,3801,0,0,0,,0,3D11A,"15TH ST","FOLSOM ST",25.00,E,N,A,-,N,,,,,,,,,,N,4,0,1,2,A,-,04,21703,,N,C,C,A,A,H,-,A,A,0,,,,,Y,,D,22,0,0,1,0,0,0,0,0,0,"- ","- ",,,"SAN FRANCISCO","SAN FRANCISCO",-122.41537475585938,37.766933441162109
9553793,2023,2023-04-07,3801,2023-02-09,1510,1306,CENTR,4,5,7,3801,0,0,0,,0,3A44C,"GAANT AV","PINE ST",0.00,,Y,A,-,N,,,,,,,,,,Y,3,0,2,3,A,-,12,21453,A,N,D,B,F,A,H,-,A,A,0,Y,,,,Y,,A,07,0,1,1,0,1,0,0,0,0,"- ","- ",,,"SAN FRANCISCO","SAN FRANCISCO",-122.40571594238281,37.791511535644531
9553797,2023,2023-04-21,3801,2023-01-04,1842,4375,TRAFF,3,5,7,3801,0,0,0,,0,4B1F,"MORSE ST","LOWELL ST",30.00,W,N,C,-,N,,,,,,,,,,N,2,0,1,2,A,-,11,21954,A,N,G,B,E,B,H,-,C,D,0,Y,,,,Y,,N,60,1,0,0,0,1,0,0,0,0,"- ","- ",,,"SAN FRANCISCO","SAN FRANCISCO",-122.44628143310547,37.710987091064453
9553801,2023,2023-03-15,3801,2023-01-24,1813,2433,SOUTH,2,5,7,3801,0,0,0,,0,3B4D,"2ND ST","HARRISON ST",215.00,N,N,A,-,N,,,,,,,,,,N,4,0,1,2,A,-,10,21950,A,N,G,J,A,A,H,-,C,D,0,,,,,Y,,D,22,0,0,1,0,0,0,0,0,0,"- ","- ",,,"SAN FRANCISCO","SAN FRANCISCO",-122.39571380615234,37.784744262695312
9553817,2023,2023-04-05,3801,2023-02-08,1645,2244,BAYVI,3,5,7,3801,0,0,0,,0,3C11D,"CESAR CHAVEZ ST","CONNECTICUT ST",0.00,,Y,A,-,N,,,,,,,,,,Y,3,0,1,2,A,-,03,22350,,N,A,C,A,A,H,-,A,A,0,,,Y,,Y,,C,03,0,1,0,0,0,0,0,0,1,"- ","- ",,,"SAN FRANCISCO","SAN FRANCISCO",-122.39627075195312,37.749752044677734
9553874,2023,2023-03-15,3801,2023-01-31,1951,1371,NORTH,2,5,7,3801,0,0,0,,0,005,"LOMBARD ST","BUCHANAN ST",3.00,E,N,A,-,N,,,,,,,,,,N,4,0,1,2,A,-,10,21950,A,F,B,B,B,A,H,-,C,A,0,Y,,,,Y,,A,01,0,0,1,0,1,0,0,0,0,"- ","- ",,,"SAN FRANCISCO","SAN FRANCISCO",-122.43274688720703,37.800262451171875
9553887,2023,2023-03-20,3801,2023-01-29,1019,2059,CENTR,7,5,7,3801,0,0,0,,0,3A5A,"JONES ST","BAY ST",0.00,,Y,A,-,N,,,,,,,,,,N,3,0,1,2,A,-,12,21453,A,N,D,-,A,A,H,-,A,A,0,,,Y,,Y,,C,03,0,1,0,0,0,0,0,0,1,"- ","- ",,,"SAN FRANCISCO","SAN FRANCISCO",-122.41690063476562,37.805221557617188
9553888,2023,2023-03-15,3801,2023-01-26,1229,750,TENDE,4,5,7,3801,0,0,0,,0,3J11A,"9TH ST","MARKET ST",0.00,,Y,A,-,N,,,,,,,,,,N,4,0,1,2,A,-,"- ",,,N,D,G,A,A,H,-,A,A,0,,Y,,,Y,,L,04,0,0,1,0,0,0,1,0,0,"- ","- ",,,"SAN FRANCISCO","SAN FRANCISCO",-122.41632843017578,37.777500152587891
9553891,2023,2023-03-15,3801,2023-01-04,"950 ",1021,TENDE,3,5,7,3801,0,0,0,,0,3J14A,"EDDY ST","MASON ST",174.00,W,N,B,C,N,,,,,,,,,,N,3,0,1,2,A,-,21,22106,,F,G,B,E,B,H,-,A,-,0,Y,,,,Y,,-,,0,1,0,0,1,0,0,0,0,"- ","- ",,,"SAN FRANCISCO","SAN FRANCISCO",-122.40989685058594,37.784297943115234
9553924,2023,2023-03-25,3801,2023-02-10,1033,1021,TENDE,5,5,7,3801,0,0,0,,0,3J13A,"JONES ST","GOLDEN GATE AV",0.00,,Y,A,-,N,,,,,,,,,,,3,0,1,2,A,-,12,21453,A,N,D,J,A,A,H,-,A,A,0,,,,,Y,,M,94,0,1,0,0,0,0,0,0,0,"- ","- ",,,"SAN FRANCISCO","SAN FRANCISCO",-122.4122314453125,37.782081604003906
9553925,2023,2023-03-25,3801,2023-02-02,"913 ",1157,BAYV,4,5,7,3801,0,0,0,,0,3C12A,"INNES AV","PHELPS ST",0.00,,-,A,C,N,,,,,,,,,,N,4,0,2,2,A,-,08,22107,,N,A,E,A,B,H,-,A,D,0,,,,,Y,,A,01,0,0,2,0,0,0,0,0,0,"- ","- ",,,"SAN FRANCISCO","SAN FRANCISCO",-122.39068603515625,37.740482330322266
9553929,2023,2023-03-25,3801,2023-02-02,1613,2100,MISSI,4,5,7,3801,0,0,0,,0,3D11D,"VALENCIA ST","ROSE PARKS LN",0.00,,Y,F,-,N,,,,,,,,,,N,3,0,1,1,A,-,03,22350,,N,F,A,A,-,H,-,-,D,0,,Y,,,Y,,L,04,0,1,0,0,0,0,1,0,0,"- ","- ",,,"SAN FRANCISCO","SAN FRANCISCO",-122.42211151123047,37.767448425292969
9553930,2023,2023-03-25,3801,2023-02-02,2500,1845,,4,5,7,3801,0,0,0,,0,3I11D,"IRVING ST","16TH AV",0.00,,Y,A,-,N,,,,,,,,,,N,3,0,1,2,A,-,10,21950,A,N,G,B,B,A,H,-,C,D,0,Y,,,,Y,,A,01,0,1,0,0,1,0,0,0,0,"- ","- ",,,"SAN FRANCISCO","SAN FRANCISCO",-122.47393035888672,37.763702392578125
9553933,2023,2023-03-28,3801,2023-02-10,1944,1806,NORTH,5,5,7,3801,0,0,0,,0,3E13D,"LAGUNA ST","GOLDEN GATE AV",0.00,,Y,A,-,N,,,,,,,,,,N,4,0,1,2,A,-,06,21755,A,N,B,G,A,A,H,-,C,A,0,,Y,,,Y,,L,04,0,0,1,0,0,0,1,0,0,"- ","- ",,,"SAN FRANCISCO","SAN FRANCISCO",-122.42701721191406,37.780200958251953
9553935,2023,2023-03-25,3801,2023-02-05,"118 ",2741,,7,5,7,3801,0,0,0,,0,3J14E,"MARKET ST","5TH ST",168.00,W,N,A,-,N,,,,,,,,,,N,3,0,1,2,A,-,08,22102,,N,H,G,A,B,-,-,C,D,0,,Y,,,Y,,A,01,0,1,0,0,0,0,1,0,0,"- ","- ",,,"SAN FRANCISCO","SAN FRANCISCO",-122.40847778320312,37.783676147460938
9553937,2023,2023-03-25,3801,2023-02-04,1727,812,BAYVI,6,5,7,3801,0,0,0,,0,3C15,"KEITH ST","REVERE AV",0.00,,Y,B,C,N,,,,,,,,,,N,4,0,1,2,A,-,05,21650,,N,A,C,A,B,H,-,C,D,0,,,,,Y,,A,07,0,0,1,0,0,0,0,0,0,"- ","- ",,,"SAN FRANCISCO","SAN FRANCISCO",-122.38829040527344,37.730617523193359
9553941,2023,2023-04-11,3801,2023-02-12,2142,246,TARAV,7,5,7,3801,0,0,0,,0,5CAR,"LAKE MERCED BL","STATE DR",0.00,,Y,-,-,N,,,,,,,,,,N,4,0,1,3,A,-,08,22107,,N,C,C,A,A,H,-,C,A,0,,,,,Y,Y,D,22,0,0,1,0,0,0,0,0,0,"- ","- ",,,"SAN FRANCISCO","SAN FRANCISCO",-122.48471832275391,37.72491455078125
9553944,2023,2023-04-11,3801,2023-02-13,"517 ",2139,TARAV,1,5,7,3801,0,0,0,,0,901,"LAKE MERCED BL","HIGUERA AV",0.00,,Y,A,-,N,,,,,,,,,,Y,3,0,1,2,A,-,12,21453,A,N,D,C,A,A,H,-,C,A,0,,,Y,,Y,,-,"- ",0,1,0,0,0,0,0,0,1,"- ","- ",,,"SAN FRANCISCO","SAN FRANCISCO",-122.48509979248047,37.718307495117188
9553946,2023,2023-04-11,3801,2023-02-08,1000,2151,PARK,3,5,7,3801,0,0,0,,0,3F13A,"STANYAN ST","MCALLISTER ST",29.00,S,N,A,-,N,,,,,,,,,,Y,3,0,2,2,A,-,03,22350,,N,C,C,A,A,H,-,A,A,0,,,,,Y,,A,01,0,1,1,0,0,0,0,0,0,"- ","- ",,,"SAN FRANCISCO","SAN FRANCISCO",-122.454833984375,37.775615692138672
9553947,2023,2023-04-11,3801,2023-02-09,2055,1394,PARK,4,5,7,3801,0,0,0,,0,003,"SHRADER ST","HAIGHT ST",0.00,,Y,A,-,N,,,,,,,,,,N,2,0,1,2,A,-,10,21950,A,N,G,B,B,A,H,-,C,A,0,Y,,,,Y,,A,01,1,0,0,0,1,0,0,0,0,"- ","- ",,,"SAN FRANCISCO","SAN FRANCISCO",-122.45185852050781,37.769374847412109
9553951,2023,2023-04-11,3801,2023-02-16,1251,615,PARK,4,5,7,3801,0,0,0,,0,3F1A,"7TH AV","JUDAH ST",0.00,,Y,A,-,N,,,,,,,,,,Y,4,0,1,2,A,-,03,22350,,N,C,C,A,A,-,-,A,A,0,,,,,Y,,A,01,0,0,1,0,0,0,0,0,0,"- ","- ",,,"SAN FRANCISCO","SAN FRANCISCO",-122.46404266357422,37.762290954589844
9553953,2023,2023-04-11,3801,2023-02-15,1740,670`,INGLE,3,5,7,3801,0,0,0,,0,3H13D,"PERU AV","VIENNA ST",0.00,,Y,A,-,N,,,,,,,,,,N,4,0,3,2,A,-,09,21802,A,N,D,C,A,A,H,-,A,A,0,,,,,Y,,A,01,0,0,3,0,0,0,0,0,0,"- ","- ",,,"SAN FRANCISCO","SAN FRANCISCO",-122.42572784423828,37.726711273193359
9553956,2023,2023-04-11,3801,2023-02-15,1200,4335,RICHM,3,5,7,3801,0,0,0,,0,902,"CLEMENT ST","PARK PRESIDIO BL",0.00,,Y,-,-,N,,,,,,,,,,N,4,0,1,2,A,-,03,22350,,F,-,C,A,-,-,-,-,-,0,,,,,Y,,-,99,0,0,1,0,0,0,0,0,0,"- ","- ",,,"SAN FRANCISCO","SAN FRANCISCO",-122.47246551513672,37.782577514648438
9553957,2023,2023-04-11,3801,2023-02-13,1111,1653,INGLE,1,5,7,3801,0,0,0,,0,3H5A,"ALEMANY BL","LIGHT POLE #45",35.00,S,N,-,-,N,,,,,,,,,,Y,4,0,1,2,A,-,05,21651,B,N,A,C,A,A,H,-,A,D,0,,,,,Y,,A,07,0,0,1,0,0,0,0,0,0,"- ","- ",,,"SAN FRANCISCO","SAN FRANCISCO",,
9553958,2023,2023-04-11,3801,2023-02-14,1328,524,INGLE,2,5,7,3801,0,0,0,,0,3H2,"ARLINGTON ST","BOSWORTH ST",87.00,N,N,A,-,N,,,,,,,,,,N,3,0,1,2,A,-,07,21658,A,N,A,C,A,A,H,-,A,D,0,,,Y,,Y,,A,01,0,1,0,0,0,0,0,0,1,"- ","- ",,,"SAN FRANCISCO","SAN FRANCISCO",-122.43266296386719,37.733455657958984
9553962,2023,2023-04-11,3801,2023-02-21,2054,4124,INGLE,2,5,7,3801,0,0,0,,0,3H14D,"JOOST AV","LIPPARD AV",0.00,,Y,A,-,N,,,,,,,,,,Y,4,0,1,2,A,-,09,21800,A,N,D,C,A,A,H,-,C,A,0,,,,,Y,,A,01,0,0,1,0,0,0,0,0,0,"- ","- ",,,"SAN FRANCISCO","SAN FRANCISCO",-122.43624114990234,37.732402801513672
9553965,2023,2023-04-11,3801,2023-02-23,2340,1660,SOUTH,4,5,7,3801,0,0,0,,0,3B11E,"BRANNAN ST","BRANNON ST 340",0.00,,N,C,-,N,,,,,,,,,,N,4,0,1,2,A,-,21,22106,,N,G,B,E,B,H,-,C,D,0,Y,,,,Y,,A,01,0,0,1,0,1,0,0,0,0,"- ","- ",,,"SAN FRANCISCO","SAN FRANCISCO",,
9553970,2023,2023-04-12,3801,2023-02-24,2008,4140,TENDE,5,5,7,3801,0,0,0,,0,3J12D,"6TH ST","MARKET ST",0.00,,Y,A,-,N,,,,,,,,,,N,4,0,1,2,A,-,03,22350,,N,C,C,A,A,H,-,C,D,0,,,,,Y,,A,01,0,0,1,0,0,0,0,0,0,"- ","- ",,,"SAN FRANCISCO","SAN FRANCISCO",-122.41030120849609,37.782241821289062
9553972,2023,2023-04-11,3801,2023-02-25,1545,582,CENTR,6,5,7,3801,0,0,0,,0,005,"DRUMM ST","WASHINGTON ST",0.00,,Y,A,-,N,,,,,,,,,,Y,4,0,1,2,A,-,12,21453,A,F,D,C,A,A,H,-,A,A,0,,,,,Y,,A,01,0,0,1,0,0,0,0,0,0,"- ","- ",,,"SAN FRANCISCO","SAN FRANCISCO",-122.39698028564453,37.796371459960938
9553974,2023,2023-04-07,3801,2023-02-24,1435,2151,PARK,5,5,7,3801,0,0,0,,0,3F13A,"STANYAN ST","HAYES ST",0.00,,Y,A,-,N,,,,,,,,,,N,4,0,1,2,D,-,00,,,F,B,C,A,A,H,-,A,A,0,,,,,Y,Y,-,"- ",0,0,1,0,0,0,0,0,0,"- ","- ",,,"SAN FRANCISCO","SAN FRANCISCO",-122.45429992675781,37.772872924804688
9553975,2023,2023-04-07,3801,2023-02-09,"120 ",2498,NORTH,4,5,7,3801,0,0,0,,0,3E12E,WEBSTER,"GEARY BL",0.00,,Y,A,-,N,,,,,,,,,,Y,4,0,3,2,A,-,12,21453,A,N,D,C,A,A,H,-,C,A,0,,,,,Y,,A,01,0,0,3,0,0,0,0,0,0,"- ","- ",,,"SAN FRANCISCO","SAN FRANCISCO",-122.43130493164062,37.784725189208984
9553978,2023,2023-04-07,3801,2023-02-09,1508,1856,INGLE,4,5,7,3801,0,0,0,,0,0H2,"29TH ST","SAN JOSE AV",0.00,,Y,A,-,N,,,,,,,,,,Y,4,0,1,2,A,-,08,22100,A,N,D,C,A,A,H,-,A,A,0,,,Y,,Y,,A,01,0,0,1,0,0,0,0,0,1,"- ","- ",,,"SAN FRANCISCO","SAN FRANCISCO",-122.42275238037109,37.743930816650391
9553979,2023,2023-04-07,3801,2023-02-11,"2   ",614,TARAV,6,5,7,3801,0,0,0,,0,314,"18TH AV","VICENTI ST",340.00,N,N,A,-,N,,,,,,,,,,Y,3,0,1,3,A,-,03,22350,,M,F,E,A,B,H,-,C,A,0,,,,,Y,,A,01,0,1,0,0,0,0,0,0,0,"- ","- ",,,"SAN FRANCISCO","SAN FRANCISCO",-122.47442626953125,37.740291595458984
9553981,2023,2023-03-25,3801,2023-02-15,"930 ",1514,MISSI,3,5,7,3801,0,0,0,,0,,"17TH ST","CHURCH ST",20.00,W,N,A,-,N,,,,,,,,,,N,4,0,1,1,C,-,18,,,N,H,G,A,A,G,-,A,D,0,,Y,,,Y,,-,"- ",0,0,1,0,0,0,1,0,0,"- ","- ",,,"SAN FRANCISCO","SAN FRANCISCO",-122.42858123779297,37.762874603271484
9553987,2023,2023-03-25,3801,2023-02-21,1225,390,PARK,2,5,7,3801,0,0,0,,0,004,"CASTRO ST","14TH ST",0.00,,Y,B,-,N,,,,,,,,,,Y,2,0,1,2,A,-,17,21461,A,N,D,C,A,A,H,-,A,A,0,,,Y,,Y,,A,01,1,0,0,0,0,0,0,0,0,"- ","- ",,,"SAN FRANCISCO","SAN FRANCISCO",-122.43562316894531,37.767330169677734
9553988,2023,2023-03-25,3801,2023-02-21,1246,4294,NORTH,2,5,7,3801,0,0,0,,0,3E13A,"POLK ST","CEDAR ST",0.00,,Y,A,-,N,,,,,,,,,,N,3,0,1,2,A,-,08,22107,,N,B,G,A,A,H,-,A,D,0,,Y,,,Y,,A,01,0,1,0,0,0,0,1,0,0,"- ","- ",,,"SAN FRANCISCO","SAN FRANCISCO",-122.41983032226562,37.786373138427734
9553990,2023,2023-03-25,3801,2023-02-20,1924,1414,MISSI,1,5,7,3801,0,0,0,,0,3D16D,"HARRISON ST","16TH ST",0.00,,Y,A,-,N,,,,,,,,,,N,4,0,1,2,A,-,08,22107,,N,A,J,A,A,H,-,C,D,0,,,,,Y,,-,,0,0,1,0,0,0,0,0,0,"- ","- ",,,"SAN FRANCISCO","SAN FRANCISCO",-122.41314697265625,37.765449523925781
9553995,2023,2023-03-25,3801,2023-02-14,2330,2469,SOUTH,2,5,7,3801,0,0,0,,0,3B13E,"3RD ST","HOWARD ST",0.00,,Y,A,-,N,,,,,,,,,,N,4,0,1,2,A,-,07,21658,,M,B,C,A,A,H,-,C,A,0,,,,,Y,Y,-,,0,0,1,0,0,0,0,0,0,"- ","- ",,,"SAN FRANCISCO","SAN FRANCISCO",-122.40049743652344,37.785007476806641
9553997,2023,2023-03-25,3801,2023-02-21,1742,1823,MISSI,2,5,7,3801,0,0,0,,0,006,17TH,"FLORIDA ST",0.00,,Y,A,-,N,,,,,,,,,,N,2,0,1,2,A,-,12,22450,,N,D,G,A,A,H,-,A,D,0,,Y,,,Y,,L,04,1,0,0,0,0,0,1,0,0,"- ","- ",,,"SAN FRANCISCO","SAN FRANCISCO",-122.41130828857422,37.764244079589844
9553999,2023,2023-03-30,3801,2023-02-22,1504,1637,SOUTH,3,5,7,3801,0,0,0,,0,3B12D,"HARRISON ST","8TH ST",0.00,,Y,A,-,Y,SF,4,80,-,-,4.490,R,4,W,Y,4,0,1,2,A,-,03,22350,,N,C,E,A,A,H,-,B,A,0,,,Y,,Y,,C,02,0,0,1,0,0,0,0,0,1,"- ","- ",,,"SAN FRANCISCO","SAN FRANCISCO",-122.40613555908203,37.775272369384766
9554101,2023,2023-03-16,3801,2023-02-08,1525,2433,SOUTH,3,5,7,3801,0,0,0,,0,3B13D,"MISSION ST","ANGELOS ALLEY",135.00,E,N,A,-,N,,,,,,,,,,N,4,0,1,2,A,-,17,21235,G,N,D,J,A,A,H,-,A,D,0,,,,,Y,,M,94,0,0,1,0,0,0,0,0,0,"- ","- ",,,"SAN FRANCISCO","SAN FRANCISCO",-122.41193389892578,37.778419494628906
9554104,2023,2023-03-16,3801,2023-02-16,1721,2407,MISSI,4,5,7,3801,0,0,0,,0,3D13D,"MARKET ST","14TH ST",0.00,,Y,A,-,N,,,,,,,,,,N,3,0,1,2,A,-,08,22107,,N,B,G,A,A,H,-,A,A,0,,Y,,,Y,,L,04,0,1,0,0,0,0,1,0,0,"- ","- ",,,"SAN FRANCISCO","SAN FRANCISCO",-122.4288330078125,37.767707824707031
9554105,2023,2023-03-16,3801,2023-02-15,1315,4132,MISSI,3,5,7,3801,0,0,0,,0,1CAR,"VALENCIA ST","16TH ST",162.00,S,N,A,-,N,,,,,,,,,,N,3,0,1,1,D,-,00,,,N,F,-,A,A,H,-,A,D,0,,,Y,,Y,,-,"- ",0,1,0,0,0,0,0,0,1,"- ","- ",,,"SAN FRANCISCO","SAN FRANCISCO",-122.42185211181641,37.76446533203125
9554106,2023,2023-03-16,3801,2023-02-14,1730,2143,MISSI,2,5,7,3801,0,0,0,,0,3D14D,"POTRERO AV","20TH ST",0.00,,Y,A,-,N,,,,,,,,,,N,4,0,3,2,A,-,09,21801,A,N,D,C,A,A,H,-,A,A,0,,,,,Y,Y,A,01,0,0,3,0,0,0,0,0,0,"- ","- ",,,"SAN FRANCISCO","SAN FRANCISCO",-122.40694427490234,37.759372711181641
9554108,2023,2023-03-22,3801,2023-02-15,1700,1136,MISSI,3,5,7,3801,0,0,0,,0,3D11D,"CASTRO ST","MARKET ST",0.00,,Y,A,-,N,,,,,,,,,,N,3,0,1,2,A,-,08,22107,,F,B,-,A,A,H,-,A,A,0,,Y,,,Y,,A,07,0,1,0,0,0,0,1,0,0,"- ","- ",,,"SAN FRANCISCO","SAN FRANCISCO",-122.43515777587891,37.762641906738281
9554111,2023,2023-03-16,3801,2023-02-26,"253 ",4325,NORTH,7,5,7,3801,0,0,0,,0,005,"LOMBARD ST","FILLMORE ST",114.00,W,N,A,-,N,,,,,,,,,,Y,2,0,1,2,A,-,11,21954,A,N,A,B,E,B,H,-,C,-,0,Y,,,,Y,Y,N,60,1,0,0,0,1,0,0,0,0,"- ","- ",,,"SAN FRANCISCO","SAN FRANCISCO",-122.43643951416016,37.799800872802734
9554113,2023,2023-03-22,3801,2023-02-25,1619,2718,BAYVI,6,5,7,3801,0,0,0,,0,3C11D,"SHAFTER AV","KEITH ST",0.00,,Y,A,-,N,,,,,,,,,,Y,4,0,2,2,A,-,12,22450,A,N,D,C,A,A,H,-,A,D,0,,,,,Y,,-,"- ",0,0,2,0,0,0,0,0,0,"- ","- ",,,"SAN FRANCISCO","SAN FRANCISCO",-122.38887023925781,37.72998046875
9554115,2023,2023-03-16,3801,2023-02-21,"707 ",2097,BAYVI,2,5,7,3801,0,0,0,,0,3C13A,"INGALLS ST","SHAFTER AV",0.00,,-,A,-,N,,,,,,,,,,Y,4,0,1,3,A,-,03,22350,,N,F,E,A,A,H,-,A,D,0,,,,,Y,,A,01,0,0,1,0,0,0,0,0,0,"- ","- ",,,"SAN FRANCISCO","SAN FRANCISCO",-122.3851318359375,37.727874755859375
9554118,2023,2023-03-16,3801,2023-02-24,2120,4046,INGLE,5,5,7,3801,0,0,0,,0,3H15E,"PERSIA AV","MISSION ST",5.00,E,N,A,-,N,,,,,,,,,,,3,0,1,3,A,-,06,21750,,F,B,C,A,A,H,-,C,A,0,,,,,Y,Y,-,99,0,1,0,0,0,0,0,0,0,"- ","- ",,,"SAN FRANCISCO","SAN FRANCISCO",-122.43595886230469,37.723133087158203
9554123,2023,2023-03-25,3801,2023-02-04,2036,1988,INGLE,6,5,7,3801,0,0,0,,0,3H15D,"LONDON ST","BRAZIL AV",0.00,,Y,C,-,N,,,,,,,,,,N,4,0,2,2,A,-,12,22450,A,F,D,C,A,B,H,-,C,A,0,,,,,Y,,D,22,0,0,2,0,0,0,0,0,0,"- ","- ",,,"SAN FRANCISCO","SAN FRANCISCO",-122.43402099609375,37.724319458007812