CASE_ID,ACCIDENT_YEAR,PROC_DATE,JURIS,COLLISION_DATE,COLLISION_TIME,OFFICER_ID,REPORTING_DISTRICT,DAY_OF_WEEK,CHP_SHIFT,POPULATION,CNTY_CITY_LOC,SPECIAL_COND,BEAT_TYPE,CHP_BEAT_TYPE,CITY_DIVISION_LAPD,CHP_BEAT_CLASS,BEAT_NUMBER,PRIMARY_RD,SECONDARY_RD,DISTANCE,DIRECTION,INTERSECTION,WEATHER_1,WEATHER_2,STATE_HWY_IND,CALTRANS_COUNTY,CALTRANS_DISTRICT,STATE_ROUTE,ROUTE_SUFFIX,POSTMILE_PREFIX,POSTMILE,LOCATION_TYPE,RAMP_INTERSECTION,SIDE_OF_HWY,TOW_AWAY,COLLISION_SEVERITY,NUMBER_KILLED,NUMBER_INJURED,PARTY_COUNT,PRIMARY_COLL_FACTOR,PCF_CODE_OF_VIOL,PCF_VIOL_CATEGORY,PCF_VIOLATION,PCF_VIOL_SUBSECTION,HIT_AND_RUN,TYPE_OF_COLLISION,MVIW,PED_ACTION,ROAD_SURFACE,ROAD_COND_1,ROAD_COND_2,LIGHTING,CONTROL_DEVICE,CHP_ROAD_TYPE,PEDESTRIAN_ACCIDENT,BICYCLE_ACCIDENT,MOTORCYCLE_ACCIDENT,TRUCK_ACCIDENT,NOT_PRIVATE_PROPERTY,ALCOHOL_INVOLVED,STWD_VEHTYPE_AT_FAULT,CHP_VEHTYPE_AT_FAULT,COUNT_SEVERE_INJ,COUNT_VISIBLE_INJ,COUNT_COMPLAINT_PAIN,COUNT_PED_KILLED,COUNT_PED_INJURED,COUNT_BICYCLIST_KILLED,COUNT_BICYCLIST_INJURED,COUNT_MC_KILLED,COUNT_MC_INJURED,PRIMARY_RAMP,SECONDARY_RAMP,LATITUDE,LONGITUDE,COUNTY,CITY,POINT_X,POINT_Y
9554124,2023,2023-03-25,3801,2023-02-05,"107 ",1750,NORTH,7,5,7,3801,0,0,0,,0,0E1,"WEBSTER ST","OAK ST",0.00,,Y,C,-,N,,,,,,,,,,Y,4,0,1,2,A,-,12,21453,A,N,D,C,A,B,H,-,C,A,0,,,,,Y,,A,01,0,0,1,0,0,0,0,0,0,"- ","- ",,,"SAN FRANCISCO","SAN FRANCISCO",-122.42913055419922,37.774169921875
9554125,2023,2023-03-25,3801,2023-02-04,1435,4274,RICHM,6,5,7,3801,0,0,0,,0,3G13C,"FULTON ST","30TH AV",0.00,,Y,C,-,N,,,,,,,,,,Y,4,0,1,2,A,-,09,21801,A,N,D,C,A,B,H,-,A,A,0,,,,,Y,,A,01,0,0,1,0,0,0,0,0,0,"- ","- ",,,"SAN FRANCISCO","SAN FRANCISCO",-122.48954010009766,37.772335052490234
9554126,2023,2023-03-25,3801,2023-02-04,1947,1371,NORTH,6,5,7,3801,0,0,0,,0,006,"BROADWAY ST","POLK ST",0.00,,Y,C,-,N,,,,,,,,,,N,4,0,1,2,A,-,03,22350,,F,C,C,A,B,H,-,C,A,0,,,,,Y,,A,01,0,0,1,0,0,0,0,0,0,"- ","- ",,,"SAN FRANCISCO","SAN FRANCISCO",-122.42176055908203,37.795940399169922
9554128,2023,2023-03-25,3801,2023-02-06,1829,4023,MISSI,1,5,7,3801,0,0,0,,0,006,"FOLSOM ST","16TH ST",15.00,N,N,A,-,N,,,,,,,,,,N,3,0,1,2,D,-,00,,,N,E,I,A,A,H,-,-,A,0,,,,,Y,,-,"- ",0,1,0,0,0,0,0,0,0,"- ","- ",,,"SAN FRANCISCO","SAN FRANCISCO",-122.41530609130859,37.765350341796875
9554130,2023,2023-03-25,3801,2023-02-06,1349,2748,MISSI,1,5,7,3801,0,0,0,,0,3D16C,"17TH ST","POTRERO AV",0.00,,Y,A,-,N,,,,,,,,,,Y,4,0,2,2,A,-,12,21453,A,N,D,C,A,A,H,-,A,A,0,,,,,Y,,-,"- ",0,0,2,0,0,0,0,0,0,"- ","- ",,,"SAN FRANCISCO","SAN FRANCISCO",-122.40743255615234,37.764484405517578
9554131,2023,2023-03-25,3801,2023-02-07,"645 ",1039,MISSI,2,5,7,3801,0,0,0,,0,003,"HARRISON ST","19TH ST",0.00,,Y,F,-,N,,,,,,,,,,N,3,0,1,2,A,-,09,21801,A,N,D,G,A,-,G,-,B,D,0,,Y,,,Y,,A,07,0,1,0,0,0,0,1,0,0,"- ","- ",,,"SAN FRANCISCO","SAN FRANCISCO",-122.41269683837891,37.760650634765625
9554133,2023,2023-03-25,3801,2023-02-04,2321,276,NORTH,6,5,7,3801,0,0,0,,0,3E15E,"LOMBARD ST","SCOTT ST",8.00,W,N,C,-,N,,,,,,,,,,N,3,0,2,3,A,-,12,21453,A,F,G,B,B,B,H,-,C,A,0,Y,,,,Y,,A,01,0,1,1,0,2,0,0,0,0,"- ","- ",,,"SAN FRANCISCO","SAN FRANCISCO",-122.44102478027344,37.799205780029297
9554135,2023,2023-03-25,3801,2023-02-06,1325,1003,INGLE,1,5,7,3801,0,0,0,,0,3CAR,"MISSION ST","COLLEGE TR",0.00,,Y,A,-,N,,,,,,,,,,N,3,0,1,2,A,-,06,21755,,F,B,G,A,A,H,-,A,D,0,,Y,Y,,Y,,C,02,0,1,0,0,0,0,1,0,0,"- ","- ",,,"SAN FRANCISCO","SAN FRANCISCO",-122.42578887939453,37.734283447265625
9554138,2023,2023-03-25,3801,2023-02-06,2228,2497,BAYVI,1,5,7,3801,0,0,0,,0,3C13E,"EVANS AV","MIDDLE POINT RD",0.00,,Y,A,-,N,,,,,,,,,,Y,4,0,1,1,A,-,03,22350,,F,A,I,A,A,-,-,C,D,0,,,,,Y,,A,01,0,0,1,0,0,0,0,0,0,"- ","- ",,,"SAN FRANCISCO","SAN FRANCISCO",-122.37911987304688,37.737693786621094
9554144,2023,2023-03-25,3801,2023-02-13,1953,4047,MISSI,1,5,7,3801,0,0,0,,0,3D16D,"23RD ST","HAMPSHIRE ST",0.00,,Y,A,-,N,,,,,,,,,,Y,4,0,1,5,A,-,12,22450,A,N,D,E,A,A,H,-,C,A,0,,,,,Y,,A,01,0,0,1,0,0,0,0,0,0,"- ","- ",,,"SAN FRANCISCO","SAN FRANCISCO",-122.40747833251953,37.754524230957031
9554146,2023,2023-03-25,3801,2023-02-18,1557,1951,SOUTH,6,5,7,3801,0,0,0,,0,0B5,"KING ST","KING ST 128",0.00,,-,A,-,N,,,,,,,,,,N,4,0,1,2,A,-,03,22350,,F,G,B,F,A,H,-,A,A,0,Y,,,,Y,,N,60,0,0,1,0,1,0,0,0,0,"- ","- ",,,"SAN FRANCISCO","SAN FRANCISCO",-122.39195251464844,37.778202056884766
9554147,2023,2023-03-25,3801,2023-02-18,"822 ",624,NORTH,6,5,7,3801,0,0,0,,0,002,"WEBSTER ST","GROVE ST",0.00,,Y,A,-,N,,,,,,,,,,Y,4,0,1,1,A,-,03,22350,,N,H,A,A,A,H,-,A,A,0,,Y,,,Y,,L,04,0,0,1,0,0,0,1,0,0,"- ","- ",,,"SAN FRANCISCO","SAN FRANCISCO",-122.42974853515625,37.776969909667969
9554150,2023,2023-03-25,3801,2023-02-17,"627 ",2715,NORTH,5,5,7,3801,0,0,0,,0,3E11A,"DIVISADRO ST","BUSH ST",0.00,,Y,A,-,N,,,,,,,,,,Y,4,0,2,2,A,-,09,21801,A,N,D,C,A,A,H,-,C,A,0,,,,,Y,,A,01,0,0,2,0,0,0,0,0,0,"- ","- ",,,"SAN FRANCISCO","SAN FRANCISCO",-122.44004821777344,37.78619384765625
9554152,2023,2023-03-25,3801,2023-02-09,"105 ",2164,INGLE,4,5,7,3801,0,0,0,,0,3H12E,"29TH ST","DOLORES ST",0.00,,Y,A,-,N,,,,,,,,,,Y,4,0,1,2,A,-,12,21457,A,F,C,C,A,A,H,-,C,A,0,,,,,Y,,A,01,0,0,1,0,0,0,0,0,0,"- ","- ",,,"SAN FRANCISCO","SAN FRANCISCO",-122.42446899414062,37.743839263916016
9554153,2023,2023-03-25,3801,2023-02-12,"217 ",2035,MISSI,7,5,7,3801,0,0,0,,0,3D15E,"MISSION ST","16TH ST",0.00,,Y,A,-,N,,,,,,,,,,Y,3,0,1,2,A,-,04,21703,,N,C,C,A,A,D,-,C,A,0,,,,,Y,,A,01,0,1,0,0,0,0,0,0,0,"- ","- ",,,"SAN FRANCISCO","SAN FRANCISCO",-122.41967010498047,37.765052795410156
9554155,2023,2023-03-25,3801,2023-02-02,1534,4366,PARK,4,5,7,3801,0,0,0,,0,3F13D,"OAK ST","COLE ST",125.00,E,N,A,-,N,,,,,,,,,,Y,4,0,2,4,A,-,09,21804,A,N,B,C,A,-,H,-,A,D,0,,,,,Y,,A,01,0,0,2,0,0,0,0,0,0,"- ","- ",,,"SAN FRANCISCO","SAN FRANCISCO",-122.4501953125,37.771503448486328
9554159,2023,2023-03-25,3801,2023-02-14,1645,1982,MISS,2,5,7,3801,0,0,0,,0,3D11E,"22ND ST","SOUTH VAN NESS AV",0.00,,Y,A,-,N,,,,,,,,,,N,4,0,1,2,A,-,03,22350,,N,C,C,A,A,H,-,A,A,0,,,,,Y,,A,01,0,0,1,0,0,0,0,0,0,"- ","- ",,,"SAN FRANCISCO","SAN FRANCISCO",-122.41658782958984,37.755565643310547
9554270,2023,2023-03-23,3801,2023-02-26,1544,654,PARK,7,5,7,3801,0,0,0,,0,3F13D,"MASONIC AV","GROVE ST",62.00,S,N,C,-,N,,,,,,,,,,N,3,0,1,2,A,-,04,21703,,N,C,C,A,B,H,-,A,D,0,,,Y,,Y,,A,01,0,1,0,0,0,0,0,0,1,"- ","- ",,,"SAN FRANCISCO","SAN FRANCISCO",-122.44625854492188,37.774692535400391
9554385,2023,2023-03-17,3801,2023-02-04,1854,1666,PARK,6,5,7,3801,0,0,0,,0,3CAR,"MASONIC AV","TURK ST",0.00,,Y,C,-,N,,,,,,,,,,N,4,0,1,2,A,-,10,21950,A,N,G,B,B,B,H,-,C,A,0,Y,,,,Y,,A,01,0,0,1,0,1,0,0,0,0,"- ","- ",,,"SAN FRANCISCO","SAN FRANCISCO",-122.44705200195312,37.778633117675781
9554388,2023,2023-03-20,3801,2023-02-22,"844 ",2202,INGLE,3,5,7,3801,0,0,0,,0,3H13A,"VISITACION AV","MANSELL ST",158.00,S,N,A,-,N,,,,,,,,,,Y,4,0,3,2,A,-,05,21460,A,N,B,C,A,A,H,-,A,D,0,,,,,Y,Y,A,07,0,0,3,0,0,0,0,0,0,"- ","- ",,,"SAN FRANCISCO","SAN FRANCISCO",-122.4114990234375,37.718238830566406
9554390,2023,2023-03-17,3801,2023-02-03,2008,1454,NORTH,5,5,7,3801,0,0,0,,0,3E13D,"HAYES ST","FRANKLIN ST",0.00,,Y,A,-,N,,,,,,,,,,N,3,0,1,2,A,-,09,21801,A,N,D,-,A,A,H,-,C,A,0,,,Y,,Y,,A,01,0,1,0,0,0,0,0,0,1,"- ","- ",,,"SAN FRANCISCO","SAN FRANCISCO",-122.42134094238281,37.777076721191406
9555213,2023,2023-04-07,3801,2023-03-10,1333,268,MISSI,5,5,7,3801,0,0,0,,0,3D42A,"17TH ST","DOLORES ST",40.00,E,N,A,-,N,,,,,,,,,,N,3,0,1,3,A,-,11,21453,D,N,B,G,B,A,H,-,A,A,0,Y,Y,,,Y,,N,60,0,1,0,0,0,0,1,0,0,"- ","- ",,,"SAN FRANCISCO","SAN FRANCISCO",-122.42616271972656,37.763019561767578
9557575,2023,2023-06-13,3801,2023-05-07,2120,2330,TARAV,7,5,7,3801,0,0,0,,0,901,"28TH AV","TARAVAL ST",193.00,S,N,A,-,N,,,,,,,,,,Y,3,0,1,4,A,-,03,22350,,N,F,E,A,A,H,-,C,D,0,,,,,Y,,A,07,0,1,0,0,0,0,0,0,0,"- ","- ",,,"SAN FRANCISCO","SAN FRANCISCO",-122.48530578613281,37.742099761962891
9560985,2023,2023-04-28,3801,2023-03-16,1345,1503,BAYVI,4,5,7,3801,0,0,0,,0,3C45,"3RD ST","LA SALLE AV",0.00,,Y,A,-,N,,,,,,,,,,Y,4,0,1,3,A,-,12,21453,A,F,D,C,A,A,H,-,A,A,0,,,,,Y,,A,01,0,0,1,0,0,0,0,0,0,"- ","- ",,,"SAN FRANCISCO","SAN FRANCISCO",-122.38993835449219,37.737216949462891
9561010,2023,2023-04-28,3801,2023-03-21,1502,2132,PARK,2,5,7,3801,0,0,0,,0,3F13D,"STANYAN ST","HAIGHT ST",0.00,,Y,C,-,N,,,,,,,,,,N,4,0,1,2,A,-,10,21950,A,N,G,B,B,B,H,-,A,A,0,Y,,,,Y,,I,10,0,0,1,0,1,0,0,0,0,"- ","- ",,,"SAN FRANCISCO","SAN FRANCISCO",-122.45352935791016,37.769149780273438
9561029,2023,2023-04-21,3801,2023-02-26,1528,2445,SOUTH,7,5,7,3801,0,0,0,,0,03B,"MISSION ST","8TH ST",0.00,,Y,C,-,N,,,,,,,,,,N,4,0,1,2,A,-,05,21651,B,N,B,G,A,B,H,-,-,D,0,,Y,,,Y,,L,04,0,0,1,0,0,0,1,0,0,"- ","- ",,,"SAN FRANCISCO","SAN FRANCISCO",-122.41315460205078,37.7774658203125
9561179,2023,2023-03-30,3801,2023-02-22,1115,1306,CENTR,3,5,7,3801,0,0,0,,0,901,"PACIFIC AV","GRANT AV",5.00,W,N,A,-,N,,,,,,,,,,N,4,0,1,2,A,-,10,21950,A,N,G,B,B,A,H,-,A,A,0,Y,,,,Y,,A,08,0,0,1,0,1,0,0,0,0,"- ","- ",,,"SAN FRANCISCO","SAN FRANCISCO",-122.40682983398438,37.796916961669922
9561201,2023,2023-04-26,3801,2023-03-05,1420,877,CENTR,7,5,7,3801,0,0,0,,0,3A44C,"GRANT AV","CALIFORNIA ST",0.00,,Y,A,-,N,,,,,,,,,,N,4,0,2,2,A,-,12,21453,A,N,D,C,A,A,H,-,A,A,0,,,,,Y,,-,"- ",0,0,2,0,0,0,0,0,0,"- ","- ",,,"SAN FRANCISCO","SAN FRANCISCO",-122.40589141845703,37.792457580566406
9561202,2023,2023-04-24,3801,2023-03-04,1317,2097,BAYVI,6,5,7,3801,0,0,0,,0,3C15A,"ARELIOUS WALKER DR","EGBERT AV",0.00,,Y,A,-,N,,,,,,,,,,N,4,0,1,2,A,-,09,21800,A,N,D,J,A,A,H,-,A,D,0,,,,,Y,,M,94,0,0,1,0,0,0,0,0,0,"- ","- ",,,"SAN FRANCISCO","SAN FRANCISCO",-122.38518524169922,37.718406677246094
9561206,2023,2023-04-24,3801,2023-03-07,2235,2408,RICHM,2,5,7,3801,0,0,0,,0,3G13E,"CROSSOVER DR","TRANSVERSE DR",0.00,,Y,A,-,N,,,,,,,,,,Y,4,0,1,2,A,-,12,22450,A,F,D,C,A,A,H,-,C,A,0,,,,,Y,,-,,0,0,1,0,0,0,0,0,0,"- ","- ",,,"SAN FRANCISCO","SAN FRANCISCO",-122.48176574707031,37.771884918212891
9561213,2023,2023-04-24,3801,2023-03-20,1317,307,NORTH,1,5,7,3801,0,0,0,,0,3E13D,"LEAVENWORTH ST","GOLDEN GATE AV",50.00,N,N,A,-,N,,,,,,,,,,N,4,0,2,2,A,-,21,22106,,N,C,E,A,A,H,-,A,D,0,,,,,Y,,A,07,0,0,2,0,0,0,0,0,0,"- ","- ",,,"SAN FRANCISCO","SAN FRANCISCO",-122.41388702392578,37.782005310058594
9561214,2023,2023-04-24,3801,2023-03-21,1508,1352,MISSI,2,5,7,3801,0,0,0,,0,3D16C,"14TH ST","WOODWARD ST",0.00,,Y,C,-,N,,,,,,,,,,N,3,0,1,3,A,-,17,22517,,N,E,G,A,B,H,-,A,A,0,,Y,,,Y,,-,,0,1,0,0,0,0,1,0,0,"- ","- ",,,"SAN FRANCISCO","SAN FRANCISCO",-122.42076873779297,37.768238067626953
9561215,2023,2023-04-24,3801,2023-03-21,"750 ",179,NORTH,2,5,7,3801,0,0,0,,0,3E12A,"FULTON ST","WEBSTER ST",6.00,W,N,C,-,N,,,,,,,,,,N,2,0,1,2,A,-,08,22107,,N,-,G,A,B,-,-,A,A,0,,Y,,,Y,,A,01,1,0,0,0,0,0,1,0,0,"- ","- ",,,"SAN FRANCISCO","SAN FRANCISCO",-122.429931640625,37.777908325195312
9561219,2023,2023-04-24,3801,2023-03-22,"135 ",1857,NORTH,3,5,7,3801,0,0,0,,0,3E12E,"OFARRELL ST","POLK ST",48.00,W,N,C,-,N,,,,,,,,,,Y,4,0,1,3,A,-,03,22350,,F,C,C,A,B,H,-,C,A,0,,,,,Y,,A,01,0,0,1,0,0,0,0,0,0,"- ","- ",,,"SAN FRANCISCO","SAN FRANCISCO",-122.41971588134766,37.784950256347656
9561220,2023,2023-04-24,3801,2023-03-22,"746 ",229,MISSI,3,5,7,3801,0,0,0,,0,0D4,"26TH ST","FOLSOM ST",0.00,,Y,A,-,N,,,,,,,,,,N,4,0,1,2,A,-,12,22450,A,N,G,B,-,A,H,-,A,A,0,Y,,,,Y,,D,22,0,0,1,0,1,0,0,0,0,"- ","- ",,,"SAN FRANCISCO","SAN FRANCISCO",-122.41378784179688,37.749320983886719
9561221,2023,2023-04-28,3801,2023-03-23,1723,2401,MISSI,4,5,7,3801,0,0,0,,0,3D16C,"POTRERO AV","20TH ST",0.00,,Y,A,-,N,,,,,,,,,,Y,4,0,2,3,A,-,08,22107,,N,D,C,A,A,H,-,A,A,0,,,,,Y,Y,A,01,0,0,2,0,0,0,0,0,0,"- ","- ",,,"SAN FRANCISCO","SAN FRANCISCO",-122.40694427490234,37.759372711181641
9561226,2023,2023-04-28,3801,2023-03-28,"749 ",1978,BAYVI,2,5,7,3801,0,0,0,,0,004,"DARTMOUTH ST","DARTMOUTH ST 101",0.00,,Y,B,-,N,,,,,,,,,,N,4,0,1,2,-,-,"- ",,,N,G,I,A,B,H,-,A,D,0,,,,,Y,,-,"- ",0,0,1,0,0,0,0,0,0,"- ","- ",,,"SAN FRANCISCO","SAN FRANCISCO",,
9561230,2023,2023-04-28,3801,2023-03-25,2259,2241,NORTH,6,5,7,3801,0,0,0,,0,2259,"POST ST","LAGUNA ST",0.00,,Y,A,-,N,,,,,,,,,,N,3,0,1,2,A,-,00,21954,,N,A,B,E,A,H,-,C,A,0,Y,,,,Y,Y,N,60,0,1,0,0,1,0,0,0,0,"- ","- ",,,"SAN FRANCISCO","SAN FRANCISCO",-122.42816162109375,37.785797119140625
9561232,2023,2023-04-28,3801,2023-03-05,1620,2080,CENTR,7,5,7,3801,0,0,0,,0,3A15D,"TAYLOR ST","PLEASANT ST",0.00,,Y,A,-,N,,,,,,,,,,Y,4,0,2,2,A,-,03,22350,,N,B,I,A,A,H,-,A,D,0,,,,,Y,,A,01,0,0,2,0,0,0,0,0,0,"- ","- ",,,"SAN FRANCISCO","SAN FRANCISCO",-122.41272735595703,37.792980194091797
9561236,2023,2023-04-28,3801,2023-03-05,1950,2398,NORTH,7,5,7,3801,0,0,0,,0,0E4,BROADWAY,"GOUGH ST",0.00,,Y,A,-,N,,,,,,,,,,Y,4,0,1,2,A,-,12,21453,A,N,D,C,A,B,H,-,C,A,0,,,,,Y,,A,07,0,0,1,0,0,0,0,0,0,"- ","- ",,,"SAN FRANCISCO","SAN FRANCISCO",-122.42669677734375,37.795318603515625
9561240,2023,2023-04-28,3801,2023-03-02,1930,1680,MISSI,4,5,7,3801,0,0,0,,0,3D13D,"MISSION ST","22ND ST",262.00,N,N,A,-,N,,,,,,,,,,N,4,0,1,2,-,-,"- ",,,F,C,C,A,A,H,-,B,D,0,,,,,Y,,-,"- ",0,0,1,0,0,0,0,0,0,"- ","- ",,,"SAN FRANCISCO","SAN FRANCISCO",-122.41881561279297,37.756168365478516
9561241,2023,2023-04-08,3801,2023-03-01,2200,4040,SOUTH,3,5,7,3801,0,0,0,,0,,"BRYANT ST","7TH ST",0.00,,Y,A,-,N,,,,,,,,,,N,4,0,1,3,A,-,12,21453,A,N,D,C,A,A,H,-,C,A,0,,,Y,,Y,,C,02,0,0,1,0,0,0,0,0,1,"- ","- ",,,"SAN FRANCISCO","SAN FRANCISCO",-122.40485382080078,37.774375915527344
9561242,2023,2023-04-08,3801,2023-03-01,1528,1945,BAYVI,3,5,7,3801,0,0,0,,0,3C11D,"22ND ST","PENNSYLVANIA AV",0.00,,Y,A,-,N,,,,,,,,,,N,4,0,1,2,A,-,09,21800,A,N,D,G,A,A,H,-,A,A,0,,Y,,,Y,,A,01,0,0,1,0,0,0,1,0,0,"- ","- ",,,"SAN FRANCISCO","SAN FRANCISCO",-122.39312744140625,37.757682800292969
9561248,2023,2023-04-08,3801,2023-03-11,1900,986,TARAV,6,5,7,3801,0,0,0,,0,3I15D,"PORTOLA DR","SANTA ANA AV",0.00,,Y,C,-,N,,,,,,,,,,Y,4,0,3,2,A,-,08,22107,,N,A,C,A,B,H,-,C,A,0,,,,,Y,,A,01,0,0,3,0,0,0,0,0,0,"- ","- ",,,"SAN FRANCISCO","SAN FRANCISCO",-122.46833038330078,37.737415313720703
9561249,2023,2023-04-08,3801,2023-03-09,1000,1477,MISSI,4,5,7,3801,0,0,0,,0,3D13A,"MISSION ST","22ND ST",0.00,,Y,B,-,N,,,,,,,,,,N,4,0,1,2,A,-,10,21950,A,N,G,B,B,A,H,-,A,A,0,Y,,,,Y,,A,01,0,0,1,0,1,0,0,0,0,"- ","- ",,,"SAN FRANCISCO","SAN FRANCISCO",-122.41873931884766,37.755451202392578
9561250,2023,2023-04-08,3801,2023-03-12,"15  ",2272,BAYVI,7,5,7,3801,0,0,0,,0,3C12E,"HUDSON AV","MENDELL ST",466.00,E,N,A,-,N,,,,,,,,,,N,4,0,1,2,A,-,06,21750,A,F,D,C,A,A,H,-,C,D,0,,,,,Y,,A,01,0,0,1,0,0,0,0,0,0,"- ","- ",,,"SAN FRANCISCO","SAN FRANCISCO",-122.38507843017578,37.738231658935547
9561253,2023,2023-04-08,3801,2023-03-13,"850 ",1385,SOUTH,1,5,7,3801,0,0,0,,0,3B12A,"HARRISON ST","5TH ST",214.00,W,N,C,-,N,,,,,,,,,,Y,4,0,1,4,A,-,03,22350,,N,B,C,A,B,H,-,A,A,0,,,,,Y,,A,01,0,0,1,0,0,0,0,0,0,"- ","- ",,,"SAN FRANCISCO","SAN FRANCISCO",-122.40237426757812,37.77862548828125
9561254,2023,2023-04-08,3801,2023-03-08,1640,1207,SOUTH,3,5,7,3801,0,0,0,,0,0B5,"3RD ST","TOWNSEND ST",25.00,E,N,A,-,N,,,,,,,,,,N,4,0,1,2,A,-,02,22526,A,N,D,G,A,A,H,-,A,A,0,,Y,,,Y,,A,01,0,0,1,0,0,0,1,0,0,"- ","- ",,,"SAN FRANCISCO","SAN FRANCISCO",-122.39269256591797,37.77880859375
9561255,2023,2023-04-08,3801,2023-03-13,1547,1276,SOUTH,1,5,7,3801,0,0,0,,0,3B13D,"HOWARD ST","RUSS ST",0.00,,Y,A,-,N,,,,,,,,,,N,4,0,1,2,A,-,11,21954,A,N,G,B,D,A,H,-,A,A,0,Y,,,,Y,,N,60,0,0,1,0,1,0,0,0,0,"- ","- ",,,"SAN FRANCISCO","SAN FRANCISCO",-122.40824890136719,37.77886962890625
9561257,2023,2023-04-08,3801,2023-03-09,1617,FYLES,INGL,4,5,7,3801,0,0,0,,0,3H13D,"ALEMANY BL","CONGDON ST",0.00,,Y,C,-,N,,,,,,,,,,N,4,0,1,2,A,-,08,22107,,N,H,D,A,B,H,-,A,A,0,,,,,Y,,A,01,0,0,1,0,0,0,0,0,0,"- ","- ",,,"SAN FRANCISCO","SAN FRANCISCO",-122.42619323730469,37.731166839599609
9561258,2023,2023-04-08,3801,2023-03-14,1328,327,MISSI,2,5,7,3801,0,0,0,,0,3D13C,"15TH ST","DOLORES ST",118.00,E,N,A,G,N,,,,,,,,,,Y,4,0,2,2,A,-,06,21750,A,N,B,C,A,A,H,-,A,D,0,,,,,Y,,A,01,0,0,2,0,0,0,0,0,0,"- ","- ",,,"SAN FRANCISCO","SAN FRANCISCO",-122.42619323730469,37.766288757324219
9561263,2023,2023-04-08,3801,2023-03-14,1707,359,TARAV,2,5,7,3801,0,0,0,,0,3I2D,"NORIEGA ST","30TH AV",0.00,,Y,B,-,N,,,,,,,,,,N,3,0,1,2,A,-,11,21950,B,N,G,B,B,D,H,-,B,A,0,Y,,,,Y,,N,60,0,1,0,0,1,0,0,0,0,"- ","- ",,,"SAN FRANCISCO","SAN FRANCISCO",-122.48825836181641,37.75372314453125
9561264,2023,2023-04-08,3801,2023-03-15,1425,4264,BAYV,3,5,7,3801,0,0,0,,0,3C44D,"INDUSTRIAL ST","CHARTER OAK AV",0.00,,Y,A,-,N,,,,,,,,,,Y,4,0,3,2,A,-,09,21804,A,N,D,C,A,A,H,-,A,D,0,,,,,Y,,A,01,0,0,3,0,0,0,0,0,0,"- ","- ",,,"SAN FRANCISCO","SAN FRANCISCO",-122.40499114990234,37.738555908203125
9561267,2023,2023-04-08,3801,2023-03-16,1638,390,PARK,4,5,7,3801,0,0,0,,0,001,"KEZAR DR","MARTIN LUTHER KING JR DR",33.00,E,N,A,-,N,,,,,,,,,,N,4,0,1,2,A,-,06,21755,,M,B,G,A,A,H,-,A,A,0,,Y,,,Y,Y,A,01,0,0,1,0,0,0,1,0,0,"- ","- ",,,"SAN FRANCISCO","SAN FRANCISCO",-122.45857238769531,37.767223358154297
9561269,2023,2023-04-08,3801,2023-03-15,1721,1325,TENDE,3,5,7,3801,0,0,0,,0,3J91C,"JESSIE ST","6TH ST",0.00,,-,A,-,N,,,,,,,,,,,4,0,1,2,A,-,10,21950,C,N,G,B,D,A,H,-,A,D,0,Y,,,,Y,,A,01,0,0,1,0,1,0,0,0,0,"- ","- ",,,"SAN FRANCISCO","SAN FRANCISCO",-122.40921020507812,37.781398773193359
9561273,2023,2023-04-08,3801,2023-03-19,"140 ",649,INGLE,7,5,7,3801,0,0,0,,0,3H14E,"MISSION ST","OCEAN AV",0.00,,Y,C,-,N,,,,,,,,,,N,4,0,1,2,A,-,03,22350,,F,C,C,A,B,H,-,C,A,0,,,,,Y,,A,01,0,0,1,0,0,0,0,0,0,"- ","- ",,,"SAN FRANCISCO","SAN FRANCISCO",-122.43540954589844,37.723888397216797
9561274,2023,2023-04-08,3801,2023-03-18,"637 ",1457,TARAV,6,5,7,3801,0,0,0,,0,001,"LINCOLN WY","16TH AV",106.00,W,N,A,-,N,,,,,,,,,,Y,4,0,1,3,A,-,08,22108,,N,D,C,A,A,H,-,C,D,0,,,,,Y,,A,01,0,0,1,0,0,0,0,0,0,"- ","- ",,,"SAN FRANCISCO","SAN FRANCISCO",-122.47443389892578,37.765571594238281
9561275,2023,2023-04-08,3801,2023-03-14,1348,2157,RICH,2,5,7,3801,0,0,0,,0,004,"28TH AV","CLEMENT ST",220.00,S,N,A,-,N,,,,,,,,,,Y,4,0,1,3,A,-,09,21804,,N,D,E,A,A,H,-,A,D,0,,,,,Y,,A,01,0,0,1,0,0,0,0,0,0,"- ","- ",,,"SAN FRANCISCO","SAN FRANCISCO",-122.488037109375,37.781257629394531
9561277,2023,2023-04-08,3801,2023-03-23,1824,2718,BAYV,4,5,7,3801,0,0,0,,0,3C11D,"3RD ST","23RD ST",0.00,,Y,A,-,N,,,,,,,,,,N,4,0,1,2,A,-,04,21703,,N,C,C,A,A,H,-,A,A,0,,,,,Y,,A,01,0,0,1,0,0,0,0,0,0,"- ","- ",,,"SAN FRANCISCO","SAN FRANCISCO",-122.38810729980469,37.755386352539062
9561278,2023,2023-04-08,3801,2023-03-15,1208,1238,MISSI,3,5,7,3801,0,0,0,,0,3D11C,"20TH ST","LEXINGTON ST",0.00,,Y,A,-,N,,,,,,,,,,N,4,0,1,2,A,-,09,21804,A,N,D,C,A,A,H,-,A,-,0,,,,,Y,,M,94,0,0,1,0,0,0,0,0,0,"- ","- ",,,"SAN FRANCISCO","SAN FRANCISCO",-122.42048645019531,37.758537292480469
9561279,2023,2023-04-08,3801,2023-03-01,1557,1173,RICH,3,5,7,3801,0,0,0,,0,901,"GEARY BL","36TH AV",0.00,,Y,A,-,N,,,,,,,,,,N,4,0,1,2,A,-,12,21453,A,N,D,C,A,A,H,-,A,A,0,,,,,Y,,A,01,0,0,1,0,0,0,0,0,0,"- ","- ",,,"SAN FRANCISCO","SAN FRANCISCO",-122.49652862548828,37.779560089111328