CASE_ID,ACCIDENT_YEAR,PROC_DATE,JURIS,COLLISION_DATE,COLLISION_TIME,OFFICER_ID,REPORTING_DISTRICT,DAY_OF_WEEK,CHP_SHIFT,POPULATION,CNTY_CITY_LOC,SPECIAL_COND,BEAT_TYPE,CHP_BEAT_TYPE,CITY_DIVISION_LAPD,CHP_BEAT_CLASS,BEAT_NUMBER,PRIMARY_RD,SECONDARY_RD,DISTANCE,DIRECTION,INTERSECTION,WEATHER_1,WEATHER_2,STATE_HWY_IND,CALTRANS_COUNTY,CALTRANS_DISTRICT,STATE_ROUTE,ROUTE_SUFFIX,POSTMILE_PREFIX,POSTMILE,LOCATION_TYPE,RAMP_INTERSECTION,SIDE_OF_HWY,TOW_AWAY,COLLISION_SEVERITY,NUMBER_KILLED,NUMBER_INJURED,PARTY_COUNT,PRIMARY_COLL_FACTOR,PCF_CODE_OF_VIOL,PCF_VIOL_CATEGORY,PCF_VIOLATION,PCF_VIOL_SUBSECTION,HIT_AND_RUN,TYPE_OF_COLLISION,MVIW,PED_ACTION,ROAD_SURFACE,ROAD_COND_1,ROAD_COND_2,LIGHTING,CONTROL_DEVICE,CHP_ROAD_TYPE,PEDESTRIAN_ACCIDENT,BICYCLE_ACCIDENT,MOTORCYCLE_ACCIDENT,TRUCK_ACCIDENT,NOT_PRIVATE_PROPERTY,ALCOHOL_INVOLVED,STWD_VEHTYPE_AT_FAULT,CHP_VEHTYPE_AT_FAULT,COUNT_SEVERE_INJ,COUNT_VISIBLE_INJ,COUNT_COMPLAINT_PAIN,COUNT_PED_KILLED,COUNT_PED_INJURED,COUNT_BICYCLIST_KILLED,COUNT_BICYCLIST_INJURED,COUNT_MC_KILLED,COUNT_MC_INJURED,PRIMARY_RAMP,SECONDARY_RAMP,LATITUDE,LONGITUDE,COUNTY,CITY,POINT_X,POINT_Y
9561280,2023,2023-04-08,3801,2023-03-23,"741 ",1396,SOUTH,4,5,7,3801,0,0,0,,0,3B11A,"EMBARCADERO S","FOLSOM ST",49.00,S,N,A,-,N,,,,,,,,,,N,3,0,1,2,A,-,03,22350,A,N,C,C,A,A,H,-,A,A,0,,,,,Y,,A,01,0,1,0,0,0,0,0,0,0,SO,"- ",,,"SAN FRANCISCO","SAN FRANCISCO",-122.39003753662109,37.790664672851562
9561281,2023,2023-04-12,3801,2023-02-24,1120,504,NORTH,5,5,7,3801,0,0,0,,0,3E15A,"POLK ST","POST ST",0.00,,Y,B,-,N,,,,,,,,,,N,4,0,1,2,A,-,11,21453,D,N,G,G,A,B,H,-,A,A,0,,,,,Y,,M,94,0,0,1,0,0,0,0,0,0,"- ","- ",,,"SAN FRANCISCO","SAN FRANCISCO",-122.41989898681641,37.786834716796875
9561282,2023,2023-04-12,3801,2023-02-08,2124,2141,TARAV,3,5,7,3801,0,0,0,,0,3I15E,"JUNIPERO SERRA BL","ROSSMOOR DR",120.00,N,N,A,-,N,,,,,,,,,,Y,4,0,1,1,A,-,03,22350,,N,E,I,A,A,H,-,C,D,0,,,,,Y,,A,01,0,0,1,0,0,0,0,0,0,"- ","- ",,,"SAN FRANCISCO","SAN FRANCISCO",-122.47219085693359,37.730430603027344
9561286,2023,2023-04-12,3801,2023-02-10,2030,1136,MISSI,5,5,7,3801,0,0,0,,0,3D16D,"HARRISON ST","13TH ST",0.00,,Y,A,-,N,,,,,,,,,,Y,4,0,1,2,A,-,12,21453,A,N,D,C,A,A,H,-,C,A,0,,,,,Y,,A,01,0,0,1,0,0,0,0,0,0,"- ","- ",,,"SAN FRANCISCO","SAN FRANCISCO",-122.41340637207031,37.769454956054688
9561291,2023,2023-04-12,3801,2023-02-26,1705,1207,SOUTH,7,5,7,3801,0,0,0,,0,0B5,"MISSION ROCK ST","3RD ST",0.00,,Y,B,C,N,,,,,,,,,,N,3,0,3,2,A,-,04,21703,,N,D,C,A,B,H,-,A,A,0,,,,,Y,,A,01,0,1,2,0,0,0,0,0,0,"- ","- ",,,"SAN FRANCISCO","SAN FRANCISCO",-122.38980102539062,37.772918701171875
9561296,2023,2023-04-12,3801,2023-02-24,1730,2143,TARAV,5,5,7,3801,0,0,0,,0,3I15D,"SKYLINE BL","JOHN MUIR DR",0.00,,Y,A,-,N,,,,,,,,,,Y,3,0,4,2,D,-,00,,,N,D,C,A,A,H,-,B,B,0,,,,,Y,,-,"- ",0,1,3,0,0,0,0,0,0,"- ","- ",,,"SAN FRANCISCO","SAN FRANCISCO",-122.50016021728516,37.718944549560547
9561308,2023,2023-05-01,3801,2023-03-21,1601,1897,INGLE,2,5,7,3801,0,0,0,,0,3H15D,"ALEMANY BL","MOUNT VERNON AV",0.00,,Y,C,-,N,,,,,,,,,,N,3,0,1,2,A,-,12,21453,A,N,H,C,A,B,H,-,A,A,0,,,,,Y,,A,01,0,1,0,0,0,0,0,0,0,"- ","- ",,,"SAN FRANCISCO","SAN FRANCISCO",-122.44460296630859,37.716102600097656
9561314,2023,2023-05-08,3801,2023-03-20,1600,1467,SOUTH,1,5,7,3801,0,0,0,,0,1CAR,"BRANNAN ST","COLIN P KELLY JR ST",0.00,,-,A,-,N,,,,,,,,,,N,4,0,1,2,A,-,17,21663,,F,D,G,A,A,H,-,A,D,0,,Y,,,Y,,L,04,0,0,1,0,0,0,1,0,0,"- ","- ",,,"SAN FRANCISCO","SAN FRANCISCO",-122.39127349853516,37.782459259033203
9561315,2023,2023-04-28,3801,2023-03-24,1130,A22051,CENTR,5,5,7,3801,0,0,0,,0,3A3A,"LARKIN ST","NORTH POINT ST",0.00,,Y,A,-,N,,,,,,,,,,N,4,0,1,2,A,-,10,21950,A,N,G,B,B,A,H,-,A,A,0,Y,,,,Y,,A,01,0,0,1,0,1,0,0,0,0,"- ","- ",,,"SAN FRANCISCO","SAN FRANCISCO",-122.4219970703125,37.805507659912109
9561317,2023,2023-05-04,3801,2023-03-25,1423,4102,SOUTH,6,5,7,3801,0,0,0,,0,3B47,"HARRISON ST","12TH ST",106.00,S,N,A,-,N,,,,,,,,,,N,3,0,1,2,A,-,09,21804,A,N,B,G,A,A,H,-,A,D,0,,Y,,,Y,,L,04,0,1,0,0,0,0,1,0,0,"- ","- ",,,"SAN FRANCISCO","SAN FRANCISCO",-122.41323089599609,37.769832611083984
9561318,2023,2023-04-28,3801,2023-03-25,1415,1396,SOUTH,6,5,7,3801,0,0,0,,0,3B13A,"1ST ST","FOLSOM ST",0.00,,Y,A,-,N,,,,,,,,,,N,3,0,1,2,A,-,12,21453,A,F,D,B,B,A,H,-,A,A,0,Y,,,,Y,,A,01,0,1,0,0,1,0,0,0,0,"- ","- ",,,"SAN FRANCISCO","SAN FRANCISCO",-122.39447021484375,37.787319183349609
9561325,2023,2023-05-31,3801,2023-03-27,1641,1182,TARAV,1,5,7,3801,0,0,0,,0,312D,"ORTEGA ST","31ST AV",0.00,,Y,A,-,N,,,,,,,,,,N,3,0,1,2,A,-,09,21802,A,N,D,C,A,A,H,-,A,A,0,,,Y,,Y,,C,03,0,1,0,0,0,0,0,0,1,"- ","- ",,,"SAN FRANCISCO","SAN FRANCISCO",-122.48918914794922,37.751823425292969
9561328,2023,2023-04-19,3801,2023-03-27,1147,2038,PARK,1,5,7,3801,0,0,0,,0,3F11A,"17TH ST","ROOSEVELT WY",0.00,,Y,A,-,N,,,,,,,,,,Y,4,0,1,3,A,-,03,22350,,N,D,C,A,A,H,-,A,A,0,,,,,Y,,A,01,0,0,1,0,0,0,0,0,0,"- ","- ",,,"SAN FRANCISCO","SAN FRANCISCO",-122.44530487060547,37.761867523193359
9561331,2023,2023-04-18,3801,2023-03-22,1600,4201,TENDE,3,5,7,3801,0,0,0,,0,3J12D,"MISSION ST","6TH ST",0.00,,Y,A,-,N,,,,,,,,,,N,4,0,1,2,A,-,00,20001,,N,G,B,B,A,H,-,A,A,0,Y,,,,Y,,A,01,0,0,1,0,1,0,0,0,0,"- ","- ",,,"SAN FRANCISCO","SAN FRANCISCO",-122.40869140625,37.780982971191406
9561332,2023,2023-04-18,3801,2023-03-27,1303,1518,CENTR,1,5,7,3801,0,0,0,,0,3A44C,"NEW MONTGOMERY ST","STEVENSON ST",0.00,,Y,A,-,N,,,,,,,,,,N,4,0,1,2,A,-,11,21954,A,N,C,B,D,A,H,-,A,A,0,Y,,,,Y,,N,60,0,0,1,0,1,0,0,0,0,"- ","- ",,,"SAN FRANCISCO","SAN FRANCISCO",-122.40151214599609,37.788299560546875
9561333,2023,2023-04-18,3801,2023-03-13,2101,1435,TRAFF,1,5,7,3801,0,0,0,,0,4B4C,"DOLORES ST","CUMBERLAND ST",65.00,N,N,-,-,N,,,,,,,,,,N,2,0,1,2,A,-,11,21954,A,N,G,B,E,A,H,-,C,A,0,Y,,,,Y,,N,60,1,0,0,0,1,0,0,0,0,"- ","- ",,,"SAN FRANCISCO","SAN FRANCISCO",-122.42593383789062,37.759208679199219
9561334,2023,2023-04-18,3801,2023-03-07,"856 ",229,MISSI,2,5,7,3801,0,0,0,,0,0D4,"HARRISON ST","26TH ST",0.00,,Y,A,-,N,,,,,,,,,,N,4,0,1,2,A,-,12,22450,A,F,D,C,A,A,H,-,A,-,0,,,,,Y,,A,01,0,0,1,0,0,0,0,0,0,"- ","- ",,,"SAN FRANCISCO","SAN FRANCISCO",-122.41164398193359,37.749439239501953
9561335,2023,2023-04-19,3801,2023-03-08,"953 ",719,CENTR,3,5,7,3801,0,0,0,,0,3A14A,"UNION ST","KEARNY ST",160.00,E,N,A,-,N,,,,,,,,,,Y,4,0,1,2,A,-,21,22106,,N,D,C,A,B,H,-,A,D,0,,,,,Y,,A,01,0,0,1,0,0,0,0,0,0,"- ","- ",,,"SAN FRANCISCO","SAN FRANCISCO",-122.40544128417969,37.800895690917969
9561338,2023,2023-04-19,3801,2023-03-08,1140,1956,TARAV,3,5,7,3801,0,0,0,,0,3CAR,"43RD AV","ULLOA ST",218.00,N,N,A,-,N,,,,,,,,,,N,4,0,1,2,A,-,21,22106,,N,D,C,A,A,H,-,A,D,0,,,,,Y,,A,01,0,0,1,0,0,0,0,0,0,"- ","- ",,,"SAN FRANCISCO","SAN FRANCISCO",-122.50131988525391,37.740657806396484
9561340,2023,2023-04-19,3801,2023-03-12,2232,4115,CENTR,7,5,7,3801,0,0,0,,0,3A11E,BROADWAY,"GRANT AV",54.00,W,N,A,-,N,,,,,,,,,,N,4,0,1,2,A,-,04,21703,,N,C,C,A,B,H,-,C,A,0,,,,,Y,,A,01,0,0,1,0,0,0,0,0,0,"- ","- ",,,"SAN FRANCISCO","SAN FRANCISCO",-122.40717315673828,37.797836303710938
9561346,2023,2023-04-17,3801,2023-03-09,1856,2705,BAYVI,4,5,7,3801,0,0,0,,0,3C11D,"20TH ST","MISSOURI ST",0.00,,Y,C,-,N,,,,,,,,,,N,4,0,1,2,A,-,10,21950,A,F,G,B,B,B,H,-,C,A,0,Y,,,,Y,,-,99,0,0,1,0,1,0,0,0,0,"- ","- ",,,"SAN FRANCISCO","SAN FRANCISCO",-122.39629364013672,37.760032653808594
9561350,2023,2023-04-17,3801,2023-03-11,1350,2401,MISSI,6,5,7,3801,0,0,0,,0,3D44C,"17TH ST","UTAH ST",0.00,,Y,A,-,N,,,,,,,,,,N,3,0,1,2,A,-,07,21658,A,N,D,G,A,A,H,-,A,A,0,,Y,,,Y,,A,01,0,1,0,0,0,0,1,0,0,"- ","- ",,,"SAN FRANCISCO","SAN FRANCISCO",-122.40643310546875,37.764549255371094
9561356,2023,2023-04-21,3801,2023-03-11,2127,2157,RICHM,6,5,7,3801,0,0,0,,0,004,"20TH AV","CABRILLO ST",270.00,N,N,A,-,N,,,,,,,,,,N,4,0,1,2,A,-,03,22350,,N,G,B,D,B,H,-,C,D,0,Y,,,,Y,,A,01,0,0,1,0,1,0,0,0,0,"- ","- ",,,"SAN FRANCISCO","SAN FRANCISCO",-122.47903442382812,37.775428771972656
9561360,2023,2023-04-21,3801,2023-03-05,"949 ",942,TENDE,7,5,7,3801,0,0,0,,0,3J13A,"LEAVENWORTH ST","EDDY ST",0.00,,Y,A,-,N,,,,,,,,,,Y,4,0,1,3,A,-,12,21453,A,N,D,C,A,A,H,-,A,A,0,,,,,Y,,-,"- ",0,0,1,0,0,0,0,0,0,"- ","- ",,,"SAN FRANCISCO","SAN FRANCISCO",-122.41423797607422,37.783729553222656
9565827,2023,2023-04-10,3801,2023-03-26,"911 ",4375,TRAFF,7,5,7,3801,0,0,0,,0,4B1F,"CALIFORNIA ST","STEINER ST",0.00,,Y,A,-,N,,,,,,,,,,Y,4,0,2,2,A,-,12,21453,A,N,D,-,A,A,H,-,A,A,0,,,,,Y,,A,07,0,0,2,0,0,0,0,0,0,"- ","- ",,,"SAN FRANCISCO","SAN FRANCISCO",-122.43549346923828,37.788715362548828
9567978,2023,2023-06-22,3801,2023-05-22,"807 ",937,BAYVI,1,5,7,3801,0,0,0,,0,3C13A,"WHITNEY YOUNG CIR","NEWCOMB AV",0.00,,Y,A,-,N,,,,,,,,,,N,3,0,1,2,A,-,09,21801,A,N,D,G,A,A,H,-,A,D,0,,Y,,,Y,,L,04,0,1,0,0,0,0,1,0,0,"- ","- ",,,"SAN FRANCISCO","SAN FRANCISCO",-122.38455963134766,37.7333984375
9567979,2023,2023-06-22,3801,2023-05-26,2315,1096,CENTR,5,5,7,3801,0,0,0,,0,3A15E,"STEVENSON ST","2ND ST",10.00,W,N,A,-,N,,,,,,,,,,N,2,0,1,2,A,-,03,22350,,F,G,B,E,A,H,-,C,D,0,Y,,,,Y,,A,01,1,0,0,0,1,0,0,0,0,"- ","- ",,,"SAN FRANCISCO","SAN FRANCISCO",-122.40086364746094,37.788780212402344
9567984,2023,2023-06-22,3801,2023-05-28,2028,426,NORTH,7,5,7,3801,0,0,0,,0,3E13D,"POLK ST","OFARRELL ST",0.00,,Y,A,-,N,,,,,,,,,,,3,0,1,2,A,-,09,21801,,N,B,C,A,A,H,-,C,A,0,,,Y,,Y,,A,01,0,1,0,0,0,0,0,0,1,"- ","- ",,,"SAN FRANCISCO","SAN FRANCISCO",-122.41954803466797,37.784969329833984
9567985,2023,2023-06-22,3801,2023-05-22,1821,1523,NORTH,1,5,7,3801,0,0,0,,0,"2 CAR","TURK ST","STEINER ST",0.00,,Y,A,-,N,,,,,,,,,,Y,4,0,3,2,A,-,12,21453,A,N,D,C,A,A,H,-,A,A,0,,,,,Y,,A,07,0,0,3,0,0,0,0,0,0,"- ","- ",,,"SAN FRANCISCO","SAN FRANCISCO",-122.43376922607422,37.780300140380859
9567987,2023,2023-06-22,3801,2023-05-21,1825,2186,INGLE,7,5,7,3801,0,0,0,,0,,"GENEVA AV","TARA ST",0.00,,Y,A,-,N,,,,,,,,,,Y,4,0,1,2,-,-,"- ",,,N,D,D,A,A,H,-,A,A,0,,,,,Y,Y,-,"- ",0,0,1,0,0,0,0,0,0,"- ","- ",,,"SAN FRANCISCO","SAN FRANCISCO",-122.44855499267578,37.721244812011719
9567989,2023,2023-06-22,3801,2023-05-19,1541,2748,INGLE,5,5,7,3801,0,0,0,,0,3H16D,"DELANO AV","SAN JUAN AV",0.00,,Y,B,-,N,,,,,,,,,,N,4,0,1,2,-,-,"- ",,,N,G,B,F,A,H,-,A,D,0,Y,,,,Y,,-,"- ",0,0,1,0,1,0,0,0,0,"- ","- ",,,"SAN FRANCISCO","SAN FRANCISCO",-122.44050598144531,37.726444244384766
9567995,2023,2023-06-22,3801,2023-05-01,1806,172,RICHM,1,5,7,3801,0,0,0,,0,004,"GEARY BL","25TH AV",0.00,,Y,A,-,N,,,,,,,,,,Y,4,0,2,3,A,-,12,21453,A,N,D,C,A,A,H,-,-,A,0,,,,,Y,,A,01,0,0,2,0,0,0,0,0,0,"- ","- ",,,"SAN FRANCISCO","SAN FRANCISCO",-122.4847412109375,37.780162811279297
9567997,2023,2023-06-22,3801,2023-05-06,1215,2495,BAYVI,6,5,7,3801,0,0,0,,0,005,"CARROLL AV","3RD ST",8.00,E,N,A,-,N,,,,,,,,,,Y,4,0,1,2,A,-,03,22350,,N,G,B,B,A,H,-,A,A,0,Y,,,,Y,,A,01,0,0,1,0,1,0,0,0,0,"- ","- ",,,"SAN FRANCISCO","SAN FRANCISCO",-122.39430999755859,37.725532531738281
9568546,2023,2023-06-30,3801,2023-04-30,"224 ",2293,NORTH,7,5,7,3801,0,0,0,,0,1CAR,"VAN NESS AV","FELL ST",0.00,,Y,A,-,Y,SF,4,101,-,T,4.948,I,5,S,N,2,0,1,2,A,-,12,21453,A,F,G,B,B,A,H,-,C,A,0,Y,,,,Y,,-,99,1,0,0,0,1,0,0,0,0,"- ","- ",,,"SAN FRANCISCO","SAN FRANCISCO",-122.41959381103516,37.776355743408203
9568554,2023,2023-05-09,3801,2023-04-01,1044,1474,BAYVI,6,5,7,3801,0,0,0,,0,901,"3RD ST","3RD ST 6214",11.00,E,N,A,-,N,,,,,,,,,,N,4,0,1,2,A,-,08,22107,,F,C,G,A,A,H,-,A,D,0,,Y,,,Y,Y,A,01,0,0,1,0,0,0,1,0,0,"- ","- ",,,"SAN FRANCISCO","SAN FRANCISCO",-122.39082336425781,37.777328491210938
9569044,2023,2023-06-16,3801,2023-04-21,"320 ",2142,NORTH,5,5,7,3801,0,0,0,,0,3E13E,"VAN NESS AV","GEARY ST",0.00,,Y,A,-,Y,SF,4,101,-,-,5.620,H,-,S,N,4,0,1,2,A,-,04,21703,,N,C,C,A,A,H,-,C,A,0,,,,,Y,,A,07,0,0,1,0,0,0,0,0,0,"- ","- ",,,"SAN FRANCISCO","SAN FRANCISCO",-122.4215087890625,37.785816192626953
9572290,2023,2023-06-07,3801,2023-05-13,1435,23133176,NORTH,6,5,7,3801,0,0,0,,0,3E11A,"OAK ST",DIVISADERO,195.00,E,N,A,-,N,,,,,,,,,,N,3,0,1,1,D,-,00,,,N,E,I,A,A,H,-,A,D,0,,Y,,,Y,,-,"- ",0,1,0,0,0,0,1,0,0,"- ","- ",,,"SAN FRANCISCO","SAN FRANCISCO",-122.43675994873047,37.773212432861328
9572292,2023,2023-06-07,3801,2023-05-14,1317,93,NORTH,7,5,7,3801,0,0,0,,0,3E13C,"FRANKLIN ST","ELLIS ST",37.00,S,N,A,-,N,,,,,,,,,,Y,4,0,1,2,A,-,01,23152,A,N,C,C,A,A,H,-,A,A,0,,,,,Y,Y,A,01,0,0,1,0,0,0,0,0,0,"- ","- ",,,"SAN FRANCISCO","SAN FRANCISCO",-122.42262268066406,37.783512115478516
9572296,2023,2023-06-07,3801,2023-05-11,"829 ",1857,NORTH,4,5,7,3801,0,0,0,,0,3E61,"DIVISADERO ST","GEARY BL",65.00,S,N,A,-,N,,,,,,,,,,N,3,0,1,2,D,-,00,,,F,B,C,A,A,H,-,A,A,0,,,Y,,Y,,-,"- ",0,1,0,0,0,0,0,0,1,"- ","- ",,,"SAN FRANCISCO","SAN FRANCISCO",-122.43944549560547,37.783184051513672
9572305,2023,2023-06-07,3801,2023-05-12,2337,1463,SOUTH,5,5,7,3801,0,0,0,,0,0B5,"TOWNSEND ST","3RD ST",0.00,,Y,A,-,N,,,,,,,,,,Y,4,0,1,2,D,-,00,,,N,G,B,B,A,H,-,C,A,0,Y,,,,Y,Y,-,"- ",0,0,1,0,1,0,0,0,0,"- ","- ",,,"SAN FRANCISCO","SAN FRANCISCO",-122.39275360107422,37.778858184814453
9572306,2023,2023-06-07,3801,2023-05-10,1025,1572,SOUTH,3,5,7,3801,0,0,0,,0,3B1A,"FREMONT ST","FOLSOM ST",0.00,,Y,A,-,N,,,,,,,,,,Y,3,0,2,1,A,-,03,22350,A,N,A,I,A,A,H,-,A,A,0,,,,,Y,,-,,0,1,1,0,0,0,0,0,0,"- ","- ",,,"SAN FRANCISCO","SAN FRANCISCO",-122.39360046386719,37.788002014160156
9572407,2023,2023-06-13,3801,2023-05-29,"417 ",1769,BAYVI,1,5,7,3801,0,0,0,,0,3C13E,"INGALLS ST","LA SALLE AV",25.00,S,N,A,-,N,,,,,,,,,,Y,3,0,2,1,A,-,03,22350,,N,E,I,A,A,H,-,C,A,0,,,,,Y,,A,01,0,2,0,0,0,0,0,0,0,"- ","- ",,,"SAN FRANCISCO","SAN FRANCISCO",-122.38134765625,37.7305908203125
9572413,2023,2023-06-09,3801,2023-05-10,2206,1806,BAYVI,3,5,7,3801,0,0,0,,0,3C13E,"18TH ST","MINNESOTA ST",18.00,E,N,A,G,N,,,,,,,,,,Y,4,0,1,3,A,-,01,23152,A,N,H,E,A,A,H,-,C,A,0,,,,,Y,Y,A,01,0,0,1,0,0,0,0,0,0,"- ","- ",,,"SAN FRANCISCO","SAN FRANCISCO",-122.39064788818359,37.762935638427734
9572415,2023,2023-06-09,3801,2023-05-04,"933 ",2195,NORTH,4,5,7,3801,0,0,0,,0,,"FRANKLIN ST","SACRAMENTO ST",0.00,,Y,A,-,N,,,,,,,,,,N,3,0,1,2,B,-,22,,,N,C,C,A,-,H,-,A,D,0,,,Y,,Y,,A,01,0,1,0,0,0,0,0,0,1,"- ","- ",,,"SAN FRANCISCO","SAN FRANCISCO",-122.42416381835938,37.791088104248047
9572416,2023,2023-06-09,3801,2023-05-03,1442,327,MISSI,3,5,7,3801,0,0,0,,0,3D16C,"POTRERO AV","18TH ST",0.00,,Y,C,-,N,,,,,,,,,,N,4,0,1,2,A,-,12,21453,A,N,D,G,A,B,H,-,A,A,0,,Y,,,Y,,A,01,0,0,1,0,0,0,1,0,0,"- ","- ",,,"SAN FRANCISCO","SAN FRANCISCO",-122.40721893310547,37.761928558349609
9572417,2023,2023-06-09,3801,2023-05-01,1354,1514,MISSI,1,5,7,3801,0,0,0,,0,,"CASTRO ST","CLIPPER ST",0.00,,Y,A,-,N,,,,,,,,,,N,4,0,2,2,A,-,12,22450,A,N,D,C,A,A,H,-,A,A,0,,,,,Y,,A,07,0,0,2,0,0,0,0,0,0,"- ","- ",,,"SAN FRANCISCO","SAN FRANCISCO",-122.433837890625,37.748897552490234
9572418,2023,2023-06-09,3801,2023-05-05,1431,1431,TENDE,5,5,7,3801,0,0,0,,0,3J90D,"LARKIN ST","EDDY ST",0.00,,Y,A,-,N,,,,,,,,,,N,3,0,1,2,A,-,11,21453,D,N,G,B,B,A,H,-,A,A,0,Y,,,,Y,Y,N,60,0,1,0,0,1,0,0,0,0,"- ","- ",,,"SAN FRANCISCO","SAN FRANCISCO",-122.41751861572266,37.783294677734375
9572421,2023,2023-06-09,3801,2023-05-03,1725,2089,TENDE,3,5,7,3801,0,0,0,,0,COJ5CA,"OFARRELL ST","LARKIN ST",0.00,,Y,A,-,N,,,,,,,,,,N,4,0,1,2,A,-,10,21950,A,N,G,B,B,B,H,-,A,A,0,Y,,,,Y,,A,07,0,0,1,0,1,0,0,0,0,"- ","- ",,,"SAN FRANCISCO","SAN FRANCISCO",-122.41790008544922,37.785167694091797
9572424,2023,2023-06-09,3801,2023-05-08,1530,1565,SOUTH,1,5,7,3801,0,0,0,,0,3B14D,"FOLSOM ST","11TH ST",173.00,E,N,A,-,N,,,,,,,,,,N,3,0,1,2,A,-,09,21804,A,N,B,C,A,A,H,-,A,D,0,,,Y,,Y,,A,01,0,1,0,0,0,0,0,0,1,"- ","- ",,,"SAN FRANCISCO","SAN FRANCISCO",-122.41358184814453,37.772212982177734
9572429,2023,2023-06-09,3801,2023-05-01,1810,2733,TARAV,1,5,7,3801,0,0,0,,0,0I6,"ALEMANY BL","BROTHERHOOD WY",0.00,,Y,A,-,N,,,,,,,,,,Y,4,0,3,2,A,-,12,21453,A,N,D,C,A,A,H,-,A,A,0,,,,,Y,,A,01,0,0,3,0,0,0,0,0,0,"- ","- ",,,"SAN FRANCISCO","SAN FRANCISCO",-122.46389770507812,37.711612701416016
9572432,2023,2023-06-09,3801,2023-05-01,1640,1368,CENTR,1,5,7,3801,0,0,0,,0,3A12D,"LARKIN ST","CALIFORNIA ST",0.00,,Y,A,-,N,,,,,,,,,,Y,4,0,1,2,A,-,12,21453,A,N,D,C,A,A,H,-,A,A,0,,,,,Y,,A,01,0,0,1,0,0,0,0,0,0,"- ","- ",,,"SAN FRANCISCO","SAN FRANCISCO",-122.41903686523438,37.790794372558594
9572439,2023,2023-06-13,3801,2023-05-01,1835,2139,TARAV,1,5,7,3801,0,0,0,,0,901,"HOLLOWAY AV","ARELLANO AV",0.00,,Y,A,-,N,,,,,,,,,,Y,4,0,1,2,A,-,10,21950,A,N,G,B,B,A,H,-,A,A,0,Y,,,,Y,,A,01,0,0,1,0,1,0,0,0,0,"- ","- ",,,"SAN FRANCISCO","SAN FRANCISCO",-122.47900390625,37.720882415771484
9572441,2023,2023-06-13,3801,2023-05-02,"40  ",2469,SOUTH,2,5,7,3801,0,0,0,,0,3B14E,"FOLSOM ST","FOLSOM ST 917",0.00,,Y,A,-,N,,,,,,,,,,N,3,0,1,2,A,-,03,22350,,N,H,E,A,A,H,-,C,A,0,,,,,Y,,M,94,0,1,0,0,0,0,0,0,0,"- ","- ",,,"SAN FRANCISCO","SAN FRANCISCO",,
9572442,2023,2023-06-16,3801,2023-05-01,"915 ",2180,BAYVI,1,5,7,3801,0,0,0,,0,3C2A,"EVANS AV","PHELPS ST",0.00,,Y,A,B,N,,,,,,,,,,Y,4,0,2,2,A,-,03,22350,,N,C,C,A,A,H,-,A,A,0,,,,,Y,,A,07,0,0,2,0,0,0,0,0,0,"- ","- ",,,"SAN FRANCISCO","SAN FRANCISCO",-122.38845062255859,37.742977142333984
9572444,2023,2023-08-08,3801,2023-05-15,1446,1194,TENDE,1,5,7,3801,0,0,0,,0,0J5,"CYRIL MAGNIN ST","ELLIS ST",0.00,,Y,A,-,N,,,,,,,,,,Y,4,0,2,2,A,-,12,21453,A,N,D,C,A,A,H,-,A,A,0,,,,,Y,,A,01,0,0,2,0,0,0,0,0,0,"- ","- ",,,"SAN FRANCISCO","SAN FRANCISCO",-122.40866088867188,37.785427093505859
9572447,2023,2023-06-13,3801,2023-05-31,1731,1170,TENDE,3,5,7,3801,0,0,0,,0,3J13D,"LARKIN ST","EDDY ST",0.00,,Y,A,-,N,,,,,,,,,,N,4,0,1,2,A,-,12,21453,A,N,D,C,A,A,H,-,A,A,0,,,,,Y,,M,94,0,0,1,0,0,0,0,0,0,"- ","- ",,,"SAN FRANCISCO","SAN FRANCISCO",-122.41751861572266,37.783294677734375
9572450,2023,2023-06-13,3801,2023-05-30,2149,2497,BAYVI,2,5,7,3801,0,0,0,,0,,"OAKDALE AV","TOLAND ST",0.00,,Y,A,-,N,,,,,,,,,,Y,4,0,1,2,A,-,03,22350,,N,D,C,A,A,H,-,C,A,0,,,,,Y,,A,01,0,0,1,0,0,0,0,0,0,"- ","- ",,,"SAN FRANCISCO","SAN FRANCISCO",-122.40155029296875,37.740951538085938
9572452,2023,2023-06-13,3801,2023-05-25,1120,2263,TARAV,4,5,7,3801,0,0,0,,0,3115A,"EUCALYPTUS DR","19TH AV",85.00,E,N,A,-,N,,,,,,,,,,N,4,0,1,2,A,-,09,21800,C,N,D,F,A,A,H,-,A,-,0,,,,,Y,,A,01,0,0,1,0,0,0,0,0,0,"- ","- ",,,"SAN FRANCISCO","SAN FRANCISCO",-122.47457885742188,37.7310791015625
9572453,2023,2023-06-14,3801,2023-05-25,1435,2707,TARAV,4,5,7,3801,0,0,0,,0,2CAR,"ORTEGA ST","29TH AV",0.00,,Y,A,-,N,,,,,,,,,,,3,0,1,2,A,-,12,22450,A,N,D,C,A,A,H,-,A,A,0,,,Y,,Y,,C,03,0,1,0,0,0,0,0,0,1,"- ","- ",,,"SAN FRANCISCO","SAN FRANCISCO",-122.487060546875,37.751884460449219
9572457,2023,2023-06-14,3801,2023-05-24,1037,1538,MISSI,3,5,7,3801,0,0,0,,0,901,"LARKIN ST","OLIVE ST",42.00,E,N,A,-,N,,,,,,,,,,N,3,0,1,2,A,-,11,21954,A,N,G,B,E,A,H,-,A,D,0,Y,,,,Y,,N,60,0,1,0,0,1,0,0,0,0,"- ","- ",,,"SAN FRANCISCO","SAN FRANCISCO",-122.41779327392578,37.78460693359375