CASE_ID,ACCIDENT_YEAR,PROC_DATE,JURIS,COLLISION_DATE,COLLISION_TIME,OFFICER_ID,REPORTING_DISTRICT,DAY_OF_WEEK,CHP_SHIFT,POPULATION,CNTY_CITY_LOC,SPECIAL_COND,BEAT_TYPE,CHP_BEAT_TYPE,CITY_DIVISION_LAPD,CHP_BEAT_CLASS,BEAT_NUMBER,PRIMARY_RD,SECONDARY_RD,DISTANCE,DIRECTION,INTERSECTION,WEATHER_1,WEATHER_2,STATE_HWY_IND,CALTRANS_COUNTY,CALTRANS_DISTRICT,STATE_ROUTE,ROUTE_SUFFIX,POSTMILE_PREFIX,POSTMILE,LOCATION_TYPE,RAMP_INTERSECTION,SIDE_OF_HWY,TOW_AWAY,COLLISION_SEVERITY,NUMBER_KILLED,NUMBER_INJURED,PARTY_COUNT,PRIMARY_COLL_FACTOR,PCF_CODE_OF_VIOL,PCF_VIOL_CATEGORY,PCF_VIOLATION,PCF_VIOL_SUBSECTION,HIT_AND_RUN,TYPE_OF_COLLISION,MVIW,PED_ACTION,ROAD_SURFACE,ROAD_COND_1,ROAD_COND_2,LIGHTING,CONTROL_DEVICE,CHP_ROAD_TYPE,PEDESTRIAN_ACCIDENT,BICYCLE_ACCIDENT,MOTORCYCLE_ACCIDENT,TRUCK_ACCIDENT,NOT_PRIVATE_PROPERTY,ALCOHOL_INVOLVED,STWD_VEHTYPE_AT_FAULT,CHP_VEHTYPE_AT_FAULT,COUNT_SEVERE_INJ,COUNT_VISIBLE_INJ,COUNT_COMPLAINT_PAIN,COUNT_PED_KILLED,COUNT_PED_INJURED,COUNT_BICYCLIST_KILLED,COUNT_BICYCLIST_INJURED,COUNT_MC_KILLED,COUNT_MC_INJURED,PRIMARY_RAMP,SECONDARY_RAMP,LATITUDE,LONGITUDE,COUNTY,CITY,POINT_X,POINT_Y
9572458,2023,2023-06-14,3801,2023-05-25,1548,2147,NORTH,4,5,7,3801,0,0,0,,0,2CAR,"FULTON ST","STEINER ST",0.00,,Y,A,-,N,,,,,,,,,,N,3,0,1,2,A,-,08,22108,,N,D,G,A,A,H,-,A,A,0,,Y,,,Y,,A,08,0,1,0,0,0,0,1,0,0,"- ","- ",,,"SAN FRANCISCO","SAN FRANCISCO",-122.43321228027344,37.777492523193359
9572463,2023,2023-06-14,3801,2023-05-04,1638,1931,NORTH,4,5,7,3801,0,0,0,,0,3E14D,"GOUGH ST","FERN ST",0.00,,Y,A,-,N,,,,,,,,,,Y,4,0,1,2,A,-,08,22107,,N,C,C,A,A,H,-,A,A,0,,,Y,,Y,Y,A,01,0,0,1,0,0,0,0,0,1,"- ","- ",,,"SAN FRANCISCO","SAN FRANCISCO",-122.42514038085938,37.787605285644531
9572465,2023,2023-06-14,3801,2023-05-07,1625,2354,TARAV,7,5,7,3801,0,0,0,,0,3CAR,"41ST AV","ORTEGA ST",0.00,S,N,A,-,N,,,,,,,,,,N,3,0,1,2,A,-,08,22107,,F,D,G,A,A,H,-,A,D,0,,Y,,,Y,,-,99,0,1,0,0,0,0,1,0,0,"- ","- ",,,"SAN FRANCISCO","SAN FRANCISCO",-122.49990844726562,37.751335144042969
9572468,2023,2023-06-14,3801,2023-05-26,1820,2147,NORTH,5,5,7,3801,0,0,0,,0,1CAR,"WEBSTER ST","PAGE ST",0.00,,Y,B,-,N,,,,,,,,,,N,4,0,1,2,A,-,12,22450,A,F,D,G,A,A,H,-,-,A,0,,Y,,,Y,,A,01,0,0,1,0,0,0,1,0,0,"- ","- ",,,"SAN FRANCISCO","SAN FRANCISCO",-122.42897033691406,37.773250579833984
9572469,2023,2023-06-16,3801,2023-05-25,"940 ",595,NORTH,4,5,7,3801,0,0,0,,0,3E15D,"MCALLISTER ST","WEBSTER ST",0.00,,Y,A,-,N,,,,,,,,,,N,3,0,1,2,A,-,03,22350,,N,H,J,A,A,H,-,A,D,0,,,,,Y,,A,01,0,1,0,0,0,0,0,0,0,"- ","- ",,,"SAN FRANCISCO","SAN FRANCISCO",-122.43010711669922,37.778839111328125
9572470,2023,2023-06-14,3801,2023-05-27,2302,727,BAYVI,6,5,7,3801,0,0,0,,0,3C15E,"CAMBRIDGE ST","PIOCHE ST",192.00,S,N,A,-,N,,,,,,,,,,Y,4,0,1,2,A,-,03,22350,,N,B,E,A,A,H,-,C,D,0,,,,,Y,,A,01,0,0,1,0,0,0,0,0,0,"- ","- ",,,"SAN FRANCISCO","SAN FRANCISCO",-122.41920471191406,37.728324890136719
9572472,2023,2023-06-14,3801,2023-05-26,1505,1355,TARAV,5,5,7,3801,0,0,0,,0,3I15D,"IRVING ST","25TH AV",45.00,E,N,A,-,N,,,,,,,,,,N,3,0,1,2,A,-,21,22106,,N,G,B,D,A,H,-,A,D,0,Y,,,,Y,,A,01,0,1,0,0,1,0,0,0,0,"- ","- ",,,"SAN FRANCISCO","SAN FRANCISCO",-122.48340606689453,37.763286590576172
9572474,2023,2023-06-13,3801,2023-05-31,"120 ",1769,BAYVI,3,5,7,3801,0,0,0,,0,3C13E,"INNES AV","3RD ST",0.00,,Y,A,-,N,,,,,,,,,,Y,4,0,1,2,A,-,00,20002,A,M,D,C,A,A,H,-,C,A,0,,,,,Y,,A,01,0,0,1,0,0,0,0,0,0,"- ","- ",,,"SAN FRANCISCO","SAN FRANCISCO",-122.38909149169922,37.739555358886719
9572527,2023,2023-06-13,3801,2023-05-12,2150,1833,TENDE,5,5,7,3801,0,0,0,,0,3J13D,"LARKIN ST","MCALLISTER ST",0.00,,Y,A,-,N,,,,,,,,,,N,4,0,1,2,A,-,10,21950,A,N,G,B,B,A,H,-,C,A,0,Y,,,,Y,,A,01,0,0,1,0,1,0,0,0,0,"- ","- ",,,"SAN FRANCISCO","SAN FRANCISCO",-122.41693878173828,37.780498504638672
9573026,2023,2023-05-06,3801,2023-04-21,2358,2457,SOUTH,5,5,7,3801,0,0,0,,0,3B14E,"MARKERT ST","VALENCIA ST",0.00,,Y,A,-,N,,,,,,,,,,N,2,0,1,2,A,-,03,22350,,F,A,C,A,A,H,-,C,A,0,,,,,Y,,-,,1,0,0,0,0,0,0,0,0,"- ","- ",,,"SAN FRANCISCO","SAN FRANCISCO",-122.42262268066406,37.772548675537109
9573028,2023,2023-05-06,3801,2023-04-19,1644,1520,BAYVI,3,5,7,3801,0,0,0,,0,0C2,"NEWHALL ST","BAYVIEW CIR",0.00,,Y,A,-,N,,,,,,,,,,Y,4,0,1,2,A,-,12,22450,,N,D,C,A,A,H,-,A,A,0,,,,,Y,,A,01,0,0,1,0,0,0,0,0,0,"- ","- ",,,"SAN FRANCISCO","SAN FRANCISCO",-122.39464569091797,37.732940673828125
9573030,2023,2023-05-06,3801,2023-04-23,"232 ",709,BAYVI,7,5,7,3801,0,0,0,,0,3C11E,"DAKOTA ST","23RD ST",207.00,E,N,A,-,N,,,,,,,,,,N,4,0,1,2,A,-,03,22350,,N,G,B,E,A,H,-,C,D,0,Y,,,,Y,,A,01,0,0,1,0,1,0,0,0,0,"- ","- ",,,"SAN FRANCISCO","SAN FRANCISCO",-122.39623260498047,37.754261016845703
9573031,2023,2023-05-06,3801,2023-04-20,"702 ",2402,TARAV,4,5,7,3801,0,0,0,,0,3I1A,"VICENTE ST","27TH AV",0.00,,Y,A,-,N,,,,,,,,,,N,3,0,1,2,A,-,10,21950,A,N,G,B,D,A,H,-,A,D,0,Y,,,,Y,,A,07,0,1,0,0,1,0,0,0,0,"- ","- ",,,"SAN FRANCISCO","SAN FRANCISCO",-122.48398590087891,37.738960266113281
9573032,2023,2023-05-06,3801,2023-04-18,"549 ",1024,TARAV,2,5,7,3801,0,0,0,,0,3I1E,"19TH AV","KIRKHAM ST",0.00,,Y,A,-,N,,,,,,,,,,N,2,0,1,2,A,-,12,21453,A,N,D,G,A,A,H,-,B,A,0,,Y,,,Y,,L,04,1,0,0,0,0,0,1,0,0,"- ","- ",,,"SAN FRANCISCO","SAN FRANCISCO",-122.47682952880859,37.759834289550781
9573036,2023,2023-05-06,3801,2023-04-21,1255,1917,TARAV,5,5,7,3801,0,0,0,,0,3I16A,"OCEAN AV","JULES AV",0.00,,Y,A,-,N,,,,,,,,,,N,4,0,1,2,A,-,08,22107,,N,B,C,A,A,H,-,A,A,0,,,,,Y,,A,07,0,0,1,0,0,0,0,0,0,"- ","- ",,,"SAN FRANCISCO","SAN FRANCISCO",-122.46123504638672,37.724948883056641
9573037,2023,2023-05-06,3801,2023-04-21,2344,2357,TARAV,5,5,7,3801,0,0,0,,0,3I16E,"BROTHERHOOD WY","ALEMANY BL",190.00,W,N,A,-,N,,,,,,,,,,Y,4,0,2,2,A,-,05,21651,B,N,A,C,A,A,-,-,C,D,0,,,,,Y,,A,01,0,0,2,0,0,0,0,0,0,"- ","- ",,,"SAN FRANCISCO","SAN FRANCISCO",-122.46424865722656,37.712047576904297
9573040,2023,2023-05-06,3801,2023-04-29,"116 ",1024,TENDE,6,5,7,3801,0,0,0,,0,3J13E,"ELLIS ST","HYDE ST",0.00,,Y,A,-,N,,,,,,,,,,N,4,0,2,3,A,-,10,21950,A,N,G,B,B,A,H,-,C,A,0,Y,,,,Y,,A,07,0,0,2,0,2,0,0,0,0,"- ","- ",,,"SAN FRANCISCO","SAN FRANCISCO",-122.41606140136719,37.784446716308594
9573161,2023,2023-06-19,3801,2023-04-28,2240,2727,INGLE,5,5,7,3801,0,0,0,,0,3H13E,"SAN JOSE AV","RANDALL ST",320.00,S,N,A,-,N,,,,,,,,,,Y,4,0,1,2,A,-,01,23152,A,N,C,-,A,A,H,-,C,D,0,,,,,Y,Y,A,01,0,0,1,0,0,0,0,0,0,"- ","- ",,,"SAN FRANCISCO","SAN FRANCISCO",-122.42453765869141,37.739009857177734
9573165,2023,2023-05-12,3801,2023-04-05,1238,4286,RICHM,3,5,7,3801,0,0,0,,0,0G2,"CALIFORNIA ST","LOCUST ST",100.00,W,N,A,-,N,,,,,,,,,,N,4,0,1,2,A,-,11,21954,A,N,G,B,E,A,H,-,A,D,0,Y,,,,Y,,N,60,0,0,1,0,1,0,0,0,0,"- ","- ",,,"SAN FRANCISCO","SAN FRANCISCO",-122.45209503173828,37.786567687988281
9573169,2023,2023-06-27,3801,2023-04-12,1518,2272,BAYVI,3,5,7,3801,0,0,0,,0,3C11D,"ILLINOIS ST","20TH ST",318.00,,N,A,-,N,,,,,,,,,,N,4,0,1,2,A,-,07,21658,A,M,D,E,A,A,H,-,A,D,0,,,,,Y,,-,,0,0,1,0,0,0,0,0,0,"- ","- ",,,"SAN FRANCISCO","SAN FRANCISCO",-122.38758087158203,37.760562896728516
9573208,2023,2023-05-12,3801,2023-04-16,1022,1514,MISSI,7,5,7,3801,0,0,0,,0,,"13TH ST","S VAN NESS AV",0.00,,Y,A,-,N,,,,,,,,,,N,4,0,2,3,A,-,12,21453,A,N,D,C,A,B,H,-,A,A,0,,,,,Y,,A,01,0,0,2,0,0,0,0,0,0,"- ","- ",,,"SAN FRANCISCO","SAN FRANCISCO",-122.41777801513672,37.7696533203125
9573256,2023,2023-05-12,3801,2023-04-02,2200,2497,BAYVI,7,5,7,3801,0,0,0,,0,3C12E,"BAYSHORE BL","CORTLAND AV",0.00,,Y,A,-,N,,,,,,,,,,Y,4,0,2,2,A,-,03,22350,,F,C,C,A,A,H,-,C,A,0,,,,,Y,,D,22,0,0,2,0,0,0,0,0,0,"- ","- ",,,"SAN FRANCISCO","SAN FRANCISCO",-122.40699005126953,37.739582061767578
9573260,2023,2023-05-08,3801,2023-03-29,1227,1771,MISSI,3,5,7,3801,0,0,0,,0,,"CESAR CHAVEZ ST","CESAR CHAVEZ ST 3215",0.00,,Y,C,-,N,,,,,,,,,,N,4,0,2,3,A,-,03,22350,A,N,C,C,A,B,H,-,A,D,0,,,,,Y,,A,01,0,0,2,0,0,0,0,0,0,"- ","- ",,,"SAN FRANCISCO","SAN FRANCISCO",-122.42382049560547,37.7479248046875
9573264,2023,2023-05-09,3801,2023-03-30,1600,1246,BAYVI,4,5,7,3801,0,0,0,,0,3C15D,"INGALLS ST","BANCROFT AV",26.00,N,N,A,-,N,,,,,,,,,,N,3,0,1,2,A,-,00,23103,A,F,B,C,A,A,H,-,A,D,0,,,,,Y,,A,07,0,1,0,0,0,0,0,0,0,"- ","- ",,,"SAN FRANCISCO","SAN FRANCISCO",-122.38899993896484,37.723548889160156
9573268,2023,2023-05-12,3801,2023-04-13,1429,643,TARAV,4,5,7,3801,0,0,0,,0,3I2B,"TARAVAL ST","32ND AV",0.00,,Y,A,-,N,,,,,,,,,,N,2,0,2,3,A,-,10,21950,A,N,G,B,B,A,H,-,A,A,0,Y,,,,Y,,D,23,1,1,0,0,2,0,0,0,0,"- ","- ",,,"SAN FRANCISCO","SAN FRANCISCO",-122.48963165283203,37.742427825927734
9573281,2023,2023-05-13,3801,2023-04-24,1345,1325,TENDE,1,5,7,3801,0,0,0,,0,3J91C,"TAYLOR ST","MARKET ST",0.00,,N,A,-,N,,,,,,,,,,N,4,0,1,2,A,-,10,21950,A,N,G,B,-,A,-,-,-,A,0,Y,,,,Y,,A,01,0,0,1,0,1,0,0,0,0,"- ","- ",,,"SAN FRANCISCO","SAN FRANCISCO",-122.41030120849609,37.782241821289062
9573282,2023,2023-05-13,3801,2023-04-27,2338,2474,TENDE,4,5,7,3801,0,0,0,,0,3J14E,"MARKET ST","MASON ST",0.00,,Y,A,-,N,,,,,,,,,,N,3,0,1,1,A,-,08,22107,,N,H,A,A,A,H,-,C,D,0,,Y,,,Y,Y,L,04,0,1,0,0,0,0,1,0,0,"- ","- ",,,"SAN FRANCISCO","SAN FRANCISCO",-122.40908050537109,37.783233642578125
9573286,2023,2023-05-13,3801,2023-04-26,2042,964,NORTH,3,5,7,3801,0,0,0,,0,3E13D,"BUSH ST","GOUGH ST",0.00,,Y,A,-,N,,,,,,,,,,N,3,0,1,2,A,-,10,21950,A,N,A,B,B,A,H,-,C,A,0,Y,,,,Y,,A,01,0,1,0,0,1,0,0,0,0,"- ","- ",,,"SAN FRANCISCO","SAN FRANCISCO",-122.42523956298828,37.788066864013672
9573290,2023,2023-05-13,3801,2023-04-18,"926 ",817,TENDE,2,5,7,3801,0,0,0,,0,3J13A,"EDDY ST","HYDE ST",0.00,,Y,A,-,N,,,,,,,,,,,3,0,1,2,A,-,12,21453,A,F,-,B,B,A,H,-,A,A,0,Y,,,,Y,,A,01,0,1,0,0,1,0,0,0,0,"- ","- ",,,"SAN FRANCISCO","SAN FRANCISCO",-122.41588592529297,37.783512115478516
9573293,2023,2023-05-13,3801,2023-04-09,1851,1166,INGLE,7,5,7,3801,0,0,0,,0,3H16D,"MANSELL ST","VISITACION AV",79.00,N,N,A,-,N,,,,,,,,,,Y,2,0,1,1,A,-,01,23152,A,N,E,I,A,A,H,-,A,-,0,,,,,Y,Y,A,01,1,0,0,0,0,0,0,0,0,"- ","- ",,,"SAN FRANCISCO","SAN FRANCISCO",-122.411376953125,37.718727111816406
9573294,2023,2023-05-13,3801,2023-04-08,1647,2705,BAYVI,6,5,7,3801,0,0,0,,0,3C11D,"MARIPOSA ST","INDIANA ST",0.00,,Y,-,-,N,,,,,,,,,,N,3,0,1,2,A,-,04,21703,,F,C,G,A,A,H,-,A,D,0,,Y,,,Y,Y,-,,0,1,0,0,0,0,0,0,0,"- ","- ",,,"SAN FRANCISCO","SAN FRANCISCO",-122.39177703857422,37.764152526855469
9573299,2023,2023-05-13,3801,2023-04-12,"856 ",4294,NORTH,3,5,7,3801,0,0,0,,0,0E3,"POLK ST","MCALLISTER ST",45.00,N,N,A,-,N,,,,,,,,,,N,4,0,1,2,A,-,17,22517,,N,B,G,A,A,H,-,A,D,0,,Y,,,Y,,A,01,0,0,1,0,0,0,1,0,0,"- ","- ",,,"SAN FRANCISCO","SAN FRANCISCO",-122.41862487792969,37.780391693115234
9573302,2023,2023-05-13,3801,2023-04-11,1514,1857,NORTH,2,5,7,3801,0,0,0,,0,3E61,"OFARRELL ST","SCOTT ST",0.00,,N,A,-,N,,,,,,,,,,N,3,0,1,2,A,-,10,21950,A,N,G,B,D,A,H,-,A,D,0,Y,,,,Y,,N,60,0,1,0,0,1,0,0,0,0,"- ","- ",,,"SAN FRANCISCO","SAN FRANCISCO",-122.4376220703125,37.782646179199219
9573303,2023,2023-05-13,3801,2023-04-10,1426,624,NORTH,1,5,7,3801,0,0,0,,0,003,"VAN NESS AV","HAYES ST",114.00,N,N,A,-,N,,,,,,,,,,N,3,0,1,2,A,-,04,21703,,M,C,J,A,A,H,-,A,D,0,,,,,Y,,A,01,0,1,0,0,0,0,0,0,0,"- ","- ",,,"SAN FRANCISCO","SAN FRANCISCO",-122.41980743408203,37.777584075927734
9573305,2023,2023-05-13,3801,2023-04-13,1714,537,PARK,4,5,7,3801,0,0,0,,0,3F14D,"ROOSEVELT WY","LEVANT ST",0.00,,Y,A,-,N,,,,,,,,,,N,4,0,1,2,A,-,08,22107,,N,A,C,A,A,H,-,A,D,0,,,Y,,Y,,A,01,0,0,1,0,0,0,0,0,1,"- ","- ",,,"SAN FRANCISCO","SAN FRANCISCO",-122.44192504882812,37.765270233154297
9573309,2023,2023-05-13,3801,2023-04-29,1107,2202,INGLE,6,5,7,3801,0,0,0,,0,3H11A,"POTRERO AV","16TH ST",81.00,S,N,A,-,N,,,,,,,,,,N,4,0,1,2,A,-,11,21954,A,F,G,B,E,A,H,-,A,D,0,Y,,,,Y,Y,N,60,0,0,1,0,1,0,0,0,0,"- ","- ",,,"SAN FRANCISCO","SAN FRANCISCO",-122.40753173828125,37.765548706054688
9573310,2023,2023-05-13,3801,2023-04-25,1403,1944,INGLE,2,5,7,3801,0,0,0,,0,0H6,"SAN BRUNO AV","WASBASH TER",0.00,,Y,A,-,N,,,,,,,,,,N,3,0,1,2,A,-,09,21800,B,N,-,C,A,A,H,-,A,A,0,,,,,Y,,A,01,0,1,0,0,0,0,0,0,0,"- ","- ",,,"SAN FRANCISCO","SAN FRANCISCO",-122.40214538574219,37.713031768798828
9573315,2023,2023-05-13,3801,2023-04-29,"105 ",308,,6,5,7,3801,0,0,0,,0,3G15,"PARK PRESIDIO BL","BALBOA ST",0.00,,Y,A,-,N,,,,,,,,,,Y,4,0,4,2,A,-,12,21453,A,N,D,C,A,A,H,-,C,A,0,,,,,Y,,A,01,0,0,4,0,0,0,0,0,0,"- ","- ",,,"SAN FRANCISCO","SAN FRANCISCO",-122.47206115722656,37.776851654052734
9573316,2023,2023-05-13,3801,2023-04-26,1745,1911,RICHM,3,5,7,3801,0,0,0,,0,RICHM,"ARGUELLO BL","CALIFORNIA ST",0.00,,Y,A,-,N,,,,,,,,,,N,3,0,1,2,A,-,09,21801,,N,D,G,A,A,H,-,A,A,0,,Y,,,Y,,A,07,0,1,0,0,0,0,1,0,0,"- ","- ",,,"SAN FRANCISCO","SAN FRANCISCO",-122.45921325683594,37.785671234130859
9573320,2023,2023-05-13,3801,2023-04-27,1458,2151,PARK,4,5,7,3801,0,0,0,,0,,"MASONIC AV","HAYES ST",0.00,,Y,A,-,N,,,,,,,,,,N,4,0,1,2,A,-,08,22107,,N,B,G,A,A,H,-,A,A,0,,Y,,,Y,,A,01,0,0,1,0,0,0,1,0,0,"- ","- ",,,"SAN FRANCISCO","SAN FRANCISCO",-122.44611358642578,37.773937225341797
9573321,2023,2023-05-11,3801,2023-04-09,"216 ",2231,NORTH,7,5,7,3801,0,0,0,,0,3E13E,"POLK ST","GOLDEN GATE AV",0.00,,Y,A,-,N,,,,,,,,,,N,3,0,1,2,A,-,08,22107,,N,A,J,A,A,H,-,C,A,0,,,,,Y,,A,01,0,1,0,0,0,0,0,0,0,"- ","- ",,,"SAN FRANCISCO","SAN FRANCISCO",-122.41880035400391,37.781227111816406
9573322,2023,2023-05-11,3801,2023-04-09,1416,2401,MISSI,7,5,7,3801,0,0,0,,0,3D44C,"19TH ST","LINDA ST",0.00,,Y,A,-,N,,,,,,,,,,Y,2,0,2,5,A,-,12,22450,A,N,D,C,A,A,H,-,A,A,0,,,,,Y,,A,01,1,0,1,0,0,0,0,0,0,"- ","- ",,,"SAN FRANCISCO","SAN FRANCISCO",-122.42285919189453,37.760021209716797
9573327,2023,2023-05-11,3801,2023-04-08,1505,2142,NORTH,6,5,7,3801,0,0,0,,0,3E94D,"LOMBARD ST","OCTAVIA ST",0.00,,Y,A,-,N,,,,,,,,,,Y,3,0,1,3,A,-,09,21801,A,N,G,I,F,A,H,-,A,A,0,Y,,,,Y,,A,01,0,1,0,0,1,0,0,0,0,"- ","- ",,,"SAN FRANCISCO","SAN FRANCISCO",-122.42947387695312,37.800693511962891
9573328,2023,2023-05-11,3801,2023-04-17,1931,2008,MISSI,1,5,7,3801,0,0,0,,0,3D15D,"13TH ST","MISSION ST",244.00,E,N,A,-,N,,,,,,,,,,N,4,0,1,2,A,-,04,21703,,N,C,C,A,A,H,-,A,-,0,,,,,Y,,A,07,0,0,1,0,0,0,0,0,0,"- ","- ",,,"SAN FRANCISCO","SAN FRANCISCO",-122.41908264160156,37.769924163818359
9573332,2023,2023-05-11,3801,2023-04-01,1328,2097,BAYVI,6,5,7,3801,0,0,0,,0,3C/2,"WILLIAMS AV","LUCY ST",0.00,,Y,A,-,N,,,,,,,,,,N,4,0,1,2,A,-,09,21800,A,N,D,D,A,A,H,-,A,D,0,,,,,Y,,A,07,0,0,1,0,0,0,0,0,0,"- ","- ",,,"SAN FRANCISCO","SAN FRANCISCO",-122.39357757568359,37.729404449462891
9573333,2023,2023-05-11,3801,2023-04-01,"6   ",1463,SOUTH,6,5,7,3801,0,0,0,,0,0B1,"THE EMBARCADERO","FOLSOM ST",20.00,S,N,A,-,N,,,,,,,,,,N,3,0,1,2,A,-,11,21955,,N,C,B,D,A,H,-,C,A,0,Y,,,,Y,,N,60,0,1,0,0,1,0,0,0,0,"- ","- ",,,"SAN FRANCISCO","SAN FRANCISCO",-122.39011383056641,37.790721893310547
9573335,2023,2023-05-11,3801,2023-04-01,1933,260,SOUTH,6,5,7,3801,0,0,0,,0,3B13D,"6TH ST","MINNA ST",0.00,,Y,A,-,N,,,,,,,,,,N,4,0,1,2,D,-,00,,,F,G,B,B,A,-,-,C,A,0,Y,,,,Y,,-,"- ",0,0,1,0,1,0,0,0,0,"- ","- ",,,"SAN FRANCISCO","SAN FRANCISCO",-122.40813446044922,37.780551910400391
9573336,2023,2023-05-11,3801,2023-04-02,2100,4325,NORTH,7,5,7,3801,0,0,0,,0,005,"VAN NESS AV","VALLEJO ST",62.00,S,N,A,-,N,,,,,,,,,,N,3,0,1,2,A,-,03,22350,,N,C,C,A,A,H,-,C,A,0,,,,,Y,,A,07,0,1,0,0,0,0,0,0,0,"- ","- ",,,"SAN FRANCISCO","SAN FRANCISCO",-122.42349243164062,37.796531677246094
9573337,2023,2023-05-11,3801,2023-04-02,1637,1827,CENTR,7,5,7,3801,0,0,0,,0,3A12D,"TAYLOR ST","PINE ST",0.00,,Y,A,-,N,,,,,,,,,,N,4,0,1,2,A,-,07,21658,A,N,B,C,A,A,H,-,A,D,0,,,Y,,Y,,C,02,0,0,1,0,0,0,0,0,1,"- ","- ",,,"SAN FRANCISCO","SAN FRANCISCO",-122.41224670410156,37.790657043457031
9573339,2023,2023-05-11,3801,2023-04-03,1727,1276,SOUTH,1,5,7,3801,0,0,0,,0,3B14D,"BRANNAN ST","9TH ST",0.00,,Y,A,-,N,,,,,,,,,,N,4,0,1,2,A,-,08,22107,,N,H,A,A,A,H,-,A,A,0,,,Y,,Y,,A,01,0,0,1,0,0,0,0,0,1,"- ","- ",,,"SAN FRANCISCO","SAN FRANCISCO",-122.40699005126953,37.770057678222656
9573340,2023,2023-05-11,3801,2023-04-07,1900,1870,RICHM,5,5,7,3801,0,0,0,,0,003,"PARK PRESIDIO BYPASS DR","FULTON ST",0.00,,Y,A,-,N,,,,,,,,,,Y,4,0,1,4,A,-,03,22350,,N,C,C,A,A,H,-,A,A,0,,,,,Y,,A,01,0,0,1,0,0,0,0,0,0,"- ","- ",,,"SAN FRANCISCO","SAN FRANCISCO",-122.47177886962891,37.773124694824219
9573346,2023,2023-05-13,3801,2023-04-05,"900 ",937,BAYVI,3,5,7,3801,0,0,0,,0,,"CASHMERE ST","DEDMAN CT",0.00,,Y,A,-,N,,,,,,,,,,N,4,0,1,2,A,-,03,22350,,N,C,C,A,A,H,-,A,A,0,,,,,Y,,A,01,0,0,1,0,0,0,0,0,0,"- ","- ",,,"SAN FRANCISCO","SAN FRANCISCO",-122.38571929931641,37.7366943359375
9573352,2023,2023-05-13,3801,2023-04-17,1537,1951,SOUTH,1,5,7,3801,0,0,0,,0,3B12D,"HARRISON ST","HARRISON ST 575",0.00,,-,A,-,N,,,,,,,,,,N,4,0,2,2,A,-,09,21801,A,N,D,C,A,A,H,-,A,A,0,,,,,Y,,A,01,0,0,2,0,0,0,0,0,0,"- ","- ",,,"SAN FRANCISCO","SAN FRANCISCO",,
9573353,2023,2023-05-20,3801,2023-04-13,1717,1136,MISSI,4,5,7,3801,0,0,0,,0,3D15D,"SOUTH VAN NESS AV","23RD ST",35.00,S,N,A,-,N,,,,,,,,,,Y,2,0,1,3,A,-,03,22350,,N,C,C,A,-,H,-,A,A,0,,,,,Y,,A,01,1,0,0,0,0,0,0,0,0,"- ","- ",,,"SAN FRANCISCO","SAN FRANCISCO",-122.41642761230469,37.753864288330078
9573356,2023,2023-05-13,3801,2023-04-01,1551,670,INGLE,6,5,7,3801,0,0,0,,0,3H13D,"ALEMANNY BL","SICKLES AV",0.00,,Y,A,-,N,,,,,,,,,,Y,4,0,1,2,A,-,08,22107,,N,D,C,A,A,H,-,A,A,0,,,Y,,Y,,C,02,0,0,1,0,0,0,0,0,1,"- ","- ",,,"SAN FRANCISCO","SAN FRANCISCO",-122.45491790771484,37.710514068603516
9573359,2023,2023-05-13,3801,2023-04-04,1040,390,PARK,2,5,7,3801,0,0,0,,0,003,"HAIGHT ST","STANYAN ST",110.00,E,N,A,-,N,,,,,,,,,,N,2,0,1,2,A,-,11,21950,B,N,D,B,E,A,H,-,A,D,0,Y,,,,Y,,N,60,1,0,0,0,1,0,0,0,0,"- ","- ",,,"SAN FRANCISCO","SAN FRANCISCO",-122.45315551757812,37.769195556640625
9573360,2023,2023-05-13,3801,2023-04-04,"940 ",829,MISSI,2,5,7,3801,0,0,0,,0,3D41A,"GUERRERO ST","16TH ST",0.00,,Y,A,-,N,,,,,,,,,,N,4,0,1,2,A,-,09,21801,A,N,A,C,A,A,H,-,A,A,0,,,Y,,Y,,D,22,0,0,1,0,0,0,0,0,1,"- ","- ",,,"SAN FRANCISCO","SAN FRANCISCO",-122.42410278320312,37.764781951904297
9573401,2023,2023-05-02,3801,2023-03-22,1825,301,INGLE,3,5,7,3801,0,0,0,,0,3H61,"ALEMANY BL","FARRAGUT AV",120.00,N,N,A,-,N,,,,,,,,,,N,4,0,1,2,A,-,08,22107,,N,-,C,A,A,H,-,A,A,0,,,,,Y,,A,01,0,0,1,0,0,0,0,0,0,"- ","- ",,,"SAN FRANCISCO","SAN FRANCISCO",-122.45174407958984,37.712333679199219
9573402,2023,2023-05-01,3801,2023-03-23,1705,2100,MISSI,4,5,7,3801,0,0,0,,0,3D11D,"VALENCIA ST","17TH ST",148.00,N,N,A,B,N,,,,,,,,,,N,3,0,1,1,A,-,03,22350,,N,-,A,A,A,H,-,A,D,0,,,Y,,Y,,C,03,0,1,0,0,0,0,0,0,1,"- ","- ",,,"SAN FRANCISCO","SAN FRANCISCO",-122.42177581787109,37.763706207275391
9573404,2023,2023-05-01,3801,2023-03-01,1540,2268,INGLE,3,5,7,3801,0,0,0,,0,3H13D,"SAN JOSE AV","29TH ST",400.00,S,N,A,-,N,,,,,,,,,,N,3,0,1,2,A,-,11,21954,A,F,H,B,E,A,H,-,A,D,0,Y,,,,Y,,A,01,0,1,0,0,1,0,0,0,0,"- ","- ",,,"SAN FRANCISCO","SAN FRANCISCO",-122.42314147949219,37.742874145507812