CASE_ID,ACCIDENT_YEAR,PROC_DATE,JURIS,COLLISION_DATE,COLLISION_TIME,OFFICER_ID,REPORTING_DISTRICT,DAY_OF_WEEK,CHP_SHIFT,POPULATION,CNTY_CITY_LOC,SPECIAL_COND,BEAT_TYPE,CHP_BEAT_TYPE,CITY_DIVISION_LAPD,CHP_BEAT_CLASS,BEAT_NUMBER,PRIMARY_RD,SECONDARY_RD,DISTANCE,DIRECTION,INTERSECTION,WEATHER_1,WEATHER_2,STATE_HWY_IND,CALTRANS_COUNTY,CALTRANS_DISTRICT,STATE_ROUTE,ROUTE_SUFFIX,POSTMILE_PREFIX,POSTMILE,LOCATION_TYPE,RAMP_INTERSECTION,SIDE_OF_HWY,TOW_AWAY,COLLISION_SEVERITY,NUMBER_KILLED,NUMBER_INJURED,PARTY_COUNT,PRIMARY_COLL_FACTOR,PCF_CODE_OF_VIOL,PCF_VIOL_CATEGORY,PCF_VIOLATION,PCF_VIOL_SUBSECTION,HIT_AND_RUN,TYPE_OF_COLLISION,MVIW,PED_ACTION,ROAD_SURFACE,ROAD_COND_1,ROAD_COND_2,LIGHTING,CONTROL_DEVICE,CHP_ROAD_TYPE,PEDESTRIAN_ACCIDENT,BICYCLE_ACCIDENT,MOTORCYCLE_ACCIDENT,TRUCK_ACCIDENT,NOT_PRIVATE_PROPERTY,ALCOHOL_INVOLVED,STWD_VEHTYPE_AT_FAULT,CHP_VEHTYPE_AT_FAULT,COUNT_SEVERE_INJ,COUNT_VISIBLE_INJ,COUNT_COMPLAINT_PAIN,COUNT_PED_KILLED,COUNT_PED_INJURED,COUNT_BICYCLIST_KILLED,COUNT_BICYCLIST_INJURED,COUNT_MC_KILLED,COUNT_MC_INJURED,PRIMARY_RAMP,SECONDARY_RAMP,LATITUDE,LONGITUDE,COUNTY,CITY,POINT_X,POINT_Y
9580076,2023,2023-06-19,3801,2023-05-20,"228 ",1406,INGLE,6,5,7,3801,0,0,0,,0,3H6,"VELASCO AV","CALGARY ST",0.00,,Y,A,-,N,,,,,,,,,,N,4,0,1,2,A,-,03,22350,,F,D,C,A,A,H,-,C,A,0,,,,,Y,,-,99,0,0,1,0,0,0,0,0,0,"- ","- ",,,"SAN FRANCISCO","SAN FRANCISCO",-122.41593933105469,37.708992004394531
9580077,2023,2023-06-22,3801,2023-05-23,1529,4041,TARAV,2,5,7,3801,0,0,0,,0,3I13D,"41ST AV","IRVING ST",125.00,S,N,A,-,N,,,,,,,,,,N,3,0,1,2,A,-,09,21804,A,N,B,C,A,A,H,-,A,D,0,,,Y,,Y,,A,01,0,1,0,0,0,0,0,0,1,"- ","- ",,,"SAN FRANCISCO","SAN FRANCISCO",-122.50067138671875,37.762176513671875
9580079,2023,2023-06-14,3801,2023-05-21,2144,1463,SOUTH,7,5,7,3801,0,0,0,,0,0B3,"FOLSOM ST","LANGTON ST",25.00,W,N,A,-,N,,,,,,,,,,Y,4,0,1,2,-,-,"- ",,,N,B,E,A,A,A,-,C,D,0,,,,,Y,,-,"- ",0,0,1,0,0,0,0,0,0,"- ","- ",,,"SAN FRANCISCO","SAN FRANCISCO",-122.40846252441406,37.776271820068359
9580080,2023,2023-06-14,3801,2023-05-14,"932 ",1511,BAYVI,7,5,7,3801,0,0,0,,0,3C11A,"17TH ST","VERMONT ST",0.00,,Y,A,-,N,,,,,,,,,,Y,2,0,1,2,A,-,06,21751,,F,B,C,A,A,H,-,A,D,0,,,Y,,Y,,-,,1,0,0,0,0,0,0,0,1,"- ","- ",,,"SAN FRANCISCO","SAN FRANCISCO",-122.40448760986328,37.764682769775391
9580137,2023,2023-06-16,3801,2023-04-15,1526,1827,CENTR,6,5,7,3801,0,0,0,,0,,"POLK ST","NORTHPOINT ST",0.00,,Y,A,-,N,,,,,,,,,,N,3,0,1,2,A,-,17,21200,A,N,-,-,A,A,H,-,A,-,0,,Y,,,Y,,L,04,0,1,0,0,0,0,1,0,0,"- ","- ",,,"SAN FRANCISCO","SAN FRANCISCO",-122.42363739013672,37.805301666259766
9580574,2023,2024-04-27,3801,2023-05-06,"506 ",740,,6,5,7,3801,0,0,0,,0,0D6,"FOLSOM ST","17TH ST",0.00,,Y,C,-,N,,,,,,,,,,Y,4,0,2,2,A,-,12,21453,A,F,D,C,A,B,H,-,C,A,0,,,,,Y,,D,22,0,0,2,0,0,0,0,0,0,"- ","- ",,,"SAN FRANCISCO","SAN FRANCISCO",-122.41515350341797,37.763694763183594
9580582,2023,2023-06-16,3801,2023-05-07,1213,1418,TARAV,7,5,7,3801,0,0,0,,0,0I5,"LAKE MERCED BL","BERKSHIRE WY",0.00,,Y,A,-,N,,,,,,,,,,Y,3,0,4,6,A,-,03,22350,,N,D,C,A,A,H,-,A,A,0,,,,,Y,,A,01,0,1,3,0,0,0,0,0,0,"- ","- ",,,"SAN FRANCISCO","SAN FRANCISCO",-122.49810791015625,37.731304168701172
9580586,2023,2023-07-24,3801,2023-05-03,1300,2417,BAYVI,3,5,7,3801,0,0,0,,0,901,"BAYSHORE BL","PHELPS ST",0.00,,Y,B,-,N,,,,,,,,,,N,4,0,1,2,A,-,04,21703,,N,C,C,A,B,H,-,A,A,0,,,,,Y,,I,11,0,0,1,0,0,0,0,0,0,"- ","- ",,,"SAN FRANCISCO","SAN FRANCISCO",-122.40206146240234,37.727928161621094
9580671,2023,2023-06-16,3801,2023-05-26,1939,4347,TARAV,5,5,7,3801,0,0,0,,0,3I11D,"WEST PORTAL AV","14TH AV",118.00,N,N,A,-,N,,,,,,,,,,N,4,0,1,2,A,-,11,21954,A,N,G,B,D,A,H,-,A,D,0,Y,,,,Y,,N,60,0,0,1,0,1,0,0,0,0,"- ","- ",,,"SAN FRANCISCO","SAN FRANCISCO",-122.46878814697266,37.738204956054688
9580673,2023,2023-06-26,3801,2023-05-25,1729,341,NORTH,4,5,7,3801,0,0,0,,0,3F11D,"FELL ST","FELL ST 735",0.00,,N,A,-,N,,,,,,,,,,,3,0,1,2,A,-,08,22107,,N,B,C,A,A,H,-,A,A,0,,,Y,,Y,,A,01,0,1,0,0,0,0,0,0,1,"- ","- ",,,"SAN FRANCISCO","SAN FRANCISCO",,
9580675,2023,2023-06-19,3801,2023-05-24,1655,1907,INGLE,3,5,7,3801,0,0,0,,0,3H12D,"BOSWORTH ST","ARLINGTON ST",0.00,,Y,A,-,N,,,,,,,,,,N,3,0,1,2,A,-,09,21800,B,N,D,G,A,A,H,-,A,D,0,,Y,,,Y,,L,04,0,1,0,0,0,0,1,0,0,"- ","- ",,,"SAN FRANCISCO","SAN FRANCISCO",-122.43290710449219,37.733318328857422
9580676,2023,2023-06-19,3801,2023-05-23,1530,2379,INGLE,2,5,7,3801,0,0,0,,0,3H5D,"OCEAN AV","WANDA ST",0.00,,Y,A,-,N,,,,,,,,,,N,4,0,2,2,A,-,17,22109,,N,C,C,A,A,H,-,A,D,0,,,,,Y,,A,01,0,0,2,0,0,0,0,0,0,"- ","- ",,,"SAN FRANCISCO","SAN FRANCISCO",-122.43987274169922,37.723472595214844
9580677,2023,2023-06-26,3801,2023-05-29,1221,2439,CENTR,1,5,7,3801,0,0,0,,0,3A46,"POLK ST","NORTH POINT ST",200.00,S,N,A,-,N,,,,,,,,,,N,3,0,1,2,A,-,09,21801,A,N,D,C,A,-,H,-,A,A,0,,,Y,,Y,,A,08,0,1,0,0,0,0,0,0,1,"- ","- ",,,"SAN FRANCISCO","SAN FRANCISCO",-122.42353057861328,37.804756164550781
9580678,2023,2023-06-19,3801,2023-05-29,2237,317,CENTR,1,5,7,3801,0,0,0,,0,SECTOR,"PINE ST","TAYLOR ST",0.00,,Y,A,-,N,,,,,,,,,,Y,4,0,1,2,A,-,12,21453,A,F,D,C,A,A,H,-,C,A,0,,,,,Y,,A,01,0,0,1,0,0,0,0,0,0,"- ","- ",,,"SAN FRANCISCO","SAN FRANCISCO",-122.41224670410156,37.790657043457031
9584161,2023,2023-05-23,3801,2023-03-23,"622 ",750,TENDE,4,5,7,3801,0,0,0,,0,,"7TH ST","STEVENSON ST",0.00,,Y,A,-,N,,,,,,,,,,N,2,0,1,2,A,-,00,21955,A,F,G,B,D,A,H,-,B,D,0,Y,,,,Y,,N,60,1,0,0,0,1,0,0,0,0,"- ","- ",,,"SAN FRANCISCO","SAN FRANCISCO",-122.41188812255859,37.779991149902344
9584163,2023,2023-05-17,3801,2023-03-31,1132,2150,RICHM,5,5,7,3801,0,0,0,,0,3G3C,"8TH AV","CLEMENT ST",274.00,S,N,A,-,N,,,,,,,,,,N,3,0,1,2,A,-,09,21801,A,N,B,C,A,A,H,-,A,D,0,,,Y,,Y,,A,01,0,1,0,0,0,0,0,0,1,"- ","- ",,,"SAN FRANCISCO","SAN FRANCISCO",-122.46650695800781,37.782089233398438
9584164,2023,2023-05-17,3801,2023-03-24,1352,1238,MISSI,5,5,7,3801,0,0,0,,0,3D14C,"CESAR CHAVEZ ST","ALABAMA ST",0.00,,Y,A,-,N,,,,,,,,,,Y,4,0,2,2,A,-,09,21801,A,N,D,C,A,A,H,-,A,A,0,,,,,Y,,A,01,0,0,2,0,0,0,0,0,0,"- ","- ",,,"SAN FRANCISCO","SAN FRANCISCO",-122.41054534912109,37.748374938964844
9584167,2023,2023-05-17,3801,2023-03-19,2346,1830,CENTR,7,5,7,3801,0,0,0,,0,3A11E,"TAYLOR ST","POST ST",0.00,,Y,B,-,N,,,,,,,,,,N,4,0,1,2,A,-,12,21453,A,N,D,C,A,B,H,-,C,A,0,,,,,Y,,A,01,0,0,1,0,0,0,0,0,0,"- ","- ",,,"SAN FRANCISCO","SAN FRANCISCO",-122.41169738769531,37.787860870361328
9584170,2023,2023-05-19,3801,2023-03-12,"333 ",2153,TARAV,7,5,7,3801,0,0,0,,0,315E,"19TH AV","OCEAN AV",0.00,,Y,C,-,N,,,,,,,,,,N,4,0,2,1,A,-,22,23123,,N,E,I,A,B,-,-,C,A,0,,,,,Y,Y,A,01,0,0,2,0,0,0,0,0,0,"- ","- ",,,"SAN FRANCISCO","SAN FRANCISCO",-122.47496032714844,37.732437133789062
9584334,2023,2023-05-12,3801,2023-04-08,2500,740,MISSI,6,5,7,3801,0,0,0,,0,0D1,"16TH ST","DOLORES ST",187.00,E,N,B,-,N,,,,,,,,,,N,3,0,1,2,A,-,03,22350,,F,G,B,E,A,H,-,C,D,0,Y,,,,Y,,A,01,0,1,0,0,1,0,0,0,0,"- ","- ",,,"SAN FRANCISCO","SAN FRANCISCO",-122.42579650878906,37.764675140380859
9589105,2023,2023-06-12,3801,2023-02-23,1723,788,CENTR,4,5,7,3801,0,0,0,,0,3A15C,"NORTH POINT","POWELL ST",140.00,W,N,A,-,N,,,,,,,,,,N,4,0,1,2,A,-,08,22107,,N,B,J,A,A,H,-,A,D,0,,,,,Y,,-,,0,0,1,0,0,0,0,0,0,"- ","- ",,,"SAN FRANCISCO","SAN FRANCISCO",-122.41261291503906,37.806705474853516
9589420,2023,2023-06-14,3801,2023-05-21,1400,1400,CENTR,7,5,7,3801,0,0,0,,0,,"NORTH POINT ST","JONES ST",0.00,,Y,A,-,N,,,,,,,,,,N,3,0,1,2,A,-,08,22107,,N,D,G,A,A,H,-,A,A,0,,Y,,,Y,,A,01,0,1,0,0,0,0,1,0,0,"- ","- ",,,"SAN FRANCISCO","SAN FRANCISCO",-122.41709899902344,37.806148529052734
9590069,2023,2023-06-13,3801,2023-05-18,1045,2315,MISSI,4,5,7,3801,0,0,0,,0,3D15A,"FOLSOM ST","14TH ST",45.00,S,N,A,-,N,,,,,,,,,,N,4,0,1,2,A,-,17,22109,,N,G,B,F,A,H,-,A,A,0,Y,,,,Y,,I,09,0,0,1,0,1,0,0,0,0,"- ","- ",,,"SAN FRANCISCO","SAN FRANCISCO",-122.41559600830078,37.768417358398438
9590070,2023,2023-06-13,3801,2023-05-04,1259,2202,INGLE,4,5,7,3801,0,0,0,,0,3H13A,"ALEMANY BL","FARRAGUT AV",366.00,N,N,A,-,N,,,,,,,,,,Y,4,0,1,2,A,-,03,22350,,N,C,E,A,A,H,-,A,D,0,,,,,Y,Y,B,01,0,0,1,0,0,0,0,0,0,"- ","- ",,,"SAN FRANCISCO","SAN FRANCISCO",-122.45114135742188,37.712806701660156
9590316,2023,2023-07-20,3801,2023-06-20,1130,4325,TARAV,2,5,7,3801,0,0,0,,0,001,"PACHECO ST","AERIAL WY",100.00,S,N,A,-,N,,,,,,,,,,N,4,0,1,2,D,-,00,,,N,B,C,A,A,H,-,A,D,0,,,,,Y,,-,"- ",0,0,1,0,0,0,0,0,0,"- ","- ",,,"SAN FRANCISCO","SAN FRANCISCO",-122.46900177001953,37.752708435058594
9590989,2023,2023-07-14,3801,2023-06-16,1019,2397,TENDE,5,5,7,3801,0,0,0,,0,,"MISSION ST","10TH ST",0.00,,Y,A,-,N,,,,,,,,,,,4,0,1,2,A,-,08,22101,D,N,-,D,A,-,H,-,A,A,0,,,,,Y,Y,A,01,0,0,1,0,0,0,0,0,0,"- ","- ",,,"SAN FRANCISCO","SAN FRANCISCO",-122.41590881347656,37.775276184082031
9591009,2023,2023-07-12,3801,2023-06-24,1738,4124,INGLE,6,5,7,3801,0,0,0,,0,3H11D,"MISSION ST","29TH ST",0.00,,Y,A,-,N,,,,,,,,,,N,4,0,2,3,D,-,00,,,N,B,J,A,A,H,-,A,A,0,,,,,Y,,-,"- ",0,0,2,0,0,0,0,0,0,"- ","- ",,,"SAN FRANCISCO","SAN FRANCISCO",-122.42092132568359,37.744083404541016
9591067,2023,2023-07-14,3801,2023-06-08,1015,2715,NORTH,4,5,7,3801,0,0,0,,0,3E16C,"EDDY ST","POLK ST",14.00,E,N,A,-,N,,,,,,,,,,N,4,0,1,2,A,-,09,21804,A,F,G,B,F,A,H,-,A,D,0,Y,,,,Y,,-,,0,0,1,0,1,0,0,0,0,"- ","- ",,,"SAN FRANCISCO","SAN FRANCISCO",-122.41912841796875,37.783084869384766
9591068,2023,2023-07-17,3801,2023-06-07,1410,1892,BAYVI,3,5,7,3801,0,0,0,,0,3C15A,"JAMESTOWN AV","HARNEY WY",0.00,,Y,A,-,N,,,,,,,,,,Y,4,0,2,1,A,-,03,22350,,N,A,I,A,A,H,-,A,A,0,,,,,Y,,A,01,0,0,2,0,0,0,0,0,0,"- ","- ",,,"SAN FRANCISCO","SAN FRANCISCO",-122.38645172119141,37.711170196533203
9591070,2023,2023-07-14,3801,2023-06-11,2140,1179,BAYVI,7,5,7,3801,0,0,0,,0,3C11ED,"CESAR CHAVEZ ST","EVANS ST",0.00,,Y,E,-,N,,,,,,,,,,N,2,0,1,2,A,-,05,21650,1,F,A,G,A,A,H,-,C,D,0,,Y,,,Y,,L,04,1,0,0,0,0,0,1,0,0,"- ","- ",,,"SAN FRANCISCO","SAN FRANCISCO",-122.39731597900391,37.749691009521484
9591071,2023,2023-07-14,3801,2023-06-10,2303,LI1074,BAYVI,6,5,7,3801,0,0,0,,0,3C13E,"SILVER AV","BARNEVELD AV",7.00,S,N,A,-,N,,,,,,,,,,Y,4,0,1,3,A,-,12,22450,A,F,D,C,A,A,G,-,C,A,0,,,,,Y,,A,01,0,0,1,0,0,0,0,0,0,"- ","- ",,,"SAN FRANCISCO","SAN FRANCISCO",-122.40679168701172,37.732082366943359
9591075,2023,2023-07-17,3801,2023-06-10,1455,4274,RICHM,6,5,7,3801,0,0,0,,0,3G13C,"GEARY BL","34TH AV",0.00,,Y,A,-,N,,,,,,,,,,N,4,0,1,2,A,-,08,22107,,N,D,C,A,A,H,-,A,A,0,,,Y,,Y,,A,01,0,0,1,0,0,0,0,0,1,"- ","- ",,,"SAN FRANCISCO","SAN FRANCISCO",-122.49436950683594,37.779651641845703
9591076,2023,2023-07-14,3801,2023-06-10,1430,719,CENTR,6,5,7,3801,0,0,0,,0,3A57,"THE EMBARCADERO NORTH","CHESTNUT ST",100.00,S,N,B,-,N,,,,,,,,,,N,2,0,1,1,A,-,03,22350,,N,H,J,A,A,H,-,A,D,0,,Y,,,Y,,L,04,1,0,0,0,0,0,1,0,0,"- ","- ",,,"SAN FRANCISCO","SAN FRANCISCO",-122.40316772460938,37.804855346679688
9591080,2023,2023-07-14,3801,2023-06-12,1204,2315,MISSI,1,5,7,3801,0,0,0,,0,3D14A,"CESAR CHAVEZ ST","FOLSOM ST",170.00,E,N,A,-,N,,,,,,,,,,N,2,0,1,1,A,-,03,22350,,N,B,J,A,A,H,-,A,D,0,,,Y,,Y,,C,02,1,0,0,0,0,0,0,0,1,"- ","- ",,,"SAN FRANCISCO","SAN FRANCISCO",-122.41309356689453,37.748321533203125
9591081,2023,2023-07-19,3801,2023-06-12,1524,1371,NORTH,1,5,7,3801,0,0,0,,0,001,"HAYES ST","VAN NESS AV",114.00,E,N,A,-,N,,,,,,,,,,N,4,0,1,2,A,-,06,21750,A,N,B,J,A,A,H,-,A,A,0,,,,,Y,,M,94,0,0,1,0,0,0,0,0,0,"- ","- ",,,"SAN FRANCISCO","SAN FRANCISCO",-122.41928863525391,37.77734375
9591082,2023,2023-07-19,3801,2023-06-12,2121,359,TARAV,1,5,7,3801,0,0,0,,0,312E,"LINCOLN WY","25TH AV",50.00,W,N,A,-,N,,,,,,,,,,N,4,0,1,3,A,-,03,22350,,N,C,C,A,A,H,-,C,A,0,,,Y,,Y,,C,02,0,0,1,0,0,0,0,0,0,"- ","- ",,,"SAN FRANCISCO","SAN FRANCISCO",-122.48384094238281,37.765151977539062
9591084,2023,2023-07-24,3801,2023-06-06,1612,1857,NORTH,2,5,7,3801,0,0,0,,0,3E61,"MARINA BL","BUCHANAN ST",0.00,,Y,A,-,N,,,,,,,,,,N,3,0,1,2,A,-,08,22107,,N,D,C,A,A,H,-,A,A,0,,Y,,,Y,,A,01,0,1,0,0,0,0,1,0,0,"- ","- ",,,"SAN FRANCISCO","SAN FRANCISCO",-122.43370819091797,37.805038452148438
9591087,2023,2023-07-20,3801,2023-06-05,"355 ",A2397,MISSI,1,5,7,3801,0,0,0,,0,,"NOE ST","MARKET ST",152.00,S,N,A,-,N,,,,,,,,,,N,3,0,1,3,C,-,18,,,N,-,E,A,A,H,-,C,A,0,,,Y,,Y,,-,"- ",0,1,0,0,0,0,0,0,0,"- ","- ",,,"SAN FRANCISCO","SAN FRANCISCO",-122.43309783935547,37.763824462890625
9591088,2023,2023-07-19,3801,2023-06-02,1331,1693,BAYVI,5,5,7,3801,0,0,0,,0,901,"22ND ST","MINNESOTA ST",0.00,,Y,A,-,N,,,,,,,,,,N,4,0,1,2,A,-,10,21950,A,N,G,B,B,A,A,-,A,D,0,Y,,,,Y,,A,01,0,0,1,0,1,0,0,0,0,"- ","- ",,,"SAN FRANCISCO","SAN FRANCISCO",-122.39020538330078,37.757816314697266
9591092,2023,2023-07-24,3801,2023-06-01,1600,2425,TENDE,4,5,7,3801,0,0,0,,0,3J12D,"HYDE ST","GROVE ST",0.00,,Y,A,-,N,,,,,,,,,,N,4,0,1,2,A,-,00,21955,A,F,G,B,D,A,H,-,A,A,0,Y,,,,Y,,N,60,0,0,1,0,1,0,0,0,0,"- ","- ",,,"SAN FRANCISCO","SAN FRANCISCO",-122.41490173339844,37.778858184814453
9591093,2023,2023-07-18,3801,2023-06-01,1638,677,SOUTH,4,5,7,3801,0,0,0,,0,3B45,"MARKET ST",OCTAVIA,0.00,,Y,A,-,N,,,,,,,,,,N,3,0,1,2,A,-,12,21453,,N,D,C,A,A,H,-,A,A,0,,,,,Y,,M,94,0,1,0,0,0,0,0,0,0,"- ","- ",,,"SAN FRANCISCO","SAN FRANCISCO",-122.42359161376953,37.771774291992188
9591094,2023,2023-07-19,3801,2023-06-07,1245,2151,PARK,3,5,7,3801,0,0,0,,0,3F60,"7TH AV","IRVING ST",0.00,,Y,A,-,N,,,,,,,,,,Y,4,0,1,2,A,-,12,21453,A,N,D,C,A,A,H,-,A,A,0,,,,,Y,,A,01,0,0,1,0,0,0,0,0,0,"- ","- ",,,"SAN FRANCISCO","SAN FRANCISCO",-122.46416473388672,37.76416015625
9591095,2023,2023-07-18,3801,2023-06-04,2000,317,CENTR,7,5,7,3801,0,0,0,,0,SECTOR,"POWELL ST","VALLEJO ST",125.00,N,N,A,-,N,,,,,,,,,,Y,4,0,1,2,A,-,08,22107,,F,D,C,A,A,H,-,B,D,0,,,,,Y,Y,A,01,0,0,1,0,0,0,0,0,0,"- ","- ",,,"SAN FRANCISCO","SAN FRANCISCO",-122.41050720214844,37.798709869384766
9591096,2023,2023-07-18,3801,2023-06-04,1849,1696,NORTH,7,5,7,3801,0,0,0,,0,3E14D,"BUCHANAN ST","PINE ST",0.00,,Y,A,-,N,,,,,,,,,,N,4,0,1,2,A,-,12,21453,,N,D,C,A,A,H,-,A,A,0,,,Y,,Y,,C,02,0,0,1,0,0,0,0,0,1,"- ","- ",,,"SAN FRANCISCO","SAN FRANCISCO",-122.43035125732422,37.788372039794922
9591097,2023,2023-07-18,3801,2023-06-03,2158,1620,RICHM,6,5,7,3801,0,0,0,,0,3G15D,"CLEMENT ST","34TH AV",0.00,,Y,A,-,N,,,,,,,,,,N,4,0,1,2,A,-,10,21950,A,F,D,B,B,A,H,-,A,D,0,Y,,,,Y,,A,07,0,0,1,0,1,0,0,0,0,"- ","- ",,,"SAN FRANCISCO","SAN FRANCISCO",-122.49449920654297,37.781566619873047
9591099,2023,2023-07-18,3801,2023-06-05,2249,628,RICHM,1,5,7,3801,0,0,0,,0,,"17TH AV","CALIFORNIA ST",0.00,,Y,A,-,N,,,,,,,,,,Y,4,0,1,4,A,-,03,22350,,N,A,E,A,A,H,-,C,A,0,,,,,Y,Y,A,01,0,0,1,0,0,0,0,0,0,"- ","- ",,,"SAN FRANCISCO","SAN FRANCISCO",-122.4764404296875,37.784248352050781
9591100,2023,2023-07-18,3801,2023-06-05,1630,1251,BAYVI,1,5,7,3801,0,0,0,,0,3C12D,"NEWHALL ST","OAKDALE AV",0.00,,Y,A,-,N,,,,,,,,,,N,3,0,1,2,A,-,09,21801,A,N,B,C,A,A,H,-,A,A,0,,,,,Y,,A,01,0,1,0,0,0,0,0,0,0,"- ","- ",,,"SAN FRANCISCO","SAN FRANCISCO",-122.39218139648438,37.735668182373047
9591102,2023,2023-07-11,3801,2023-06-05,1324,4294,NORTH,1,5,7,3801,0,0,0,,0,0E4,"WEBSTER ST","BUSH ST",0.00,,Y,A,-,N,,,,,,,,,,Y,4,0,1,2,A,-,09,21801,,N,A,C,A,A,H,-,A,A,0,,,,,Y,,A,01,0,0,1,0,0,0,0,0,0,"- ","- ",,,"SAN FRANCISCO","SAN FRANCISCO",-122.43186187744141,37.787220001220703
9591103,2023,2023-07-11,3801,2023-06-05,"825 ",4325,TARAV,1,5,7,3801,0,0,0,,0,005,"SKYLINE BL","JOHN MUIR DR",0.00,,Y,A,-,N,,,,,,,,,,Y,3,0,2,2,A,-,03,22350,,N,C,C,A,A,H,-,A,A,0,,,Y,,Y,,C,06,0,1,1,0,0,0,0,0,1,"- ","- ",,,"SAN FRANCISCO","SAN FRANCISCO",-122.50016021728516,37.718944549560547
9591106,2023,2023-07-11,3801,2023-06-01,2220,1660,SOUTH,4,5,7,3801,0,0,0,,0,3B11E,"5TH ST","FOLSOM ST",0.00,,Y,A,-,N,,,,,,,,,,Y,4,0,1,2,A,-,09,21800,A,N,D,D,A,A,H,-,C,A,0,,,,,Y,,A,01,0,0,1,0,0,0,0,0,0,"- ","- ",,,"SAN FRANCISCO","SAN FRANCISCO",-122.40340423583984,37.7802734375
9591108,2023,2023-07-11,3801,2023-06-04,1443,2094,TENDE,7,5,7,3801,0,0,0,,0,3J12D,"MARKET ST","4TH ST",1417.00,W,N,A,-,N,,,,,,,,,,N,3,0,1,2,A,-,11,21453,D,F,D,B,B,-,H,-,A,A,0,Y,,,,Y,,N,60,0,1,0,0,1,0,0,0,0,"- ","- ",,,"SAN FRANCISCO","SAN FRANCISCO",-122.40939331054688,37.782974243164062
9591110,2023,2023-07-11,3801,2023-06-02,2343,614,TARAV,5,5,7,3801,0,0,0,,0,3111E,"LINCOLN WY","19TH AV",0.00,,Y,A,-,N,,,,,,,,,,Y,4,0,1,2,A,-,08,22101,D,F,D,C,A,A,H,-,C,A,0,,,,,Y,,A,01,0,0,1,0,0,0,0,0,0,"- ","- ",,,"SAN FRANCISCO","SAN FRANCISCO",-122.47732543945312,37.76544189453125
9591111,2023,2023-07-11,3801,2023-06-01,2239,3498,NORTH,4,5,7,3801,0,0,0,,0,3E11E,"EDDY ST",POLK,0.00,,N,A,-,N,,,,,,,,,,N,4,0,1,2,A,-,03,22350,,N,C,C,A,A,H,-,C,D,0,,,,,Y,,A,07,0,0,1,0,0,0,0,0,0,"- ","- ",,,"SAN FRANCISCO","SAN FRANCISCO",-122.41918182373047,37.7830810546875
9591112,2023,2023-07-11,3801,2023-06-14,2204,1217,MISSI,3,5,7,3801,0,0,0,,0,3CAR,VALENCIA,"23RD ST",50.00,N,N,A,-,N,,,,,,,,,,N,3,0,1,1,A,-,03,22350,,N,E,J,A,A,C,-,C,D,0,,Y,,,Y,,L,04,0,1,0,0,0,0,1,0,0,"- ","- ",,,"SAN FRANCISCO","SAN FRANCISCO",-122.42082214355469,37.753837585449219
9591115,2023,2023-07-11,3801,2023-06-20,"830 ",610,MISSI,2,5,7,3801,0,0,0,,0,3D41A,"17TH ST","BELVEDERE ST",100.00,W,N,A,-,N,,,,,,,,,,N,4,0,1,2,A,-,06,21755,A,F,B,G,A,A,H,-,A,D,0,,Y,,,Y,,A,08,0,0,1,0,0,0,1,0,0,"- ","- ",,,"SAN FRANCISCO","SAN FRANCISCO",-122.44810485839844,37.761695861816406
9591116,2023,2023-07-11,3801,2023-06-11,1324,2341,INGLE,7,5,7,3801,0,0,0,,0,3H15A,"ALEMANY BL","NAGLEE ST",0.00,,Y,A,-,N,,,,,,,,,,N,4,0,1,2,A,-,08,22107,,N,D,G,A,A,H,-,A,D,0,,Y,,,Y,,A,01,0,0,1,0,0,0,1,0,0,"- ","- ",,,"SAN FRANCISCO","SAN FRANCISCO",-122.44901275634766,37.713943481445312
9591117,2023,2023-07-11,3801,2023-06-24,1445,4286,RICHM,6,5,7,3801,0,0,0,,0,0G5,"34TH AV","CLEMENT ST",1850.00,N,N,A,-,N,,,,,,,,,,N,3,0,1,1,A,-,03,22350,,N,H,A,A,A,H,-,A,D,0,,,,,Y,,A,07,0,1,0,0,0,0,0,0,0,"- ","- ",,,"SAN FRANCISCO","SAN FRANCISCO",-122.49449920654297,37.781570434570312
9591228,2023,2023-07-13,3801,2023-05-28,1729,1276,SOUTH,7,5,7,3801,0,0,0,,0,3B5D,"BERRY ST","BERRY ST 360",0.00,,Y,A,-,N,,,,,,,,,,N,4,0,1,2,A,-,21,22106,,N,H,B,E,A,H,-,A,A,0,Y,,,,Y,,A,01,0,0,1,0,1,0,0,0,0,"- ","- ",,,"SAN FRANCISCO","SAN FRANCISCO",,
9591232,2023,2023-07-17,3801,2023-05-21,1536,4119,TRAFF,7,5,7,3801,0,0,0,,0,4B3K,"MENDELL ST","LA SALLE AV",0.00,,Y,A,-,N,,,,,,,,,,Y,3,0,1,4,A,-,03,22350,,F,D,C,A,A,H,-,A,A,0,,,,,Y,Y,A,01,0,1,0,0,0,0,0,0,0,"- ","- ",,,"SAN FRANCISCO","SAN FRANCISCO",-122.38870239257812,37.736431121826172
9591233,2023,2023-07-13,3801,2023-05-01,"621 ",1422,TRAFF,1,5,7,3801,0,0,0,,0,,"BRYANT ST","STERLING ST",0.00,,Y,A,-,N,,,,,,,,,,Y,2,0,2,1,A,-,03,22350,,N,E,I,A,A,H,-,A,A,0,,,,,Y,,A,01,1,0,1,0,0,0,0,0,0,"- ","- ",,,"SAN FRANCISCO","SAN FRANCISCO",,