CASE_ID,ACCIDENT_YEAR,PROC_DATE,JURIS,COLLISION_DATE,COLLISION_TIME,OFFICER_ID,REPORTING_DISTRICT,DAY_OF_WEEK,CHP_SHIFT,POPULATION,CNTY_CITY_LOC,SPECIAL_COND,BEAT_TYPE,CHP_BEAT_TYPE,CITY_DIVISION_LAPD,CHP_BEAT_CLASS,BEAT_NUMBER,PRIMARY_RD,SECONDARY_RD,DISTANCE,DIRECTION,INTERSECTION,WEATHER_1,WEATHER_2,STATE_HWY_IND,CALTRANS_COUNTY,CALTRANS_DISTRICT,STATE_ROUTE,ROUTE_SUFFIX,POSTMILE_PREFIX,POSTMILE,LOCATION_TYPE,RAMP_INTERSECTION,SIDE_OF_HWY,TOW_AWAY,COLLISION_SEVERITY,NUMBER_KILLED,NUMBER_INJURED,PARTY_COUNT,PRIMARY_COLL_FACTOR,PCF_CODE_OF_VIOL,PCF_VIOL_CATEGORY,PCF_VIOLATION,PCF_VIOL_SUBSECTION,HIT_AND_RUN,TYPE_OF_COLLISION,MVIW,PED_ACTION,ROAD_SURFACE,ROAD_COND_1,ROAD_COND_2,LIGHTING,CONTROL_DEVICE,CHP_ROAD_TYPE,PEDESTRIAN_ACCIDENT,BICYCLE_ACCIDENT,MOTORCYCLE_ACCIDENT,TRUCK_ACCIDENT,NOT_PRIVATE_PROPERTY,ALCOHOL_INVOLVED,STWD_VEHTYPE_AT_FAULT,CHP_VEHTYPE_AT_FAULT,COUNT_SEVERE_INJ,COUNT_VISIBLE_INJ,COUNT_COMPLAINT_PAIN,COUNT_PED_KILLED,COUNT_PED_INJURED,COUNT_BICYCLIST_KILLED,COUNT_BICYCLIST_INJURED,COUNT_MC_KILLED,COUNT_MC_INJURED,PRIMARY_RAMP,SECONDARY_RAMP,LATITUDE,LONGITUDE,COUNTY,CITY,POINT_X,POINT_Y
9591234,2023,2023-07-13,3801,2023-05-31,1703,1523,NORTH,3,5,7,3801,0,0,0,,0,,"BAYT ST","VAN NESS AV",0.00,,Y,A,-,N,,,,,,,,,,N,4,0,1,2,A,-,05,21651,A,N,A,G,A,A,H,-,A,A,0,,Y,,,Y,,L,04,0,0,1,0,0,0,1,0,0,"- ","- ",,,"SAN FRANCISCO","SAN FRANCISCO",-122.42514801025391,37.804130554199219
9591237,2023,2023-07-13,3801,2023-05-22,2002,380,CENTR,1,5,7,3801,0,0,0,,0,1CAR,"SUTTER ST","TAYLOR ST",0.00,,Y,A,-,N,,,,,,,,,,N,4,0,1,2,A,-,03,22350,,N,H,B,B,A,H,-,A,D,0,Y,,,,Y,,-,,0,0,1,0,1,0,0,0,0,"- ","- ",,,"SAN FRANCISCO","SAN FRANCISCO",-122.41188049316406,37.788814544677734
9591238,2023,2023-07-13,3801,2023-05-31,1730,1810,MISSI,3,5,7,3801,0,0,0,,0,3D13D,"MISSION ST","19TH ST",0.00,,Y,A,-,N,,,,,,,,,,Y,4,0,1,2,A,-,08,22101,D,N,D,C,A,A,H,-,A,-,0,,,,,Y,,A,08,0,0,1,0,0,0,0,0,0,"- ","- ",,,"SAN FRANCISCO","SAN FRANCISCO",-122.41921997070312,37.760219573974609
9591240,2023,2023-07-17,3801,2023-05-30,"139 ",2451,TARAV,2,5,7,3801,0,0,0,,0,3I13E,"QUINTARA ST","39TH AV",0.00,,Y,A,-,N,,,,,,,,,,Y,2,0,1,1,A,-,01,23152,B,N,A,I,A,A,H,-,C,D,0,,,,,Y,Y,A,01,1,0,0,0,0,0,0,0,0,"- ","- ",,,"SAN FRANCISCO","SAN FRANCISCO",-122.49751281738281,37.747684478759766
9591563,2023,2023-07-18,3801,2023-06-14,1523,704,BAYVI,3,5,7,3801,0,0,0,,0,3C11D,"INDIANA ST","CESAR CHAVEZ ST",0.00,,Y,A,-,N,,,,,,,,,,N,3,0,1,2,A,-,08,22107,,N,D,G,A,A,H,-,A,D,0,,Y,,,Y,,L,04,0,1,0,0,0,0,1,0,0,"- ","- ",,,"SAN FRANCISCO","SAN FRANCISCO",-122.39044952392578,37.750068664550781
9591567,2023,2023-07-24,3801,2023-05-20,1232,1936,TRAFF,6,5,7,3801,0,0,0,,0,4B1D,"WINSTON DR","BUCKINGHAM WY",0.00,,Y,A,-,N,,,,,,,,,,N,3,0,1,2,A,-,10,21950,A,N,G,B,B,A,H,-,A,A,0,Y,,,,Y,,I,19,0,1,0,0,1,0,0,0,0,"- ","- ",,,"SAN FRANCISCO","SAN FRANCISCO",-122.47597503662109,37.730087280273438
9591606,2023,2023-07-12,3801,2023-06-05,"20  ",1871,INGLE,1,5,7,3801,0,0,0,,0,901,"LISBON ST","EXCELSIOR AV",167.00,S,N,A,-,N,,,,,,,,,,Y,4,0,1,2,A,-,21,22106,,N,C,E,A,A,H,-,C,D,0,,,,,Y,,D,22,0,0,1,0,0,0,0,0,0,"- ","- ",,,"SAN FRANCISCO","SAN FRANCISCO",-122.43152618408203,37.724712371826172
9591625,2023,2023-07-14,3801,2023-06-01,2232,1806,BAYVI,4,5,7,3801,0,0,0,,0,3C13E,"EVANS ST","KEITH ST",471.00,W,N,A,-,N,,,,,,,,,,Y,2,0,1,2,A,-,01,23152,A,N,A,E,A,A,H,-,C,A,0,,,,Y,Y,Y,A,01,1,0,0,0,0,0,0,0,0,"- ","- ",,,"SAN FRANCISCO","SAN FRANCISCO",-122.38235473632812,37.739494323730469
9591645,2023,2023-07-20,3801,2023-06-03,2051,1680,MISSI,6,5,7,3801,0,0,0,,0,3D13D,"19TH ST","HARTFORD ST",0.00,,Y,A,-,N,,,,,,,,,,Y,4,0,2,2,A,-,12,22450,A,N,B,C,A,A,H,-,C,A,0,,,,,Y,,D,22,0,0,2,0,0,0,0,0,0,"- ","- ",,,"SAN FRANCISCO","SAN FRANCISCO",-122.43373107910156,37.759372711181641
9591661,2023,2023-07-20,3801,2023-06-02,"917 ",4370,INGLE,5,5,7,3801,0,0,0,,0,3H15A,"MONTEREY BL","CONGO ST",0.00,,Y,A,-,N,,,,,,,,,,Y,4,0,3,2,A,-,12,22450,A,N,D,C,A,A,H,-,A,A,0,,,,,Y,,A,01,0,0,3,0,0,0,0,0,0,"- ","- ",,,"SAN FRANCISCO","SAN FRANCISCO",-122.44203186035156,37.731590270996094
9591694,2023,2023-07-13,3801,2023-06-28,"920 ",1945,BAYVI,3,5,7,3801,0,0,0,,0,3C15A,"3RD ST","SHAFTER AV",0.00,,Y,A,-,N,,,,,,,,,,Y,4,0,1,2,A,-,01,23152,A,N,B,C,A,A,H,-,A,A,0,,,,,Y,Y,A,07,0,0,1,0,0,0,0,0,0,"- ","- ",,,"SAN FRANCISCO","SAN FRANCISCO",-122.39189147949219,37.731636047363281
9591697,2023,2023-07-13,3801,2023-06-28,"921 ",1945,BAYVI,3,5,7,3801,0,0,0,,0,3C15A,"3RD ST","UNDERWOOD AV",0.00,,Y,A,-,N,,,,,,,,,,Y,4,0,1,2,A,-,01,23152,A,N,C,C,A,A,H,-,A,A,0,,,,,Y,Y,A,07,0,0,1,0,0,0,0,0,0,"- ","- ",,,"SAN FRANCISCO","SAN FRANCISCO",-122.39244842529297,37.730060577392578
9591700,2023,2023-07-13,3801,2023-06-25,"926 ",4283,RICHM,7,5,7,3801,0,0,0,,0,003,"CLEMENT ST","6TH ST",0.00,,Y,A,B,N,,,,,,,,,,N,4,0,1,2,A,-,09,21801,A,N,B,G,A,A,H,-,A,A,0,,Y,,,Y,,-,,0,0,1,0,0,0,1,0,0,"- ","- ",,,"SAN FRANCISCO","SAN FRANCISCO",-122.46442413330078,37.782955169677734
9591701,2023,2023-07-17,3801,2023-06-25,"952 ",1061,SOUTH,7,5,7,3801,0,0,0,,0,3B3A,"9TH ST","FOLSOM ST",0.00,,Y,A,-,N,,,,,,,,,,N,4,0,1,2,A,-,10,21950,A,N,G,B,B,A,H,-,A,A,0,Y,,,,Y,,A,01,0,0,1,0,1,0,0,0,0,"- ","- ",,,"SAN FRANCISCO","SAN FRANCISCO",-122.41161346435547,37.773773193359375
9591702,2023,2023-07-13,3801,2023-06-25,1015,2440,CENTR,7,5,7,3801,0,0,0,,0,03A,"GREENWICH ST",STOCKTON,0.00,,Y,A,-,N,,,,,,,,,,N,3,0,1,2,A,-,08,22107,A,N,G,B,B,H,H,-,A,D,0,Y,,,,Y,,A,07,0,1,0,0,1,0,0,0,0,"- ","- ",,,"SAN FRANCISCO","SAN FRANCISCO",-122.40953826904297,37.802314758300781
9591703,2023,2023-07-13,3801,2023-06-25,2242,1602,MISSI,7,5,7,3801,0,0,0,,0,,"POTRERO AV","16TH ST",113.00,S,N,A,-,N,,,,,,,,,,N,3,0,1,2,A,-,08,22107,,N,D,C,A,A,H,-,C,D,0,,,Y,,Y,,A,01,0,1,0,0,0,0,0,0,1,"- ","- ",,,"SAN FRANCISCO","SAN FRANCISCO",-122.40752410888672,37.765460968017578
9591708,2023,2023-07-13,3801,2023-06-27,2257,2237,TARAV,2,5,7,3801,0,0,0,,0,001,"ALEMANY BL","ST CHARLES AV",0.00,,N,F,-,N,,,,,,,,,,Y,4,0,1,1,A,-,01,23152,A,N,F,I,A,A,H,-,C,D,0,,,,,Y,Y,A,01,0,0,1,0,0,0,0,0,0,"- ","- ",,,"SAN FRANCISCO","SAN FRANCISCO",-122.46935272216797,37.710700988769531
9591709,2023,2023-07-13,3801,2023-06-27,1833,2474,BAYVI,2,5,7,3801,0,0,0,,0,3C13D,"ILLINOIS ST","24TH ST",0.00,,Y,B,-,N,,,,,,,,,,N,4,0,1,2,A,-,08,22107,,N,D,C,A,A,H,-,A,D,0,,,,,Y,,A,01,0,0,1,0,0,0,0,0,0,"- ","- ",,,"SAN FRANCISCO","SAN FRANCISCO",-122.38694763183594,37.754173278808594
9591710,2023,2023-07-13,3801,2023-06-27,"935 ",2039,TARAV,2,5,7,3801,0,0,0,,0,005,"CHUMASERO DR","GALINDO AV",20.00,S,N,B,-,N,,,,,,,,,,N,4,0,1,2,A,-,05,21460,A,F,B,C,A,-,H,-,A,D,0,,,,,Y,,A,01,0,0,1,0,0,0,0,0,0,"- ","- ",,,"SAN FRANCISCO","SAN FRANCISCO",-122.47319030761719,37.713916778564453
9591711,2023,2023-07-13,3801,2023-06-27,1836,1857,NORTH,2,5,7,3801,0,0,0,,0,3E61,"BUCHANAN ST","FILBERT ST",0.00,,Y,A,-,N,,,,,,,,,,N,3,0,1,2,A,-,10,21950,A,N,G,B,B,A,H,-,A,A,0,Y,,,,Y,,A,01,0,1,0,0,1,0,0,0,0,"- ","- ",,,"SAN FRANCISCO","SAN FRANCISCO",-122.43238067626953,37.798442840576172
9591712,2023,2023-07-13,3801,2023-06-26,1634,4347,TARAV,1,5,7,3801,0,0,0,,0,311D,"9TH AV","PACHECO ST",0.00,,Y,A,-,N,,,,,,,,,,Y,4,0,2,2,A,-,09,21800,A,N,D,C,A,A,H,-,A,A,0,,,,,Y,,A,07,0,0,2,0,0,0,0,0,0,"- ","- ",,,"SAN FRANCISCO","SAN FRANCISCO",-122.46542358398438,37.7509765625
9591716,2023,2023-07-13,3801,2023-06-28,1310,1892,BAYVI,3,5,7,3801,0,0,0,,0,3C2A,"BAYSHORE BL","SALINAS AV",15.00,W,N,A,-,N,,,,,,,,,,Y,4,0,1,2,A,-,21,22106,,N,D,C,A,A,H,-,A,A,0,,,,,Y,,A,01,0,0,1,0,0,0,0,0,0,"- ","- ",,,"SAN FRANCISCO","SAN FRANCISCO",-122.39993286132812,37.721599578857422
9591720,2023,2023-07-13,3801,2023-06-28,"606 ",2123,BAYVI,3,5,7,3801,0,0,0,,0,3C15A,"KEY AV","3RD ST",20.00,E,N,A,-,N,,,,,,,,,,N,3,0,1,2,A,-,03,22350,,N,E,I,A,A,H,-,B,A,0,,Y,,,Y,,L,04,0,1,0,0,0,0,1,0,0,"- ","- ",,,"SAN FRANCISCO","SAN FRANCISCO",-122.39698791503906,37.719482421875
9591721,2023,2023-08-24,3801,2023-06-27,1300,2126,CENTR,2,5,7,3801,0,0,0,,0,,"GEARY ST","LARKIN ST",0.00,,Y,A,-,N,,,,,,,,,,N,4,0,1,2,A,-,10,21950,A,N,G,B,B,A,H,-,A,A,0,Y,,,,Y,,A,07,0,0,1,0,1,0,0,0,0,"- ","- ",,,"SAN FRANCISCO","SAN FRANCISCO",-122.41810607910156,37.786113739013672
9591722,2023,2023-08-25,3801,2023-06-25,1141,50,TENDE,7,5,7,3801,0,0,0,,0,004,"TURK ST","LEAVENWORTH ST",120.00,E,N,A,-,N,,,,,,,,,,N,3,0,1,1,C,-,18,,,N,H,A,A,A,H,-,A,D,0,,,Y,,Y,,-,"- ",0,1,0,0,0,0,0,0,1,"- ","- ",,,"SAN FRANCISCO","SAN FRANCISCO",-122.41362762451172,37.782852172851562
9591726,2023,2023-07-12,3801,2023-06-21,"511 ",1857,NORTH,3,5,7,3801,0,0,0,,0,3E15E,"BUSH ST","FILLMORE ST",0.00,,Y,A,-,N,,,,,,,,,,Y,3,0,1,3,A,-,01,23153,,N,D,D,A,A,H,-,B,A,0,,,,,Y,Y,A,01,0,1,0,0,0,0,0,0,0,"- ","- ",,,"SAN FRANCISCO","SAN FRANCISCO",-122.43344879150391,37.787040710449219
9591734,2023,2023-07-12,3801,2023-06-22,2213,679,NORTH,4,5,7,3801,0,0,0,,0,0E6,"POLK ST","FILBERT ST",32.00,S,N,A,-,N,,,,,,,,,,Y,4,0,2,2,A,-,05,21650,,N,A,C,A,A,H,-,C,D,0,,,,,Y,Y,A,01,0,0,2,0,0,0,0,0,0,"- ","- ",,,"SAN FRANCISCO","SAN FRANCISCO",-122.42249298095703,37.799613952636719
9591735,2023,2023-07-12,3801,2023-06-22,2212,1933,TENDE,4,5,7,3801,0,0,0,,0,3J12E,"6TH ST","STEVENSON ST",0.00,,Y,A,-,N,,,,,,,,,,N,4,0,1,2,A,-,00,21955,A,N,G,B,D,A,H,-,C,D,0,Y,,,,Y,,N,60,0,0,1,0,1,0,0,0,0,"- ","- ",,,"SAN FRANCISCO","SAN FRANCISCO",-122.40966796875,37.781764984130859
9591736,2023,2023-07-12,3801,2023-06-17,2311,2457,SOUTH,6,5,7,3801,0,0,0,,0,3B14E,"MARKET ST","GOUGH ST",0.00,,Y,A,-,N,,,,,,,,,,N,4,0,1,2,A,-,12,21453,A,F,D,C,A,A,H,-,C,A,0,,,Y,,Y,,A,01,0,0,1,0,0,0,0,0,1,"- ","- ",,,"SAN FRANCISCO","SAN FRANCISCO",-122.42221069335938,37.772872924804688
9591737,2023,2023-07-12,3801,2023-06-17,2116,245,PARK,6,5,7,3801,0,0,0,,0,"3 CAR","MASONIC AV","FULTON ST",0.00,,Y,A,-,N,,,,,,,,,,Y,2,0,1,2,A,-,12,21453,A,N,D,B,A,A,H,-,C,A,0,,,,,Y,,-,,1,0,0,0,0,0,0,0,0,"- ","- ",,,"SAN FRANCISCO","SAN FRANCISCO",-122.44647216796875,37.775791168212891
9591743,2023,2023-07-12,3801,2023-06-18,2242,2098,TENDE,7,5,7,3801,0,0,0,,0,2107,"TURK BL","TAYLOR ST",50.00,,N,A,-,N,,,,,,,,,,N,4,0,1,2,A,-,17,21235,G,N,G,B,F,A,-,-,C,D,0,Y,,,,Y,,-,,0,0,1,0,1,0,0,0,0,"- ","- ",,,"SAN FRANCISCO","SAN FRANCISCO",-122.41078186035156,37.783206939697266
9591744,2023,2023-08-18,3801,2023-06-18,2032,1355,TARAV,7,5,7,3801,0,0,0,,0,3115D,"LAKE MERCED BL","BROTHERHOOD WY",0.00,,Y,A,-,N,,,,,,,,,,Y,4,0,1,3,A,-,03,22350,,N,F,C,A,A,H,-,B,D,0,,,,,Y,,A,07,0,0,1,0,0,0,0,0,0,"- ","- ",,,"SAN FRANCISCO","SAN FRANCISCO",-122.48523712158203,37.714717864990234
9591745,2023,2023-07-12,3801,2023-06-18,2015,2400,BAYVI,7,5,7,3801,0,0,0,,0,2CAR,"WILLIAMS AV","REDDY ST",0.00,,Y,B,-,N,,,,,,,,,,N,4,0,1,2,A,-,12,22450,A,F,B,C,A,A,H,-,A,A,0,,,,,Y,,A,01,0,0,1,0,0,0,0,0,0,"- ","- ",,,"SAN FRANCISCO","SAN FRANCISCO",-122.39539337158203,37.729656219482422
9591747,2023,2023-07-12,3801,2023-06-12,1654,4212,PARK,1,5,7,3801,0,0,0,,0,3F12D,"TWIN PEAKS BL","PORTOLA DR",1584.00,N,N,A,-,N,,,,,,,,,,Y,4,0,1,1,A,-,03,22350,,N,H,A,A,A,B,-,A,D,0,,,Y,,Y,,C,02,0,0,1,0,0,0,0,0,1,"- ","- ",,,"SAN FRANCISCO","SAN FRANCISCO",-122.4478759765625,37.749256134033203
9591748,2023,2023-07-12,3801,2023-06-14,1123,1118,SOUTH,3,5,7,3801,0,0,0,,0,3B14A,"HARRISON ST","4TH ST",178.00,E,N,A,-,N,,,,,,,,,,N,4,0,1,2,A,-,05,21650,1,N,D,G,A,A,H,-,A,D,0,,Y,,,Y,,L,04,0,0,1,0,0,0,1,0,0,"- ","- ",,,"SAN FRANCISCO","SAN FRANCISCO",-122.39919281005859,37.781124114990234
9591749,2023,2023-07-12,3801,2023-06-13,2152,1074,BAYVI,2,5,7,3801,0,0,0,,0,3C13E,"PALOU AV","LANE ST",19.00,N,N,A,-,N,,,,,,,,,,Y,4,0,3,4,A,-,12,22450,A,F,D,D,A,A,H,-,C,A,0,,,,,Y,,A,01,0,0,3,0,0,0,0,0,0,"- ","- ",,,"SAN FRANCISCO","SAN FRANCISCO",-122.38908386230469,37.732959747314453
9591753,2023,2023-07-12,3801,2023-06-10,1212,1952,TENDE,6,5,7,3801,0,0,0,,0,201,"GOLDEN GATE AV","LARKIN ST",194.00,W,N,F,-,N,,,,,,,,,,N,3,0,1,1,B,-,22,,,N,E,A,A,-,H,-,A,D,0,,,,,Y,,M,94,0,1,0,0,0,0,0,0,0,"- ","- ",,,"SAN FRANCISCO","SAN FRANCISCO",-122.41781616210938,37.781356811523438
9591755,2023,2023-07-12,3801,2023-06-02,1157,2289,NORTH,5,5,7,3801,0,0,0,,0,3E14A,BROADWAY,"BUCHANAN ST",0.00,,N,A,-,N,,,,,,,,,,N,4,0,1,2,A,-,10,21950,A,N,G,B,B,A,H,-,A,D,0,Y,,,,Y,,A,01,0,0,1,0,1,0,0,0,0,"- ","- ",,,"SAN FRANCISCO","SAN FRANCISCO",-122.43161010742188,37.794681549072266
9591757,2023,2023-08-25,3801,2023-06-14,1330,2715,NORTH,3,5,7,3801,0,0,0,,0,3E16C,"VAN NESS AV","CLAY ST",19.00,N,N,A,-,Y,SF,4,101,-,-,6.070,H,-,S,Y,3,0,1,2,A,-,03,22350,,N,C,C,A,A,H,-,A,A,0,,,,,Y,,A,01,0,1,0,0,0,0,0,0,0,"- ","- ",,,"SAN FRANCISCO","SAN FRANCISCO",-122.42282867431641,37.792282104492188
9591759,2023,2023-07-12,3801,2023-06-08,2033,1620,RICHM,4,5,7,3801,0,0,0,,0,3G13D,"FULTON ST","43RD AV",0.00,,Y,A,-,N,,,,,,,,,,N,4,0,2,2,A,-,12,21453,A,N,D,C,A,A,H,-,A,A,0,,,,,Y,,A,07,0,0,2,0,0,0,0,0,0,"- ","- ",,,"SAN FRANCISCO","SAN FRANCISCO",-122.50345611572266,37.771675109863281
9591760,2023,2023-08-24,3801,2023-06-16,"737 ",1188,INGLE,5,5,7,3801,0,0,0,,0,3H1A,"DIAMOND HEIGHTS BL","DUNCAN ST",0.00,,Y,A,-,N,,,,,,,,,,N,3,0,1,2,A,-,09,21802,A,N,D,C,A,A,H,-,A,A,0,,,Y,,Y,,A,07,0,1,0,0,0,0,0,0,0,"- ","- ",,,"SAN FRANCISCO","SAN FRANCISCO",-122.44339752197266,37.74652099609375
9591818,2023,2023-07-19,3801,2023-05-29,"955 ",917,TRAFF,1,5,7,3801,0,0,0,,0,4B2E,"FULTON ST","10TH AV",0.00,,Y,A,-,N,,,,,,,,,,Y,2,0,1,2,A,-,12,21453,A,N,D,C,A,A,H,-,A,A,0,,,Y,,Y,,C,02,1,0,0,0,0,0,0,0,1,"- ","- ",,,"SAN FRANCISCO","SAN FRANCISCO",-122.46804046630859,37.773288726806641
9591819,2023,2023-07-19,3801,2023-05-30,1038,390,PARK,2,5,7,3801,0,0,0,,0,001,"KEZAR DR","MARJTIN LUTHER KING JR DR",483.00,E,N,A,-,N,,,,,,,,,,N,4,0,2,2,A,-,03,22350,,N,C,C,A,A,H,-,A,D,0,,,,,Y,,A,01,0,0,2,0,0,0,0,0,0,"- ","- ",,,"SAN FRANCISCO","SAN FRANCISCO",-122.45712280273438,37.767669677734375
9591832,2023,2023-07-18,3801,2023-05-16,2011,4371,INGLE,2,5,7,3801,0,0,0,,0,3H16D,"PORTOLA DR","LAGUNA HONDA BL",180.00,W,N,E,-,N,,,,,,,,,,N,4,0,1,2,A,-,08,22107,,N,B,C,A,A,H,-,B,D,0,,,,,Y,,A,01,0,0,1,0,0,0,0,0,0,"- ","- ",,,"SAN FRANCISCO","SAN FRANCISCO",-122.45548248291016,37.743198394775391
9593754,2023,2023-07-12,3801,2023-06-13,"840 ",1364,NORTH,2,5,7,3801,0,0,0,,0,3E11A,"PAGE ST","OCTAVIA ST",0.00,,Y,A,-,N,,,,,,,,,,N,4,0,4,2,A,-,17,21200,,N,D,G,A,A,H,-,A,A,0,,Y,,,Y,,L,04,0,0,4,0,0,0,4,0,0,"- ","- ",,,"SAN FRANCISCO","SAN FRANCISCO",-122.42411041259766,37.773883819580078
9593802,2023,2023-07-17,3801,2023-06-18,"333 ",1902,INGLE,7,5,7,3801,0,0,0,,0,3H11E,"ALEMANY BL","RT 101",140.00,S,N,A,-,N,,,,,,,,,,N,2,0,1,1,A,-,07,21658,A,N,E,I,A,A,H,-,C,D,0,,,,,Y,,M,96,1,0,0,0,0,0,0,0,0,"- ",SO,,,"SAN FRANCISCO","SAN FRANCISCO",,
9593806,2023,2023-07-17,3801,2023-06-18,1130,2210,SOUTH,7,5,7,3801,0,0,0,,0,0B4,"MARKET ST","OCTAVIA ST",0.00,,Y,A,-,N,,,,,,,,,,N,3,0,1,2,A,-,08,22101,D,N,D,G,A,A,H,-,A,A,0,,Y,,,Y,,A,01,0,1,0,0,0,0,1,0,0,"- ","- ",,,"SAN FRANCISCO","SAN FRANCISCO",-122.42359161376953,37.771774291992188
9593809,2023,2023-07-17,3801,2023-06-03,1910,2748,INGLE,6,5,7,3801,0,0,0,,0,3H11D,"GOLD MINE DR","THE REFERENCE POINT",4.00,N,N,A,-,N,,,,,,,,,,Y,4,0,1,2,A,-,03,22350,,N,F,I,A,A,H,-,-,D,0,,,,,Y,,A,01,0,0,1,0,0,0,0,0,0,"- ","- ",,,"SAN FRANCISCO","SAN FRANCISCO",,
9593811,2023,2023-07-17,3801,2023-06-26,1553,380,CENTR,1,5,7,3801,0,0,0,,0,,"JACKSON ST","DAVIS ST",0.00,,Y,A,-,N,,,,,,,,,,,4,0,1,2,A,-,10,21950,A,N,G,B,B,-,H,-,A,D,0,Y,,,,Y,,A,01,0,0,1,0,1,0,0,0,0,"- ","- ",,,"SAN FRANCISCO","SAN FRANCISCO",-122.39833068847656,37.797084808349609
9593813,2023,2023-07-17,3801,2023-06-02,"919 ",2202,INGLE,5,5,7,3801,0,0,0,,0,3H11A,"ALEMANY BL","TINGLEY ST",0.00,,Y,A,-,N,,,,,,,,,,N,4,0,1,2,A,-,09,21804,A,N,D,C,A,A,H,-,A,D,0,,,,,Y,Y,A,01,0,0,1,0,0,0,0,0,0,"- ","- ",,,"SAN FRANCISCO","SAN FRANCISCO",-122.43402099609375,37.729358673095703
9593814,2023,2023-07-17,3801,2023-06-05,1240,4160,MISSI,1,5,7,3801,0,0,0,,0,03D,"24TH ST","YORK ST",13.00,S,N,A,-,N,,,,,,,,,,Y,3,0,1,2,A,-,12,22450,A,N,G,B,B,A,H,-,A,D,0,Y,,,,Y,,A,01,0,1,0,0,1,0,0,0,0,"- ","- ",,,"SAN FRANCISCO","SAN FRANCISCO",-122.40818023681641,37.75286865234375
9593815,2023,2023-07-17,3801,2023-06-14,1747,1666,PARK,3,5,7,3801,0,0,0,,0,4CAR,"STEINER ST","DUBOCE AV",42.00,N,N,A,-,N,,,,,,,,,,N,4,0,1,2,A,-,04,21703,,N,C,G,A,A,H,-,A,A,0,,Y,,,Y,,A,07,0,0,1,0,0,0,1,0,0,"- ","- ",,,"SAN FRANCISCO","SAN FRANCISCO",-122.43160247802734,37.769432067871094
9595791,2023,2023-07-19,3801,2023-06-01,1730,1339,TRAFF,4,5,7,3801,0,0,0,,0,4B3D,"24TH AV","TARAVAL ST",0.00,N,N,A,-,N,,,,,,,,,,N,3,0,1,2,A,-,05,21651,B,N,D,C,A,A,H,-,A,A,0,,,,,Y,,M,94,0,1,0,0,0,0,0,0,0,"- ","- ",,,"SAN FRANCISCO","SAN FRANCISCO",-122.48105621337891,37.7427978515625
9600263,2023,2023-08-11,3801,2023-07-20,"808 ",2195,NORTH,4,5,7,3801,0,0,0,,0,003,"POLK ST","OFARRELL ST",0.00,,Y,A,-,N,,,,,,,,,,N,3,0,1,2,A,-,10,21950,A,N,G,B,B,A,H,-,A,A,0,Y,,,,Y,,A,01,0,1,0,0,1,0,0,0,0,"- ","- ",,,"SAN FRANCISCO","SAN FRANCISCO",-122.41954803466797,37.784969329833984
9600279,2023,2023-08-15,3801,2023-07-19,"846 ",4279,INGLE,3,5,7,3801,0,0,0,,0,,"GENEVA AV","PARIS ST",0.00,,Y,A,-,N,,,,,,,,,,N,4,0,1,2,D,-,00,,,N,G,B,B,A,H,-,A,A,0,Y,,,Y,Y,,-,"- ",0,0,1,0,1,0,0,0,0,"- ","- ",,,"SAN FRANCISCO","SAN FRANCISCO",-122.43943023681641,37.715679168701172
9600287,2023,2023-08-11,3801,2023-07-21,"650 ",1296,INGLE,5,5,7,3801,0,0,0,,0,3H15A,"DELTA ST","ARLETA AV",54.00,N,N,A,-,N,,,,,,,,,,Y,3,0,1,3,A,-,06,21755,A,N,B,C,A,A,H,-,A,D,0,,,,,Y,,A,01,0,1,0,0,0,0,0,0,0,"- ","- ",,,"SAN FRANCISCO","SAN FRANCISCO",-122.40883636474609,37.714618682861328
9600311,2023,2023-08-11,3801,2023-07-13,1302,899,NORTH,4,5,7,3801,0,0,0,,0,3E1A,"FILLMORE ST","GEARY BL",0.00,,Y,A,-,N,,,,,,,,,,N,4,0,1,2,A,-,12,21453,A,N,D,C,A,A,H,-,A,A,0,,,Y,,Y,,C,02,0,0,1,0,0,0,0,0,1,"- ","- ",,,"SAN FRANCISCO","SAN FRANCISCO",-122.43294525146484,37.784530639648438
9600315,2023,2023-08-11,3801,2023-07-13,1453,1530,BAYVI,4,5,7,3801,0,0,0,,0,3C11A,"JERROLD AV","BAYSHORE BL",80.00,E,N,A,-,N,,,,,,,,,,N,4,0,2,3,A,-,03,22350,,F,C,C,A,A,H,-,A,A,0,,,Y,,Y,,D,22,0,0,2,0,0,0,0,0,0,"- ","- ",,,"SAN FRANCISCO","SAN FRANCISCO",-122.40336608886719,37.747306823730469
9600318,2023,2023-08-16,3801,2023-05-27,1750,4084,TRAFF,6,5,7,3801,0,0,0,,0,4B4B,OFARRELL,"HYDE ST",58.00,W,N,B,-,N,,,,,,,,,,Y,2,0,1,4,A,-,03,22350,,N,B,C,A,A,H,-,A,A,0,,,Y,,Y,,C,02,1,0,0,0,0,0,0,0,1,"- ","- ",,,"SAN FRANCISCO","SAN FRANCISCO",-122.41645812988281,37.785362243652344
9601814,2023,2023-09-13,3801,2023-07-29,1120,4275,TARAV,6,5,7,3801,0,0,0,,0,3113A,"GREAT HWY","RIVERA ST",0.00,,Y,A,-,N,,,,,,,,,,N,3,0,2,2,A,-,10,21954,B,N,C,B,E,A,H,-,A,D,0,Y,Y,,,Y,,L,04,0,2,0,0,1,0,1,0,0,"- ","- ",,,"SAN FRANCISCO","SAN FRANCISCO",-122.50746917724609,37.745407104492188
9601816,2023,2023-09-21,3801,2023-08-23,"18  ",359,TARAV,3,5,7,3801,0,0,0,,0,3I60,"JUNIPERO SERRA BL","PALMETTO AV",300.00,S,N,E,-,Y,SF,4,1,-,R,0.120,H,-,N,Y,3,0,1,1,A,-,03,22350,,N,B,I,A,A,H,-,C,D,0,,,,,Y,,A,01,0,1,0,0,0,0,0,0,0,"- ","- ",,,"SAN FRANCISCO","SAN FRANCISCO",-122.47103118896484,37.709865570068359