CASE_ID,ACCIDENT_YEAR,PROC_DATE,JURIS,COLLISION_DATE,COLLISION_TIME,OFFICER_ID,REPORTING_DISTRICT,DAY_OF_WEEK,CHP_SHIFT,POPULATION,CNTY_CITY_LOC,SPECIAL_COND,BEAT_TYPE,CHP_BEAT_TYPE,CITY_DIVISION_LAPD,CHP_BEAT_CLASS,BEAT_NUMBER,PRIMARY_RD,SECONDARY_RD,DISTANCE,DIRECTION,INTERSECTION,WEATHER_1,WEATHER_2,STATE_HWY_IND,CALTRANS_COUNTY,CALTRANS_DISTRICT,STATE_ROUTE,ROUTE_SUFFIX,POSTMILE_PREFIX,POSTMILE,LOCATION_TYPE,RAMP_INTERSECTION,SIDE_OF_HWY,TOW_AWAY,COLLISION_SEVERITY,NUMBER_KILLED,NUMBER_INJURED,PARTY_COUNT,PRIMARY_COLL_FACTOR,PCF_CODE_OF_VIOL,PCF_VIOL_CATEGORY,PCF_VIOLATION,PCF_VIOL_SUBSECTION,HIT_AND_RUN,TYPE_OF_COLLISION,MVIW,PED_ACTION,ROAD_SURFACE,ROAD_COND_1,ROAD_COND_2,LIGHTING,CONTROL_DEVICE,CHP_ROAD_TYPE,PEDESTRIAN_ACCIDENT,BICYCLE_ACCIDENT,MOTORCYCLE_ACCIDENT,TRUCK_ACCIDENT,NOT_PRIVATE_PROPERTY,ALCOHOL_INVOLVED,STWD_VEHTYPE_AT_FAULT,CHP_VEHTYPE_AT_FAULT,COUNT_SEVERE_INJ,COUNT_VISIBLE_INJ,COUNT_COMPLAINT_PAIN,COUNT_PED_KILLED,COUNT_PED_INJURED,COUNT_BICYCLIST_KILLED,COUNT_BICYCLIST_INJURED,COUNT_MC_KILLED,COUNT_MC_INJURED,PRIMARY_RAMP,SECONDARY_RAMP,LATITUDE,LONGITUDE,COUNTY,CITY,POINT_X,POINT_Y
9602184,2023,2023-08-14,3801,2023-07-27,1843,2400,BAYVI,4,5,7,3801,0,0,0,,0,5CAR,"INGALLS ST","QUESADA AV",0.00,,Y,A,-,N,,,,,,,,,,Y,3,0,1,4,A,-,12,22450,A,F,D,C,A,A,H,-,A,A,0,,,Y,,Y,,A,42,0,1,0,0,0,0,0,0,0,"- ","- ",,,"SAN FRANCISCO","SAN FRANCISCO",-122.38399505615234,37.729114532470703
9602188,2023,2023-08-11,3801,2023-07-17,"755 ",1906,PARK,1,5,7,3801,0,0,0,,0,3F4,"PAGE ST","DIVISADERO ST",56.00,W,N,A,-,N,,,,,,,,,,,3,0,1,2,A,-,03,22350,,N,C,G,A,A,H,-,A,D,0,,Y,,,Y,,L,04,0,1,0,0,0,0,1,0,0,"- ","- ",,,"SAN FRANCISCO","SAN FRANCISCO",-122.43742370605469,37.772182464599609
9602189,2023,2023-08-14,3801,2023-07-17,1218,1442,NORTH,1,5,7,3801,0,0,0,,0,3E15A,"RICHARDSON ST","CHESTNUT ST",0.00,,Y,A,-,N,,,,,,,,,,Y,3,0,2,3,A,-,03,22350,,N,C,C,A,A,H,-,A,A,0,,,Y,,Y,,A,07,0,2,0,0,0,0,0,0,2,"- ","- ",,,"SAN FRANCISCO","SAN FRANCISCO",-122.44598388671875,37.799575805664062
9602190,2023,2023-08-11,3801,2023-07-19,"853 ",1457,TARAV,3,5,7,3801,0,0,0,,0,001,"JUDAH ST","17TH AV",122.00,E,N,B,-,N,,,,,,,,,,N,4,0,1,2,A,-,04,21703,,N,C,C,A,A,H,-,A,D,0,,,,,Y,,A,01,0,0,1,0,0,0,0,0,0,"- ","- ",,,"SAN FRANCISCO","SAN FRANCISCO",-122.47441101074219,37.761875152587891
9602197,2023,2023-08-14,3801,2023-07-19,"829 ",1188,INGLE,3,5,7,3801,0,0,0,,0,3H4A,"SILVER AV","MISSION ST",10.00,E,N,A,-,N,,,,,,,,,,,4,0,1,2,A,-,10,21950,A,F,A,B,B,A,H,-,A,A,0,Y,,,,Y,Y,-,,0,0,1,0,1,0,0,0,0,"- ","- ",,,"SAN FRANCISCO","SAN FRANCISCO",-122.43124389648438,37.728733062744141
9602201,2023,2023-08-14,3801,2023-07-12,1358,2195,NORTH,3,5,7,3801,0,0,0,,0,004,"DIVISADERO ST","CALIFORNIA ST",0.00,,Y,A,-,N,,,,,,,,,,Y,2,0,1,2,A,-,09,21801,A,N,D,C,A,A,H,-,A,A,0,,,Y,,Y,,-,,1,0,0,0,0,0,0,0,1,"- ","- ",,,"SAN FRANCISCO","SAN FRANCISCO",-122.44045257568359,37.788082122802734
9602202,2023,2023-10-10,3801,2023-07-17,1038,229,MISSI,1,5,7,3801,0,0,0,,0,3D14A,"17TH ST","S VAN NESS AV",84.00,E,N,A,-,N,,,,,,,,,,N,4,0,1,2,A,-,17,21235,G,N,B,J,A,A,H,-,A,A,0,,,Y,,Y,,C,03,0,0,1,0,0,0,0,0,1,"- ","- ",,,"SAN FRANCISCO","SAN FRANCISCO",-122.41705322265625,37.763576507568359
9602203,2023,2023-08-21,3801,2023-07-19,"40  ",1066,NORTH,3,5,7,3801,0,0,0,,0,,"OCTAVIA ST","OAK ST",0.00,,Y,A,-,N,,,,,,,,,,Y,4,0,2,2,A,-,12,21453,A,N,D,C,A,A,H,-,C,A,0,,,,,Y,,-,"- ",0,0,2,0,0,0,0,0,0,"- ","- ",,,"SAN FRANCISCO","SAN FRANCISCO",-122.42430114746094,37.774799346923828
9602204,2023,2023-08-14,3801,2023-07-25,1221,359,TARAV,2,5,7,3801,0,0,0,,0,3I5E,"JUNIPERO SERRA BL","PALMETTO AV",190.00,S,N,A,-,N,,,,,,,,,,Y,4,0,1,3,A,-,03,22350,,N,C,C,A,A,H,-,A,D,0,,,,,Y,,A,07,0,0,1,0,0,0,0,0,0,"- ","- ",,,"SAN FRANCISCO","SAN FRANCISCO",-122.47104644775391,37.710117340087891
9602205,2023,2023-08-14,3801,2023-07-25,1411,359,TARAV,2,5,7,3801,0,0,0,,0,3I5E,"19TH AV","LAWTON ST",30.00,S,N,A,-,N,,,,,,,,,,N,4,0,1,3,A,-,03,22350,,N,C,C,A,A,H,-,A,D,0,,,,,Y,,A,01,0,0,1,0,0,0,0,0,0,"- ","- ",,,"SAN FRANCISCO","SAN FRANCISCO",-122.47669219970703,37.757858276367188
9602207,2023,2023-08-11,3801,2023-07-26,1020,618,TARAV,3,5,7,3801,0,0,0,,0,3I15A,"WINSTON DR","20TH AV",0.00,,Y,B,-,N,,,,,,,,,,Y,4,0,4,2,A,-,09,21801,B,N,-,C,A,A,H,-,A,A,0,,,,,Y,,A,01,0,0,4,0,0,0,0,0,0,"- ","- ",,,"SAN FRANCISCO","SAN FRANCISCO",-122.47597503662109,37.730087280273438
9602211,2023,2023-08-23,3801,2023-07-22,1558,1194,TENDE,6,5,7,3801,0,0,0,,0,0J1,"7TH ST","MARKET ST",108.00,S,N,A,-,N,,,,,,,,,,N,3,0,1,2,A,-,17,22517,,N,B,G,A,A,H,-,A,D,0,,Y,,,Y,,A,07,0,1,0,0,0,0,0,0,0,"- ","- ",,,"SAN FRANCISCO","SAN FRANCISCO",-122.41224670410156,37.780269622802734
9602213,2023,2023-08-11,3801,2023-07-08,1547,2355,TARAV,6,5,7,3801,0,0,0,,0,015,"SLOAT BL","34TH AV",0.00,,Y,A,-,N,,,,,,,,,,Y,4,0,1,2,A,-,03,22350,,N,D,C,A,A,H,-,A,A,0,,,,,Y,,A,01,0,0,1,0,0,0,0,0,0,"- ","- ",,,"SAN FRANCISCO","SAN FRANCISCO",-122.49124908447266,37.734130859375
9602214,2023,2023-08-11,3801,2023-07-17,"645 ",1849,TENDE,1,5,7,3801,0,0,0,,0,3J11A,"8TH ST","8TH ST 50",0.00,,Y,A,-,N,,,,,,,,,,N,4,0,1,2,A,-,08,22107,,N,H,J,A,A,H,-,A,D,0,,,Y,,Y,,A,01,0,0,1,0,0,0,0,0,1,"- ","- ",,,"SAN FRANCISCO","SAN FRANCISCO",-121.00348663330078,40.311603546142578
9602215,2023,2023-08-14,3801,2023-07-11,1200,4798,NORTH,2,5,7,3801,0,0,0,,0,3E00,"MARKET ST","POWELL ST",0.00,,Y,A,-,N,,,,,,,,,,N,4,0,1,2,A,-,08,22107,,F,B,C,A,A,H,-,A,A,0,,,,,Y,Y,A,01,0,0,1,0,0,0,0,0,0,"- ","- ",,,"SAN FRANCISCO","SAN FRANCISCO",-122.40756988525391,37.784564971923828
9602216,2023,2023-08-11,3801,2023-07-09,2237,1057,TENDE,7,5,7,3801,0,0,0,,0,3J12E,"HYDE ST","MCALLISTER ST",0.00,,Y,A,-,N,,,,,,,,,,N,3,0,1,2,A,-,17,21235,G,F,D,D,A,A,H,-,C,A,0,,,,,Y,Y,M,94,0,1,0,0,0,0,0,0,0,"- ","- ",,,"SAN FRANCISCO","SAN FRANCISCO",-122.41532135009766,37.780738830566406
9602217,2023,2023-08-11,3801,2023-07-05,1754,1707,NORTH,3,5,7,3801,0,0,0,,0,3E13D,"EDDY ST","VAN NESS AV",115.00,E,N,A,-,N,,,,,,,,,,N,4,0,1,2,A,-,05,21460,A,N,-,G,A,A,H,-,A,D,0,,Y,,,Y,,A,01,0,0,1,0,0,0,1,0,0,"- ","- ",,,"SAN FRANCISCO","SAN FRANCISCO",-122.42036437988281,37.782936096191406
9602219,2023,2023-08-11,3801,2023-07-03,2050,2091,NORTH,1,5,7,3801,0,0,0,,0,3E14D,"FILBERT ST","POLK ST",0.00,,Y,A,-,N,,,,,,,,,,N,3,0,1,2,A,-,12,22450,A,F,G,B,B,A,H,-,C,A,0,Y,,,,Y,,A,01,0,1,0,0,1,0,0,0,0,"- ","- ",,,"SAN FRANCISCO","SAN FRANCISCO",-122.42250823974609,37.799701690673828
9602220,2023,2023-08-23,3801,2023-07-04,1427,1279,BAYVI,2,5,7,3801,0,0,0,,0,3C12D,"EVANS AV","PHELPS ST",0.00,,Y,A,-,N,,,,,,,,,,Y,3,0,8,3,A,-,03,22350,,N,B,C,A,A,-,-,A,D,0,,,,,Y,Y,A,01,0,1,7,0,0,0,0,0,0,"- ","- ",,,"SAN FRANCISCO","SAN FRANCISCO",-122.38845062255859,37.742977142333984
9602226,2023,2023-08-16,3801,2023-07-08,1205,179,NORTH,6,5,7,3801,0,0,0,,0,3E12A,"STEINER ST","GROVE ST",21.00,S,N,A,-,N,,,,,,,,,,N,3,0,1,2,A,-,03,22350,,N,B,E,A,A,H,-,A,D,0,,,Y,,Y,,C,03,0,1,0,0,0,0,0,0,1,"- ","- ",,,"SAN FRANCISCO","SAN FRANCISCO",-122.43303680419922,37.776504516601562
9602228,2023,2023-08-21,3801,2023-07-08,1518,4212,PARK,6,5,7,3801,0,0,0,,0,3F13D,"STANYAN ST","HAIGHT ST",0.00,,Y,A,-,N,,,,,,,,,,Y,3,0,1,2,A,-,09,21801,A,N,D,C,A,A,H,-,A,D,0,,,Y,,Y,,A,01,0,1,0,0,0,0,0,0,1,"- ","- ",,,"SAN FRANCISCO","SAN FRANCISCO",-122.45352935791016,37.769149780273438
9602229,2023,2023-08-16,3801,2023-07-09,"230 ",1857,NORTH,7,5,7,3801,0,0,0,,0,3E4E,"LOMBARD ST","WEBSTER ST",46.00,E,N,A,-,N,,,,,,,,,,N,3,0,1,2,A,-,11,21955,,N,G,B,D,A,H,-,C,A,0,Y,,,,Y,Y,N,60,0,1,0,0,1,0,0,0,0,"- ","- ",,,"SAN FRANCISCO","SAN FRANCISCO",-122.43423461914062,37.800079345703125
9602231,2023,2023-08-16,3801,2023-07-06,1343,2315,MISSI,4,5,7,3801,0,0,0,,0,3D15A,"13TH ST","SOUTH VAN NESS AV",60.00,W,N,A,-,N,,,,,,,,,,N,4,0,1,2,A,-,08,22107,,N,C,C,A,A,H,-,A,A,0,,,Y,,Y,,A,01,0,0,1,0,0,0,0,0,1,"- ","- ",,,"SAN FRANCISCO","SAN FRANCISCO",-122.41798400878906,37.769680023193359
9602232,2023,2023-08-16,3801,2023-07-06,1952,1823,MISSI,4,5,7,3801,0,0,0,,0,004,"POTRERO AV","24TH ST",0.00,,Y,A,-,N,,,,,,,,,,N,3,0,1,2,A,-,12,21453,,F,G,B,B,A,H,-,B,A,0,Y,,,,Y,,A,01,0,1,0,0,1,0,0,0,0,"- ","- ",,,"SAN FRANCISCO","SAN FRANCISCO",-122.40631866455078,37.752994537353516
9602234,2023,2023-08-16,3801,2023-07-11,2121,488,INGLE,2,5,7,3801,0,0,0,,0,3H15E,"BRUNSWICK ST","WHITTIER ST",23.00,N,N,A,-,N,,,,,,,,,,Y,4,0,1,3,A,-,01,23152,F,N,A,E,A,A,H,-,C,A,0,,,,,Y,Y,A,07,0,0,1,0,0,0,0,0,0,"- ","- ",,,"SAN FRANCISCO","SAN FRANCISCO",-122.44760894775391,37.709083557128906
9602237,2023,2023-08-28,3801,2023-07-12,1555,2723,PARK,3,5,7,3801,0,0,0,,0,3F13D,"CROSSOVER DR","TRANSVERSE DR",0.00,,Y,A,-,N,,,,,,,,,,N,4,0,1,2,A,-,03,22350,,N,B,B,A,A,H,-,A,D,0,,Y,,,Y,,A,01,0,0,1,0,0,0,1,0,0,"- ","- ",,,"SAN FRANCISCO","SAN FRANCISCO",-122.48176574707031,37.771884918212891
9602240,2023,2023-08-16,3801,2023-07-10,"737 ",555,MISSI,1,5,7,3801,0,0,0,,0,3D13A,"FOLSOM ST","17TH ST",210.00,N,N,A,-,N,,,,,,,,,,N,4,0,1,2,A,-,17,22517,,N,H,G,A,A,H,-,A,D,0,,Y,,,Y,,A,01,0,0,1,0,0,0,1,0,0,"- ","- ",,,"SAN FRANCISCO","SAN FRANCISCO",-122.41519927978516,37.764266967773438
9602276,2023,2023-09-08,3801,2023-06-06,1955,1435,TRAFF,2,5,7,3801,0,0,0,,0,4B4C,"3RD ST","JAMESTOWN AV",0.00,,Y,A,-,N,,,,,,,,,,Y,4,0,1,2,A,-,12,21453,A,N,D,C,A,A,H,-,A,A,0,,,,,Y,,A,01,0,0,1,0,0,0,0,0,0,"- ","- ",,,"SAN FRANCISCO","SAN FRANCISCO",-122.39671325683594,37.720260620117188
9602278,2023,2023-08-10,3801,2023-06-29,"834 ",719,CENTR,4,5,7,3801,0,0,0,,0,3A1A,"LARKIN ST","CALIFORNIA ST",0.00,,Y,A,-,N,,,,,,,,,,Y,4,0,2,2,A,-,01,23152,,N,C,C,A,A,H,-,A,A,0,,,,,Y,,B,01,0,0,2,0,0,0,0,0,0,"- ","- ",,,"SAN FRANCISCO","SAN FRANCISCO",-122.41903686523438,37.790794372558594
9602279,2023,2023-08-10,3801,2023-06-07,1139,2195,NORTH,3,5,7,3801,0,0,0,,0,007,"GEARY BL","DIVISADERO ST",0.00,,Y,A,-,N,,,,,,,,,,N,3,0,1,2,A,-,10,21950,A,M,G,B,B,A,H,-,A,A,0,Y,,,,Y,,A,01,0,1,0,0,1,0,0,0,0,"- ","- ",,,"SAN FRANCISCO","SAN FRANCISCO",-122.43947601318359,37.783359527587891
9602280,2023,2023-09-08,3801,2023-06-10,1425,311,PARK,6,5,7,3801,0,0,0,,0,3F13A,"WILLARD ST","CARL ST",0.00,,Y,A,-,N,,,,,,,,,,Y,4,0,1,1,A,-,03,22350,,N,H,-,A,A,H,-,A,D,0,,,,,Y,,A,01,0,0,1,0,0,0,0,0,0,"- ","- ",,,"SAN FRANCISCO","SAN FRANCISCO",-122.45439910888672,37.765232086181641
9602282,2023,2023-09-08,3801,2023-06-14,"727 ",1849,TENDE,3,5,7,3801,0,0,0,,0,3J11A,"MARKET ST","10TH ST",0.00,,Y,A,-,N,,,,,,,,,,N,2,0,1,1,C,-,18,,,N,H,A,A,A,H,-,A,A,0,,,Y,,Y,,-,"- ",1,0,0,0,0,0,0,0,1,"- ","- ",,,"SAN FRANCISCO","SAN FRANCISCO",-122.41753387451172,37.776527404785156
9602286,2023,2023-08-10,3801,2023-06-30,1547,2705,BAYVI,5,5,7,3801,0,0,0,,0,3C11D,"ILLINOIS ST","AMADOR ST",0.00,,N,A,-,N,,,,,,,,,,Y,4,0,1,1,C,-,18,,,N,-,A,A,D,H,-,A,D,0,,,Y,,Y,,-,"- ",0,0,1,0,0,0,0,0,1,"- ","- ",,,"SAN FRANCISCO","SAN FRANCISCO",-122.38603973388672,37.745765686035156
9602288,2023,2023-08-10,3801,2023-06-30,2029,2293,NORTH,5,5,7,3801,0,0,0,,0,0E3,"GOUGH ST","BUSH ST",0.00,,Y,A,-,N,,,,,,,,,,Y,4,0,1,2,A,-,12,21453,A,N,D,C,A,A,H,-,C,A,0,,,,,Y,,B,01,0,0,1,0,0,0,0,0,0,"- ","- ",,,"SAN FRANCISCO","SAN FRANCISCO",-122.42523956298828,37.788066864013672
9602290,2023,2023-08-10,3801,2023-06-28,1312,2402,TARAV,3,5,7,3801,0,0,0,,0,3I2A,"ULLOA ST","28TH AV",0.00,,Y,B,-,N,,,,,,,,,,Y,4,0,1,2,A,-,12,22450,A,N,D,C,A,A,H,-,A,A,0,,,,,Y,,A,01,0,0,1,0,0,0,0,0,0,"- ","- ",,,"SAN FRANCISCO","SAN FRANCISCO",-122.48521423339844,37.740760803222656
9602293,2023,2023-08-10,3801,2023-06-04,1337,677,SOUTH,7,5,7,3801,0,0,0,,0,3B3C,"6TH ST","NATOMA ST",0.00,,Y,A,-,N,,,,,,,,,,Y,4,0,1,2,A,-,09,21800,A,N,D,C,A,A,D,-,A,B,0,,,,,Y,,A,01,0,0,1,0,0,0,0,0,0,"- ","- ",,,"SAN FRANCISCO","SAN FRANCISCO",-122.40766906738281,37.780181884765625
9602296,2023,2023-08-10,3801,2023-06-13,"30  ",1709,PARK,2,5,7,3801,0,0,0,,0,002,"TWIN PEAKS BL","PANORAMA DR",14.00,S,N,A,-,N,,,,,,,,,,Y,4,0,1,1,A,-,03,22350,,N,A,I,A,A,H,-,C,D,0,,,,,Y,,-,,0,0,1,0,0,0,0,0,0,"- ","- ",,,"SAN FRANCISCO","SAN FRANCISCO",-122.44956207275391,37.746604919433594
9602298,2023,2023-08-10,3801,2023-06-27,1522,2038,PARK,2,5,7,3801,0,0,0,,0,3F12D,"BOWLING GREEN DR","NANCY PELOSI DR",268.00,N,N,A,-,N,,,,,,,,,,N,3,0,1,2,A,-,03,22350,,F,D,B,D,A,H,-,A,D,0,Y,,,,Y,,M,94,0,1,0,0,1,0,0,0,0,"- ","- ",,,"SAN FRANCISCO","SAN FRANCISCO",-122.46029663085938,37.770378112792969
9602299,2023,2023-09-08,3801,2023-06-30,"924 ",2707,TARAV,5,5,7,3801,0,0,0,,0,2CAR,"TARAVAL ST","TARAVAL ST 2533",0.00,,Y,A,-,N,,,,,,,,,,N,2,0,1,1,A,-,"- ",,,N,H,-,A,A,C,-,A,B,0,,Y,,,Y,,L,04,1,0,0,0,0,0,1,0,0,"- ","- ",,,"SAN FRANCISCO","SAN FRANCISCO",,
9602300,2023,2023-08-10,3801,2023-06-05,"805 ",428,CENTR,1,5,7,3801,0,0,0,,0,,"BUSH ST","BUST ST 453",0.00,,Y,A,-,N,,,,,,,,,,N,3,0,1,2,A,-,17,21235,G,N,G,B,F,A,H,-,A,D,0,Y,,,,Y,,M,94,0,1,0,0,1,0,0,0,0,"- ","- ",,,"SAN FRANCISCO","SAN FRANCISCO",,
9603165,2023,2023-07-28,3801,2023-02-21,2209,2148,MISSI,2,5,7,3801,0,0,0,,0,3D13E,"23RD ST","SOUTH VAN NESS AV",37.00,E,N,A,-,N,,,,,,,,,,N,4,0,2,2,A,-,03,22350,,N,C,C,A,A,H,-,C,A,0,,,,,Y,,A,01,0,0,2,0,0,0,0,0,0,"- ","- ",,,"SAN FRANCISCO","SAN FRANCISCO",-122.41631317138672,37.753971099853516
9603613,2023,2023-08-14,3801,2023-07-09,"647 ",2202,INGLE,7,5,7,3801,0,0,0,,0,3H12A,"MISSION ST","FARRAGUT AV",56.00,S,N,B,F,N,,,,,,,,,,Y,4,0,1,2,A,-,03,22350,,N,E,E,A,B,H,-,A,D,0,,,,,Y,,A,01,0,0,1,0,0,0,0,0,0,"- ","- ",,,"SAN FRANCISCO","SAN FRANCISCO",-122.44956970214844,37.709880828857422
9603614,2023,2023-11-15,3801,2023-06-29,1210,380,CENTR,4,5,7,3801,0,0,0,,0,5CAR,MARKET,BEALE,0.00,,Y,A,-,N,,,,,,,,,,N,4,0,1,2,A,-,03,22350,,M,D,C,A,A,H,-,A,A,0,,,,,Y,Y,B,01,0,0,1,0,0,0,0,0,0,"- ","- ",,,"SAN FRANCISCO","SAN FRANCISCO",-122.3973388671875,37.792495727539062
9603681,2023,2023-08-11,3801,2023-07-15,"415 ",4310,TENDE,6,5,7,3801,0,0,0,,0,3J14E,"ELLIS ST","HYDE ST",0.00,,Y,A,-,N,,,,,,,,,,Y,4,0,1,3,A,-,03,22350,,M,E,B,B,A,H,-,C,A,0,Y,,,,Y,,A,01,0,0,1,0,1,0,0,0,0,"- ","- ",,,"SAN FRANCISCO","SAN FRANCISCO",-122.41606140136719,37.784446716308594
9603682,2023,2023-08-11,3801,2023-07-15,"426 ",709,BAYVI,6,5,7,3801,0,0,0,,0,3C11E,"SAN BRUNO AV","OLMSTEAD ST",0.00,,Y,A,-,N,,,,,,,,,,Y,3,0,1,6,A,-,03,22350,,N,A,C,A,A,H,-,C,D,0,,,,,Y,,A,01,0,1,0,0,0,0,0,0,0,"- ","- ",,,"SAN FRANCISCO","SAN FRANCISCO",-122.40163421630859,37.722843170166016
9603683,2023,2023-08-11,3801,2023-07-14,1444,1875,BAYVI,5,5,7,3801,0,0,0,,0,3C15D,"HESTER AV","LAUREN CT",0.00,,Y,A,-,N,,,,,,,,,,N,4,0,1,2,A,-,09,21801,A,N,D,C,A,A,H,-,A,D,0,,,,,Y,,A,01,0,0,1,0,0,0,0,0,0,"- ","- ",,,"SAN FRANCISCO","SAN FRANCISCO",-122.39820861816406,37.714420318603516
9603685,2023,2023-08-11,3801,2023-07-14,"815 ",1297,PARK,5,5,7,3801,0,0,0,,0,3F13A,"PAGE ST","CENTRAL AV",0.00,,Y,A,-,N,,,,,,,,,,N,3,0,1,2,A,-,17,22517,,N,E,G,A,A,H,-,A,D,0,,Y,,,Y,,A,01,0,1,0,0,0,0,1,0,0,"- ","- ",,,"SAN FRANCISCO","SAN FRANCISCO",-122.44383239746094,37.7713623046875
9603687,2023,2023-08-11,3801,2023-07-13,1759,1857,NORTH,4,5,7,3801,0,0,0,,0,3E11E,"VAN NESS AV","MARKET ST",0.00,,Y,A,-,N,,,,,,,,,,N,2,0,1,2,A,-,08,22107,,F,D,G,A,A,H,-,A,A,0,,Y,,,Y,,A,01,1,0,0,0,0,0,1,0,0,"- ","- ",,,"SAN FRANCISCO","SAN FRANCISCO",-122.41925811767578,37.775169372558594
9603690,2023,2023-08-11,3801,2023-07-13,1906,171,CENTR,4,5,7,3801,0,0,0,,0,3CAR,"NORTH POINT ST","LEAVENWORTH ST",0.00,,Y,A,-,N,,,,,,,,,,N,2,0,2,3,A,-,10,21950,A,N,G,B,B,A,H,-,A,A,0,Y,,,,Y,,A,07,1,1,0,0,2,0,0,0,0,"- ","- ",,,"SAN FRANCISCO","SAN FRANCISCO",-122.41873168945312,37.805931091308594
9603695,2023,2023-08-11,3801,2023-07-16,1830,986,TARAV,7,5,7,3801,0,0,0,,0,3I15D,"JUNIPERO SERRA BL","THOMAS MORE WY",0.00,,Y,A,-,N,,,,,,,,,,Y,3,0,2,2,A,-,03,22350,,N,C,C,A,A,H,-,A,D,0,,,,,Y,,A,01,0,1,1,0,0,0,0,0,0,"- ","- ",,,"SAN FRANCISCO","SAN FRANCISCO",-122.47329711914062,37.711620330810547
9603697,2023,2023-08-11,3801,2023-07-15,2230,740,MISSI,6,5,7,3801,0,0,0,,0,0D6,"13TH ST","FOLSOM ST",0.00,,Y,A,-,N,,,,,,,,,,Y,4,0,2,3,A,-,12,21453,A,N,D,C,A,A,H,-,C,A,0,,,,,Y,,A,01,0,0,2,0,0,0,0,0,0,"- ","- ",,,"SAN FRANCISCO","SAN FRANCISCO",-122.41558837890625,37.769515991210938
9603700,2023,2023-08-11,3801,2023-07-15,1820,2487,SOUTH,6,5,7,3801,0,0,0,,0,3B12,"5TH ST","HARRISON ST",0.00,,Y,A,-,N,,,,,,,,,,N,4,0,1,2,A,-,03,22350,,N,B,C,A,A,H,-,A,A,0,,,,,Y,,A,07,0,0,1,0,0,0,0,0,0,"- ","- ",,,"SAN FRANCISCO","SAN FRANCISCO",-122.40187072753906,37.779056549072266
9603781,2023,2023-09-25,3801,2023-07-21,1641,964,NORTH,5,5,7,3801,0,0,0,,0,3E13D,"FULTON ST","BUCHANAN ST",0.00,,Y,A,-,N,,,,,,,,,,N,3,0,1,2,A,-,04,21703,,N,C,C,A,-,H,-,A,D,0,,,,,Y,,M,94,0,1,0,0,0,0,0,0,0,"- ","- ",,,"SAN FRANCISCO","SAN FRANCISCO",-122.42838287353516,37.778110504150391
9603782,2023,2023-10-09,3801,2023-07-20,2117,1182,TENDE,4,5,7,3801,0,0,0,,0,3J14E,"LEAVENWORTH ST","MCALLISTER ST",36.00,N,N,A,-,N,,,,,,,,,,N,4,0,2,2,A,-,08,22107,,N,B,C,A,A,H,-,C,A,0,,,,,Y,,A,07,0,0,2,0,0,0,0,0,0,"- ","- ",,,"SAN FRANCISCO","SAN FRANCISCO",-122.41371154785156,37.781028747558594
9603784,2023,2023-08-18,3801,2023-07-08,"815 ",1653,INGLE,6,5,7,3801,0,0,0,,0,3H5A,"ALEMANY BL","ONONDAGA AV",0.00,,Y,B,-,N,,,,,,,,,,Y,2,0,1,2,A,-,12,21453,,F,D,C,A,A,H,-,A,A,0,,,,,Y,,A,01,1,0,0,0,0,0,0,0,0,"- ","- ",,,"SAN FRANCISCO","SAN FRANCISCO",-122.43870544433594,37.721645355224609
9603785,2023,2023-08-18,3801,2023-07-10,"747 ",1952,TENDE,1,5,7,3801,0,0,0,,0,901,"HYDE ST","MCALLISTER ST",0.00,,Y,B,-,N,,,,,,,,,,N,2,0,1,2,A,-,12,21453,A,F,G,B,B,A,H,-,-,A,0,Y,,,,Y,,A,01,1,0,0,0,1,0,0,0,0,"- ","- ",,,"SAN FRANCISCO","SAN FRANCISCO",-122.41532135009766,37.780738830566406
9603786,2023,2023-09-06,3801,2023-07-19,1720,1052,RICHM,3,5,7,3801,0,0,0,,0,3G15D,"GEARY BL","26TH AV",14.00,S,N,A,-,N,,,,,,,,,,N,3,0,1,2,A,-,06,21750,A,N,B,J,A,A,H,-,A,D,0,,,,,Y,,M,94,0,1,0,0,0,0,0,0,0,"- ","- ",,,"SAN FRANCISCO","SAN FRANCISCO",-122.48580932617188,37.780101776123047
9603787,2023,2023-08-18,3801,2023-07-06,1210,1273,CENTR,4,5,7,3801,0,0,0,,0,3A2A,"HYDE ST","NORTH POINT ST",0.00,,Y,A,-,N,,,,,,,,,,Y,4,0,2,2,A,-,12,21453,A,N,D,C,A,A,H,-,A,A,0,,,,,Y,,A,07,0,0,2,0,0,0,0,0,0,"- ","- ",,,"SAN FRANCISCO","SAN FRANCISCO",-122.42034912109375,37.805732727050781
9603788,2023,2023-08-18,3801,2023-07-04,1133,1075,SOUTH,2,5,7,3801,0,0,0,,0,3B13A,"KING ST","2ND ST",25.00,E,N,A,-,N,,,,,,,,,,N,3,0,1,2,A,-,03,22350,,N,C,G,A,A,H,-,A,A,0,,Y,,,Y,,L,04,0,1,0,0,0,0,1,0,0,"- ","- ",,,"SAN FRANCISCO","SAN FRANCISCO",-122.38963317871094,37.780006408691406
9603789,2023,2023-08-17,3801,2023-07-05,2056,2400,BAYVI,3,5,7,3801,0,0,0,,0,2CAR,"BAYSHORE BL","SILVER AV",2.00,N,N,A,-,N,,,,,,,,,,N,3,0,2,3,A,-,17,21451,A,N,G,B,B,A,H,-,C,A,0,Y,,,,Y,,A,07,0,2,0,0,2,0,0,0,0,"- ","- ",,,"SAN FRANCISCO","SAN FRANCISCO",-122.40465545654297,37.732963562011719