CASE_ID,ACCIDENT_YEAR,PROC_DATE,JURIS,COLLISION_DATE,COLLISION_TIME,OFFICER_ID,REPORTING_DISTRICT,DAY_OF_WEEK,CHP_SHIFT,POPULATION,CNTY_CITY_LOC,SPECIAL_COND,BEAT_TYPE,CHP_BEAT_TYPE,CITY_DIVISION_LAPD,CHP_BEAT_CLASS,BEAT_NUMBER,PRIMARY_RD,SECONDARY_RD,DISTANCE,DIRECTION,INTERSECTION,WEATHER_1,WEATHER_2,STATE_HWY_IND,CALTRANS_COUNTY,CALTRANS_DISTRICT,STATE_ROUTE,ROUTE_SUFFIX,POSTMILE_PREFIX,POSTMILE,LOCATION_TYPE,RAMP_INTERSECTION,SIDE_OF_HWY,TOW_AWAY,COLLISION_SEVERITY,NUMBER_KILLED,NUMBER_INJURED,PARTY_COUNT,PRIMARY_COLL_FACTOR,PCF_CODE_OF_VIOL,PCF_VIOL_CATEGORY,PCF_VIOLATION,PCF_VIOL_SUBSECTION,HIT_AND_RUN,TYPE_OF_COLLISION,MVIW,PED_ACTION,ROAD_SURFACE,ROAD_COND_1,ROAD_COND_2,LIGHTING,CONTROL_DEVICE,CHP_ROAD_TYPE,PEDESTRIAN_ACCIDENT,BICYCLE_ACCIDENT,MOTORCYCLE_ACCIDENT,TRUCK_ACCIDENT,NOT_PRIVATE_PROPERTY,ALCOHOL_INVOLVED,STWD_VEHTYPE_AT_FAULT,CHP_VEHTYPE_AT_FAULT,COUNT_SEVERE_INJ,COUNT_VISIBLE_INJ,COUNT_COMPLAINT_PAIN,COUNT_PED_KILLED,COUNT_PED_INJURED,COUNT_BICYCLIST_KILLED,COUNT_BICYCLIST_INJURED,COUNT_MC_KILLED,COUNT_MC_INJURED,PRIMARY_RAMP,SECONDARY_RAMP,LATITUDE,LONGITUDE,COUNTY,CITY,POINT_X,POINT_Y
9603791,2023,2023-09-28,3801,2023-07-02,"453 ",1207,TENDE,7,5,7,3801,0,0,0,,0,0J3,"GOLDEN GATE AV","CONTINUUM WAY",10.00,W,N,A,-,N,,,,,,,,,,Y,4,0,1,5,A,-,04,21703,,N,C,C,A,A,H,-,C,D,0,,,,,Y,Y,A,07,0,0,1,0,0,0,0,0,0,"- ","- ",,,"SAN FRANCISCO","SAN FRANCISCO",,
9603792,2023,2023-08-17,3801,2023-07-02,1939,1804,BAYVI,7,5,7,3801,0,0,0,,0,3C13D,"NEWCOMB AV","LA SALLE AV",0.00,,Y,A,-,N,,,,,,,,,,Y,4,0,1,2,A,-,12,22450,A,F,D,C,A,A,H,-,A,A,0,,,,,Y,,A,01,0,0,1,0,0,0,0,0,0,"- ","- ",,,"SAN FRANCISCO","SAN FRANCISCO",-122.38511657714844,37.733074188232422
9603794,2023,2023-10-30,3801,2023-07-02,"55  ",1326,BAYVI,7,5,7,3801,0,0,0,,0,3C11E,"18TH ST","RT 280",0.00,,Y,A,-,Y,SF,4,280,-,R,6.625,R,4,S,Y,4,0,1,2,A,-,12,22450,,N,D,C,A,A,H,-,C,D,0,,,,,Y,,A,01,0,0,1,0,0,0,0,0,0,"- ",SF,,,"SAN FRANCISCO","SAN FRANCISCO",-122.39278411865234,37.763164520263672
9603795,2023,2023-08-17,3801,2023-07-26,2138,LI1074,BAYVI,3,5,7,3801,0,0,0,,0,3C11E,"ILLINOIS ST","MARIN ST",52.00,S,N,A,-,N,,,,,,,,,,Y,3,0,1,1,A,-,03,22350,,N,F,J,A,A,H,-,C,D,0,,,,,Y,,A,07,0,1,0,0,0,0,0,0,0,"- ","- ",,,"SAN FRANCISCO","SAN FRANCISCO",-122.38649749755859,37.748939514160156
9603796,2023,2023-08-17,3801,2023-07-26,"730 ",2362,PARK,3,5,7,3801,0,0,0,,0,3F1A,"CARL ST","SCHRADER ST",0.00,,Y,B,-,N,,,,,,,,,,N,3,0,1,2,A,-,09,21802,A,N,D,C,A,A,H,-,A,D,0,,,Y,,Y,,A,01,0,1,0,0,0,0,0,0,1,"- ","- ",,,"SAN FRANCISCO","SAN FRANCISCO",-122.45137786865234,37.765602111816406
9603797,2023,2023-09-06,3801,2023-07-14,2125,740,MISSI,5,5,7,3801,0,0,0,,0,0D3,"S VAN NESS AV","21ST ST",0.00,,Y,B,-,N,,,,,,,,,,N,3,0,1,2,A,-,06,21755,,N,D,J,A,A,H,-,C,A,0,,,,,Y,,M,94,0,1,0,0,0,0,0,0,0,"- ","- ",,,"SAN FRANCISCO","SAN FRANCISCO",-122.416748046875,37.757160186767578
9603798,2023,2023-09-27,3801,2023-07-24,1316,1226,SOUTH,1,5,7,3801,0,0,0,,0,0600,"BRYANT ST","4TH ST",400.00,W,N,A,-,N,,,,,,,,,,N,3,0,1,2,A,-,11,21954,A,N,G,B,D,A,-,-,A,D,0,Y,,,,Y,,N,60,0,1,0,0,1,0,0,0,0,"- ","- ",,,"SAN FRANCISCO","SAN FRANCISCO",-122.3990478515625,37.778793334960938
9603799,2023,2023-08-17,3801,2023-07-25,1736,260,SOUTH,2,5,7,3801,0,0,0,,0,3B13D,"HOWARD ST","RUSS ST",0.00,,Y,A,-,N,,,,,,,,,,N,4,0,1,2,A,-,12,21453,A,N,D,G,A,A,H,-,A,A,0,,Y,,,Y,,L,04,0,0,1,0,0,0,1,0,0,"- ","- ",,,"SAN FRANCISCO","SAN FRANCISCO",-122.40824890136719,37.77886962890625
9603802,2023,2023-09-28,3801,2023-07-13,1000,1557,TARAV,4,5,7,3801,0,0,0,,0,003,"SUNSET BL","ORTEGA ST",0.00,,Y,A,-,N,,,,,,,,,,Y,4,0,1,3,A,-,12,21453,A,N,A,D,A,A,H,-,A,A,0,,,,,Y,,A,01,0,0,1,0,0,0,0,0,0,"- ","- ",,,"SAN FRANCISCO","SAN FRANCISCO",-122.49518585205078,37.751544952392578
9603809,2023,2023-08-18,3801,2023-07-24,"626 ",4310,PARK,1,5,7,3801,0,0,0,,0,3F13A,"PAGE ST","ASHBURY ST",0.00,,Y,B,-,N,,,,,,,,,,N,4,0,1,2,A,-,21,22106,,N,D,G,A,A,H,-,A,D,0,,Y,,,Y,,L,04,0,0,1,0,0,0,1,0,0,"- ","- ",,,"SAN FRANCISCO","SAN FRANCISCO",-122.44711303710938,37.770919799804688
9603810,2023,2023-08-31,3801,2023-07-24,2250,916,BAYVI,1,5,7,3801,0,0,0,,0,3C14E,"SAN BRUNO AV","MANSELL ST",0.00,,Y,A,-,Y,SF,4,101,-,-,1.049,R,4,S,Y,4,0,3,2,A,-,12,22450,A,N,D,C,A,A,H,-,C,A,0,,,,,Y,,A,07,0,0,3,0,0,0,0,0,0,"- ","- ",,,"SAN FRANCISCO","SAN FRANCISCO",-122.40093994140625,37.722698211669922
9603811,2023,2023-08-18,3801,2023-07-23,1135,1003,INGLE,7,5,7,3801,0,0,0,,0,1CAR,"TOMPKINS AV","BRADFORD ST",0.00,,Y,A,-,N,,,,,,,,,,N,4,0,1,2,A,-,10,21950,A,N,G,B,B,A,H,-,A,D,0,Y,,,,Y,,A,01,0,0,1,0,1,0,0,0,0,"- ","- ",,,"SAN FRANCISCO","SAN FRANCISCO",-122.40975952148438,37.736892700195312
9603813,2023,2023-08-18,3801,2023-07-09,"108 ",4047,MISSI,7,5,7,3801,0,0,0,,0,3D16D,"GUERRERO ST","17TH ST",88.00,N,N,A,-,N,,,,,,,,,,Y,4,0,1,3,A,-,03,22350,,N,B,E,A,A,H,-,C,D,0,,,,,Y,,A,01,0,0,1,0,0,0,0,0,0,"- ","- ",,,"SAN FRANCISCO","SAN FRANCISCO",-122.42395782470703,37.763412475585938
9603819,2023,2023-08-18,3801,2023-07-22,1804,307,NORTH,6,5,7,3801,0,0,0,,0,3E13D,BROADWAY,"POLK ST",40.00,W,N,A,-,N,,,,,,,,,,N,4,0,1,2,A,-,03,22350,,N,C,E,A,A,H,-,A,D,0,,,,,Y,,A,01,0,0,1,0,0,0,0,0,0,"- ","- ",,,"SAN FRANCISCO","SAN FRANCISCO",-122.42189788818359,37.795925140380859
9603822,2023,2023-08-24,3801,2023-07-15,1628,1179,TENDE,6,5,7,3801,0,0,0,,0,3J11D,"EDDY ST","LEAVENWORTH ST",32.00,E,N,A,-,N,,,,,,,,,,N,4,0,1,2,A,-,08,22105,,N,D,C,A,A,H,-,A,A,0,,,,,Y,,A,01,0,0,1,0,0,0,0,0,0,"- ","- ",,,"SAN FRANCISCO","SAN FRANCISCO",-122.41413116455078,37.783744812011719
9603824,2023,2023-08-18,3801,2023-07-01,"700 ",1359,INGLE,6,5,7,3801,0,0,0,,0,3H16A,"BAY SHORE BL","BLANKEN AV",0.00,,Y,A,-,N,,,,,,,,,,N,3,0,1,2,A,-,10,21950,A,N,G,B,B,A,H,-,A,A,0,Y,,,,Y,,-,,0,1,0,0,1,0,0,0,0,"- ","- ",,,"SAN FRANCISCO","SAN FRANCISCO",-122.40158843994141,37.712539672851562
9603826,2023,2023-08-18,3801,2023-07-01,"837 ",2712,MISSI,6,5,7,3801,0,0,0,,0,6CAR,"13TH ST","SOUTH VAN NESS AVE",0.00,,Y,A,-,N,,,,,,,,,,N,4,0,1,2,A,-,12,21453,A,N,D,C,A,A,H,-,A,A,0,,,,,Y,,A,01,0,0,1,0,0,0,0,0,0,"- ","- ",,,"SAN FRANCISCO","SAN FRANCISCO",-122.41777801513672,37.7696533203125
9603827,2023,2023-08-24,3801,2023-07-01,1351,1359,INGLE,6,5,7,3801,0,0,0,,0,3H16A,"BAY SHORE BL","SUNNYDALE AV",10.00,S,N,A,-,N,,,,,,,,,,Y,4,0,1,2,A,-,01,23153,A,N,C,C,A,A,H,-,A,A,0,,,,,Y,Y,-,,0,0,1,0,0,0,0,0,0,"- ","- ",,,"SAN FRANCISCO","SAN FRANCISCO",-122.40524291992188,37.708873748779297
9603829,2023,2023-09-12,3801,2023-07-22,1713,364,SOUTH,6,5,7,3801,0,0,0,,0,3B14D,"10TH ST","HOWARD ST",0.00,,Y,A,-,N,,,,,,,,,,N,3,0,1,2,A,-,04,21703,,N,C,-,A,A,H,-,A,A,0,,,Y,,Y,,A,01,0,1,0,0,0,0,0,0,1,"- ","- ",,,"SAN FRANCISCO","SAN FRANCISCO",-122.41436767578125,37.774024963378906
9603830,2023,2023-08-18,3801,2023-07-01,1307,1304,NORTH,6,5,7,3801,0,0,0,,0,3E12A,"FULTON ST","FILLMORE ST",118.00,E,N,A,-,N,,,,,,,,,,N,3,0,1,2,A,-,03,22350,,N,D,G,A,A,H,-,A,D,0,,Y,,,Y,,L,04,0,1,0,0,0,0,1,0,0,"- ","- ",,,"SAN FRANCISCO","SAN FRANCISCO",-122.43115997314453,37.777744293212891
9603832,2023,2023-08-18,3801,2023-07-22,1528,2008,MISSI,6,5,7,3801,0,0,0,,0,3D15D,"VALENCIA ST","24TH ST",5.00,S,N,A,-,N,,,,,,,,,,N,4,0,1,2,A,-,06,21760,B,N,-,G,A,A,H,-,A,D,0,,Y,,,Y,,A,01,0,0,1,0,0,0,1,0,0,"- ","- ",,,"SAN FRANCISCO","SAN FRANCISCO",-122.42064666748047,37.752098083496094
9603836,2023,2023-09-12,3801,2023-07-17,1053,1944,INGLE,1,5,7,3801,0,0,0,,0,0H4,"CAYUGA AV","LYELL ST",0.00,,Y,A,-,N,,,,,,,,,,N,4,0,1,2,A,-,09,21802,A,N,H,-,A,A,H,-,A,A,0,,,,,Y,,A,01,0,0,1,0,0,0,0,0,0,"- ","- ",,,"SAN FRANCISCO","SAN FRANCISCO",-122.43141937255859,37.731033325195312
9603839,2023,2023-10-03,3801,2023-07-17,1422,1336,NORTH,1,5,7,3801,0,0,0,,0,0E5,"LOMBARD ST","BRODERICK ST",0.00,,Y,A,-,Y,SF,4,101,-,-,7.780,H,-,N,Y,4,0,1,1,A,-,03,22350,,N,E,I,A,A,H,-,A,A,0,,,,,Y,,A,01,0,0,1,0,0,0,0,0,0,"- ","- ",,,"SAN FRANCISCO","SAN FRANCISCO",-122.44423675537109,37.798858642578125
9604308,2023,2023-12-07,3801,2023-10-26,"800 ",1503,BAYVI,4,5,7,3801,0,0,0,,0,3C11A,"RT 101","CESAR CHAVEZ ST",0.00,,Y,A,-,Y,SF,4,101,-,-,3.113,R,4,N,N,4,0,1,2,A,-,04,21703,,N,C,C,A,A,H,-,A,D,0,,,,,Y,,A,01,0,0,1,0,0,0,0,0,0,NF,"- ",,,"SAN FRANCISCO","SAN FRANCISCO",-122.40313720703125,37.750862121582031
9604411,2023,2023-08-16,3801,2023-07-03,"912 ",4286,RICH,1,5,7,3801,0,0,0,,0,0G3,"CALIFORNIA ST","8TH AV",0.00,,Y,B,-,N,,,,,,,,,,Y,4,0,1,3,A,-,12,21453,A,N,D,C,A,A,H,-,A,A,0,,,,,Y,,A,01,0,0,1,0,0,0,0,0,0,"- ","- ",,,"SAN FRANCISCO","SAN FRANCISCO",-122.46669006347656,37.784717559814453
9604417,2023,2023-08-16,3801,2023-07-25,1900,577,TARA,2,5,7,3801,0,0,0,,0,0I6,"LOBOS ST","CAPITOL AV",0.00,,Y,A,-,N,,,,,,,,,,N,3,0,1,2,A,-,10,21950,A,N,G,B,B,A,H,-,B,B,0,Y,,,,Y,Y,A,01,0,1,0,0,1,0,0,0,0,"- ","- ",,,"SAN FRANCISCO","SAN FRANCISCO",-122.45906066894531,37.714885711669922
9604428,2023,2023-08-14,3801,2023-07-14,"906 ",4275,TARA,5,5,7,3801,0,0,0,,0,,"SKYLINE BL","JOHN MUIR DR",26.00,S,N,A,-,Y,SF,4,35,-,-,0.750,H,-,N,Y,4,0,2,2,A,-,03,22350,,N,C,C,A,A,H,-,A,A,0,,,,,Y,,A,01,0,0,2,0,0,0,0,0,0,"- ","- ",,,"SAN FRANCISCO","SAN FRANCISCO",-122.50015258789062,37.718692779541016
9604478,2023,2023-08-11,3801,2023-07-10,1943,09968,PARK,1,5,7,3801,0,0,0,,0,3F00,"WALLER ST","KEZAR DR",69.00,S,N,B,-,N,,,,,,,,,,N,4,0,1,2,A,-,03,22350,,N,D,G,A,B,H,-,A,A,0,,Y,,,Y,,L,04,0,0,1,0,0,0,1,0,0,"- ","- ",,,"SAN FRANCISCO","SAN FRANCISCO",-122.45494079589844,37.768203735351562
9605304,2023,2024-01-19,3801,2023-11-30,1735,2392,MISSI,4,5,7,3801,0,0,0,,0,,"CESAR CHAVEZ","ALABAMA ST",0.00,,Y,A,-,N,,,,,,,,,,N,3,0,2,2,A,-,09,21801,A,N,A,G,A,A,H,-,C,A,0,,Y,,,Y,,A,07,0,2,0,0,0,0,2,0,0,"- ","- ",,,"SAN FRANCISCO","SAN FRANCISCO",-122.41054534912109,37.748374938964844
9605307,2023,2024-01-19,3801,2023-11-10,1132,1666,PARK,5,5,7,3801,0,0,0,,0,4CAR,"CASTRO ST","14TH ST",0.00,,Y,A,-,N,,,,,,,,,,N,4,0,1,2,A,-,08,22101,D,N,D,G,A,A,H,-,A,A,0,,Y,,,Y,,A,07,0,0,1,0,0,0,1,0,0,"- ","- ",,,"SAN FRANCISCO","SAN FRANCISCO",-122.43562316894531,37.767330169677734
9605308,2023,2024-01-19,3801,2023-11-30,1904,203,MISSI,4,5,7,3801,0,0,0,,0,,"DOLORES ST","15TH ST",0.00,,Y,A,-,N,,,,,,,,,,Y,4,0,1,3,A,-,09,21801,A,N,D,C,F,A,H,-,C,A,0,Y,,,,Y,,A,01,0,0,1,0,1,0,0,0,0,"- ","- ",,,"SAN FRANCISCO","SAN FRANCISCO",-122.42659759521484,37.766258239746094
9605310,2023,2024-01-19,3801,2023-11-27,2328,4136,RICHM,1,5,7,3801,0,0,0,,0,3G12E,"GEARY BL","SPRUCE ST",0.00,,Y,A,-,N,,,,,,,,,,N,4,0,1,2,A,-,12,21453,A,N,D,J,A,A,H,-,C,A,0,,,,,Y,,-,,0,0,1,0,0,0,0,0,0,"- ","- ",,,"SAN FRANCISCO","SAN FRANCISCO",-122.45317840576172,37.781791687011719
9605311,2023,2024-01-19,3801,2023-11-30,2145,1448,CENTR,4,5,7,3801,0,0,0,,0,3A11E,"GEARY ST","HYDE ST",0.00,,Y,B,-,N,,,,,,,,,,N,4,0,2,3,A,-,00,21955,A,N,D,B,D,A,H,-,C,A,0,Y,,,,Y,,N,60,0,0,2,0,2,0,0,0,0,"- ","- ",,,"SAN FRANCISCO","SAN FRANCISCO",-122.41645050048828,37.786319732666016
9606334,2023,2023-08-14,3801,2023-06-28,1355,4325,TARAV,3,5,7,3801,0,0,0,,0,005,"FONT BL","ARBALLO DR",0.00,,Y,B,-,N,,,,,,,,,,N,4,0,1,2,A,-,10,21950,A,N,-,B,B,A,H,-,A,A,0,Y,,,,Y,,A,01,0,0,1,0,1,0,0,0,0,"- ","- ",,,"SAN FRANCISCO","SAN FRANCISCO",-122.48244476318359,37.721748352050781
9607072,2023,2023-09-06,3801,2023-06-30,1630,171,CENTR,5,5,7,3801,0,0,0,,0,2CAR,"STOCKTON ST","POST ST",24.00,N,N,A,-,N,,,,,,,,,,N,4,0,1,2,A,-,08,22107,,N,B,C,A,A,H,-,A,A,0,,,,,Y,,A,01,0,0,1,0,0,0,0,0,0,"- ","- ",,,"SAN FRANCISCO","SAN FRANCISCO",-122.40678405761719,37.78857421875
9607141,2023,2023-10-02,3801,2023-08-05,1904,4269,INGLE,6,5,7,3801,0,0,0,,0,3H76,"CAYUGA AV","MOUNT VERNON AV",0.00,,Y,A,-,N,,,,,,,,,,N,3,0,1,1,D,-,00,,,N,F,G,A,A,H,-,A,D,0,,Y,,,Y,,-,"- ",0,1,0,0,0,0,1,0,0,"- ","- ",,,"SAN FRANCISCO","SAN FRANCISCO",-122.44581604003906,37.717075347900391
9607142,2023,2023-10-02,3801,2023-08-05,1600,2723,PARK,6,5,7,3801,0,0,0,,0,3F13D,"TURK ST","BEAUMONT AV",0.00,,Y,A,-,N,,,,,,,,,,N,3,0,1,2,A,-,08,22107,,N,B,C,A,A,H,-,A,D,0,,,,,Y,,A,01,0,1,0,0,0,0,0,0,0,"- ","- ",,,"SAN FRANCISCO","SAN FRANCISCO",-122.45433044433594,37.777698516845703
9607144,2023,2023-10-06,3801,2023-08-05,"141 ",2142,INGLE,6,5,7,3801,0,0,0,,0,3H16E,"GENEVA AV","RT 280",15.00,E,N,A,-,Y,SF,4,280,-,R,1.556,R,4,N,Y,4,0,4,2,A,-,03,22350,,N,A,C,A,B,H,-,C,A,0,,,,,Y,,A,01,0,0,4,0,0,0,0,0,0,"- ","- ",,,"SAN FRANCISCO","SAN FRANCISCO",-122.44822692871094,37.719936370849609
9608145,2023,2023-08-17,3801,2023-03-12,1645,917,NORTH,7,5,7,3801,0,0,0,,0,3E52,"MARINA BL","BUCHANAN ST",0.00,,Y,A,-,N,,,,,,,,,,Y,4,0,1,2,A,-,09,21801,A,N,B,C,A,A,H,-,A,A,0,,,,,Y,,A,01,0,0,1,0,0,0,0,0,0,"- ","- ",,,"SAN FRANCISCO","SAN FRANCISCO",-122.43370819091797,37.805038452148438
9608814,2023,2023-09-01,3801,2023-07-04,"457 ",1183,NORTH,2,5,7,3801,0,0,0,,0,3E12E,"TURK ST","WEBSTER ST",0.00,,Y,A,-,N,,,,,,,,,,Y,4,0,2,2,A,-,01,23153,A,N,D,C,A,A,H,-,C,A,0,,,,,Y,Y,A,01,0,0,2,0,0,0,0,0,0,"- ","- ",,,"SAN FRANCISCO","SAN FRANCISCO",-122.43048858642578,37.780685424804688
9609409,2023,2023-09-21,3801,2023-08-30,1614,1931,NORTH,3,5,7,3801,0,0,0,,0,3E16D,"VAN NESS AV","GREEN ST",0.00,,Y,A,-,Y,SF,4,101,-,-,6.450,I,5,S,N,2,0,1,2,A,-,11,21453,D,N,B,B,B,A,H,-,A,A,0,Y,,,,Y,,N,60,1,0,0,0,1,0,0,0,0,"- ","- ",,,"SAN FRANCISCO","SAN FRANCISCO",-122.42390441894531,37.797611236572266
9610651,2023,2023-09-08,3801,2023-08-06,1550,2139,TARAV,7,5,7,3801,0,0,0,,0,901,"JUDAH ST","17TH AV",0.00,E,N,A,-,N,,,,,,,,,,N,3,0,1,1,A,-,08,22107,,N,E,I,A,A,H,-,A,A,0,,,Y,,Y,,C,02,0,1,0,0,0,0,0,0,1,"- ","- ",,,"SAN FRANCISCO","SAN FRANCISCO",-122.47483062744141,37.761848449707031
9610652,2023,2023-09-28,3801,2023-08-06,1410,905,MISSI,7,5,7,3801,0,0,0,,0,3D3C,"VALENCIA ST","20TH ST",100.00,S,N,A,-,N,,,,,,,,,,N,3,0,1,3,A,-,00,21754,A,N,H,-,A,A,H,-,A,A,0,,,Y,,Y,,C,02,0,1,0,0,0,0,0,0,1,"- ","- ",,,"SAN FRANCISCO","SAN FRANCISCO",-122.42122650146484,37.758235931396484
9610654,2023,2023-09-08,3801,2023-08-06,1035,4267,TARAV,7,5,7,3801,0,0,0,,0,313A,"LINCOLN WY","40TH AV",0.00,,Y,A,-,N,,,,,,,,,,N,3,0,1,2,A,-,03,22350,,N,B,E,A,A,H,-,A,D,0,,,,,Y,,A,01,0,1,0,0,0,0,0,0,0,"- ","- ",,,"SAN FRANCISCO","SAN FRANCISCO",-122.49974822998047,37.764457702636719
9610655,2023,2023-09-28,3801,2023-08-06,"800 ",469,MISSI,7,5,7,3801,0,0,0,,0,32D2D,"VALENCIA ST","18TH ST",0.00,,Y,-,-,N,,,,,,,,,,N,4,0,1,2,A,-,08,22101,,N,D,-,A,-,-,-,-,A,0,,Y,,,Y,,-,,0,0,1,0,0,0,1,0,0,"- ","- ",,,"SAN FRANCISCO","SAN FRANCISCO",-122.42156219482422,37.761714935302734
9610657,2023,2023-09-08,3801,2023-08-07,"830 ",1642,BAYVI,1,5,7,3801,0,0,0,,0,3C13A,"ILLINOIS ST","AMADOR ST",130.00,N,N,A,-,N,,,,,,,,,,N,3,0,2,1,A,-,03,22350,,N,H,J,A,A,G,-,A,D,0,,Y,,,Y,,L,04,0,2,0,0,0,0,2,0,0,"- ","- ",,,"SAN FRANCISCO","SAN FRANCISCO",-122.38607788085938,37.746124267578125
9610660,2023,2023-09-08,3801,2023-08-03,"800 ",2491,TENDE,4,5,7,3801,0,0,0,,0,3J13A,"HYDE ST","GOLDEN GATE AV",0.00,,Y,A,B,N,,,,,,,,,,,4,0,1,2,A,-,12,21453,A,N,D,C,A,-,-,-,A,A,0,,,Y,,Y,,A,08,0,0,1,0,0,0,0,0,1,"- ","- ",,,"SAN FRANCISCO","SAN FRANCISCO",-122.41549682617188,37.781650543212891
9610662,2023,2023-09-14,3801,2023-08-02,2213,1051,NORTH,3,5,7,3801,0,0,0,,0,3E13E,"BUSH ST","POLK ST",0.00,,Y,A,-,N,,,,,,,,,,N,4,0,1,2,A,-,03,22350,,F,C,C,A,A,H,-,C,A,0,,,,,Y,,A,01,0,0,1,0,0,0,0,0,0,"- ","- ",,,"SAN FRANCISCO","SAN FRANCISCO",-122.42029571533203,37.788688659667969
9610663,2023,2023-09-14,3801,2023-08-02,2200,2727,INGLE,3,5,7,3801,0,0,0,,0,3H14E,"ALEMANY BL","COTTER ST",0.00,,Y,A,-,N,,,,,,,,,,Y,4,0,4,3,A,-,00,38300,,N,D,C,A,A,H,-,C,D,0,,,,,Y,,A,01,0,0,4,0,0,0,0,0,0,"- ","- ",,,"SAN FRANCISCO","SAN FRANCISCO",-122.43502044677734,37.728199005126953
9610666,2023,2023-09-21,3801,2023-08-02,"153 ",2288,INGLE,3,5,7,3801,0,0,0,,0,3H11E,"SAN JOSE AV","29TH ST",128.00,N,N,F,-,N,,,,,,,,,,Y,4,0,1,2,A,-,03,22350,,N,F,E,A,B,H,-,C,D,0,,,,,Y,,A,01,0,0,1,0,0,0,0,0,0,"- ","- ",,,"SAN FRANCISCO","SAN FRANCISCO",-122.42263031005859,37.744270324707031
9610674,2023,2023-09-14,3801,2023-08-05,1334,1226,SOUTH,6,5,7,3801,0,0,0,,0,3B12A,"MISSION ST","JESSIE EAST ST",0.00,,Y,A,-,N,,,,,,,,,,N,4,0,1,2,D,-,00,,,N,D,C,A,A,H,-,A,D,0,,,Y,,Y,,-,"- ",0,0,1,0,0,0,0,0,1,"- ","- ",,,"SAN FRANCISCO","SAN FRANCISCO",-122.40483093261719,37.784053802490234
9610675,2023,2023-09-21,3801,2023-08-04,2337,2030,TARAV,5,5,7,3801,0,0,0,,0,314E,"SLOAT BL","19TH AV",50.00,E,N,A,-,N,,,,,,,,,,N,4,0,2,2,A,-,03,22350,,F,C,C,A,A,H,-,C,A,0,,,,,Y,,A,01,0,0,2,0,0,0,0,0,0,"- ","- ",,,"SAN FRANCISCO","SAN FRANCISCO",-122.47493743896484,37.734561920166016
9610677,2023,2023-09-14,3801,2023-08-04,1414,1503,BAYVI,5,5,7,3801,0,0,0,,0,3C11C,"INDUSTRIAL ST","BOUTWELL ST",0.00,,Y,A,-,N,,,,,,,,,,Y,4,0,1,2,A,-,09,21801,,N,D,C,A,A,H,-,A,D,0,,,Y,,Y,,A,01,0,0,1,0,0,0,0,0,1,"- ","- ",,,"SAN FRANCISCO","SAN FRANCISCO",-122.40565490722656,37.738376617431641
9610678,2023,2023-09-21,3801,2023-08-04,1322,2453,MISSI,5,5,7,3801,0,0,0,,0,3D13A,"VALENCIA ST","21ST ST",0.00,,Y,A,-,N,,,,,,,,,,N,4,0,1,2,A,-,11,21954,A,N,B,B,E,A,H,-,A,D,0,Y,,,,Y,,N,60,0,0,1,0,1,0,0,0,0,"- ","- ",,,"SAN FRANCISCO","SAN FRANCISCO",-122.42109680175781,37.756908416748047
9610679,2023,2023-09-14,3801,2023-08-04,"34  ",2457,SOUTH,5,5,7,3801,0,0,0,,0,3B14E,"MISSION ST","MISSION ST 1372",0.00,,Y,A,-,N,,,,,,,,,,Y,4,0,3,3,A,-,03,22350,,N,C,C,A,A,H,-,C,D,0,,,,,Y,,A,01,0,0,3,0,0,0,0,0,0,"- ","- ",,,"SAN FRANCISCO","SAN FRANCISCO",-122.41979217529297,37.7705078125
9610712,2023,2023-09-18,3801,2023-07-29,1616,2118,SOUTH,6,5,7,3801,0,0,0,,0,3B12D,"HOWARD ST","BEALE ST",0.00,,Y,A,-,N,,,,,,,,,,N,4,0,1,2,A,-,08,22107,,N,D,G,A,A,H,-,A,A,0,,Y,,,Y,,A,01,0,0,1,0,0,0,1,0,0,"- ","- ",,,"SAN FRANCISCO","SAN FRANCISCO",-122.39427947998047,37.789920806884766
9610713,2023,2023-09-18,3801,2023-07-28,2112,1706,SOUTH,5,5,7,3801,0,0,0,,0,3B13E,"MINNA ST","6TH ST",0.00,,Y,-,-,N,,,,,,,,,,N,4,0,1,2,A,-,12,21453,A,N,G,B,B,A,H,-,C,A,0,Y,,,,Y,,A,01,0,0,1,0,1,0,0,0,0,"- ","- ",,,"SAN FRANCISCO","SAN FRANCISCO",-122.40813446044922,37.780551910400391
9610714,2023,2023-09-18,3801,2023-07-29,2140,1096,CENTR,6,5,7,3801,0,0,0,,0,3A15E,"3RD ST","STEVENSON ST",0.00,,Y,A,-,N,,,,,,,,,,N,4,0,1,2,A,-,12,21453,A,N,D,C,A,-,H,-,C,A,0,,,,,Y,,A,01,0,0,1,0,0,0,0,0,0,"- ","- ",,,"SAN FRANCISCO","SAN FRANCISCO",-122.40297698974609,37.787040710449219
9610716,2023,2023-09-18,3801,2023-07-29,1401,282,TARAV,6,5,7,3801,0,0,0,,0,005,"SKYLINE BL","OLYMPIC CLUB ROAD",0.00,,N,A,-,N,,,,,,,,,,Y,4,0,2,2,A,-,09,21802,A,N,D,C,A,A,H,-,A,D,0,,,,,Y,,A,01,0,0,2,0,0,0,0,0,0,"- ","- ",,,"SAN FRANCISCO","SAN FRANCISCO",-122.49658966064453,37.702159881591797
9610717,2023,2023-09-18,3801,2023-07-31,"225 ",1252,RICHM,1,5,7,3801,0,0,0,,0,0G2,"COLLINS ST","GEARY BL",126.00,N,N,A,-,N,,,,,,,,,,Y,3,0,1,2,A,-,01,23153,A,N,B,E,A,A,H,-,C,D,0,,,,,Y,Y,A,01,0,1,0,0,0,0,0,0,0,"- ","- ",,,"SAN FRANCISCO","SAN FRANCISCO",-122.4501953125,37.782520294189453