CASE_ID,ACCIDENT_YEAR,PROC_DATE,JURIS,COLLISION_DATE,COLLISION_TIME,OFFICER_ID,REPORTING_DISTRICT,DAY_OF_WEEK,CHP_SHIFT,POPULATION,CNTY_CITY_LOC,SPECIAL_COND,BEAT_TYPE,CHP_BEAT_TYPE,CITY_DIVISION_LAPD,CHP_BEAT_CLASS,BEAT_NUMBER,PRIMARY_RD,SECONDARY_RD,DISTANCE,DIRECTION,INTERSECTION,WEATHER_1,WEATHER_2,STATE_HWY_IND,CALTRANS_COUNTY,CALTRANS_DISTRICT,STATE_ROUTE,ROUTE_SUFFIX,POSTMILE_PREFIX,POSTMILE,LOCATION_TYPE,RAMP_INTERSECTION,SIDE_OF_HWY,TOW_AWAY,COLLISION_SEVERITY,NUMBER_KILLED,NUMBER_INJURED,PARTY_COUNT,PRIMARY_COLL_FACTOR,PCF_CODE_OF_VIOL,PCF_VIOL_CATEGORY,PCF_VIOLATION,PCF_VIOL_SUBSECTION,HIT_AND_RUN,TYPE_OF_COLLISION,MVIW,PED_ACTION,ROAD_SURFACE,ROAD_COND_1,ROAD_COND_2,LIGHTING,CONTROL_DEVICE,CHP_ROAD_TYPE,PEDESTRIAN_ACCIDENT,BICYCLE_ACCIDENT,MOTORCYCLE_ACCIDENT,TRUCK_ACCIDENT,NOT_PRIVATE_PROPERTY,ALCOHOL_INVOLVED,STWD_VEHTYPE_AT_FAULT,CHP_VEHTYPE_AT_FAULT,COUNT_SEVERE_INJ,COUNT_VISIBLE_INJ,COUNT_COMPLAINT_PAIN,COUNT_PED_KILLED,COUNT_PED_INJURED,COUNT_BICYCLIST_KILLED,COUNT_BICYCLIST_INJURED,COUNT_MC_KILLED,COUNT_MC_INJURED,PRIMARY_RAMP,SECONDARY_RAMP,LATITUDE,LONGITUDE,COUNTY,CITY,POINT_X,POINT_Y
9614558,2023,2023-10-09,3801,2023-06-30,1212,4375,TRAFF,5,5,7,3801,0,0,0,,0,4B1F,"14TH AV","CLEMENT ST",35.00,N,N,A,-,N,,,,,,,,,,Y,4,0,2,3,A,-,12,22450,A,F,D,C,A,A,H,-,A,A,0,,,,,Y,Y,A,07,0,0,2,0,0,0,0,0,0,"- ","- ",,,"SAN FRANCISCO","SAN FRANCISCO",-122.47300720214844,37.782657623291016
9614644,2023,2023-10-09,3801,2023-08-31,1754,359,TARAV,4,5,7,3801,0,0,0,,0,314B,"BROTHERHOOD WY","BROTHERHOOD WY  999",0.00,,N,A,-,N,,,,,,,,,,Y,4,0,1,2,A,-,04,21703,,N,C,C,A,A,H,-,B,A,0,,,,,Y,,I,11,0,0,1,0,0,0,0,0,0,"- ","- ",,,"SAN FRANCISCO","SAN FRANCISCO",,
9614676,2023,2023-10-17,3801,2023-09-02,"248 ",1688,BAYVI,6,5,7,3801,0,0,0,,0,3C12E,"EVANS AV","SELBY ST",25.00,N,N,A,-,N,,,,,,,,,,Y,4,0,1,2,A,-,09,21801,B,N,A,C,A,A,H,-,C,D,0,,,,,Y,,A,08,0,0,1,0,0,0,0,0,0,"- ","- ",,,"SAN FRANCISCO","SAN FRANCISCO",-122.39412689208984,37.746208190917969
9614696,2023,2023-10-17,3801,2023-09-23,1558,1707,NORTH,6,5,7,3801,0,0,0,,0,3E13D,"STEINER ST","PAGE ST",118.00,N,N,A,-,N,,,,,,,,,,Y,4,0,1,2,A,-,03,22350,A,F,B,E,A,A,H,-,A,D,0,,,,,Y,,A,01,0,0,1,0,0,0,0,0,0,"- ","- ",,,"SAN FRANCISCO","SAN FRANCISCO",-122.43234252929688,37.773151397705078
9614719,2023,2023-10-17,3801,2023-09-01,1704,1355,TARAV,5,5,7,3801,0,0,0,,0,3I15D,"JUNIPERO SERRA BL","HOLLOWAY AV",0.00,,Y,A,-,N,,,,,,,,,,Y,3,0,2,2,A,-,09,21802,A,N,D,C,A,A,H,-,A,A,0,,,,,Y,,A,07,0,1,1,0,0,0,0,0,0,"- ","- ",,,"SAN FRANCISCO","SAN FRANCISCO",-122.47267150878906,37.721572875976562
9615456,2023,2023-09-08,3801,2023-07-19,"342 ",2188,BAYVI,3,5,7,3801,0,0,0,,0,3C11E,"25TH ST","ILLINOIS ST",0.00,,Y,A,-,N,,,,,,,,,,Y,4,0,1,2,A,-,00,24153,A,F,D,C,A,A,H,-,C,A,0,,,,,Y,,A,08,0,0,1,0,0,0,0,0,0,"- ","- ",,,"SAN FRANCISCO","SAN FRANCISCO",-122.38686370849609,37.752902984619141
9615464,2023,2023-09-12,3801,2023-07-28,1122,397,CENTR,5,5,7,3801,0,0,0,,0,3A13C,"THE EMBARCADERO","BAY ST",0.00,,Y,A,-,N,,,,,,,,,,Y,4,0,2,2,A,-,03,22350,,N,C,C,A,A,H,-,A,A,0,,,,,Y,,A,01,0,0,2,0,0,0,0,0,0,"- ","- ",,,"SAN FRANCISCO","SAN FRANCISCO",-122.40596771240234,37.806632995605469
9615468,2023,2023-09-13,3801,2023-07-21,1500,1052,RICHM,5,5,7,3801,0,0,0,,0,3G15D,"FULTON ST","PARK PRESIDIO BL",0.00,,Y,-,-,N,,,,,,,,,,N,4,0,1,2,A,-,03,22350,,N,C,C,A,A,H,-,A,A,0,,,,,Y,,A,08,0,0,1,0,0,0,0,0,0,"- ","- ",,,"SAN FRANCISCO","SAN FRANCISCO",-122.47177886962891,37.773124694824219
9615476,2023,2023-09-13,3801,2023-07-29,"233 ",2307,NORTH,6,5,7,3801,0,0,0,,0,3E14E,"GOUGH ST",SUTTER,0.00,,Y,A,-,N,,,,,,,,,,Y,3,0,3,6,A,-,12,21453,A,F,D,C,A,A,H,-,C,A,0,,,,,Y,,D,22,0,1,2,0,0,0,0,0,0,"- ","- ",,,"SAN FRANCISCO","SAN FRANCISCO",-122.42504119873047,37.787139892578125
9615511,2023,2023-09-21,3801,2023-08-29,"836 ",392,MISSI,2,5,7,3801,0,0,0,,0,0D6,"POTRERO AV","24TH ST",151.00,N,N,A,-,N,,,,,,,,,,Y,4,0,1,3,A,-,03,22350,,N,C,C,A,A,H,-,A,D,0,,,,,Y,,A,01,0,0,1,0,0,0,0,0,0,"- ","- ",,,"SAN FRANCISCO","SAN FRANCISCO",-122.40636444091797,37.753402709960938
9616993,2023,2023-10-13,3801,2023-09-07,1345,380,CENTR,4,5,7,3801,0,0,0,,0,1CAR,"HYDE ST","GEARY ST",0.00,,Y,A,-,N,,,,,,,,,,,3,0,1,2,A,-,10,21950,A,M,B,B,B,A,H,-,A,A,0,Y,,,,Y,,-,99,0,1,0,0,1,0,0,0,0,"- ","- ",,,"SAN FRANCISCO","SAN FRANCISCO",-122.41645050048828,37.786319732666016
9616995,2023,2023-10-13,3801,2023-09-03,1800,380,CENTR,7,5,7,3801,0,0,0,,0,,"CLAY ST","SANSOME ST",0.00,,Y,A,-,N,,,,,,,,,,Y,4,0,3,2,A,-,12,21453,A,N,D,C,A,A,H,-,A,A,0,,,,,Y,,A,01,0,0,3,0,0,0,0,0,0,"- ","- ",,,"SAN FRANCISCO","SAN FRANCISCO",-122.40148162841797,37.794868469238281
9616998,2023,2023-10-13,3801,2023-09-26,1640,1666,PARK,2,5,7,3801,0,0,0,,0,4CAR,"PAGE ST","DIVISADERO ST",255.00,W,N,A,-,N,,,,,,,,,,N,4,0,1,2,A,-,08,22103,,F,D,G,A,A,H,-,A,A,0,,Y,,,Y,,A,01,0,0,1,0,0,0,1,0,0,"- ","- ",,,"SAN FRANCISCO","SAN FRANCISCO",-122.43810272216797,37.7720947265625
9617017,2023,2023-10-12,3801,2023-09-14,1136,1501,INGLE,4,5,7,3801,0,0,0,,0,3H11A,"PERU AV","VALMAR TER",37.00,N,N,A,-,N,,,,,,,,,,Y,3,0,1,1,A,-,03,22350,,N,E,I,A,A,H,-,A,D,0,,,,,Y,Y,A,01,0,1,0,0,0,0,0,0,0,"- ","- ",,,"SAN FRANCISCO","SAN FRANCISCO",-122.42421722412109,37.725994110107422
9617492,2023,2023-09-08,3801,2023-08-06,"350 ",917,TRAFF,7,5,7,3801,0,0,0,,0,4B2E,"CESAR CHAVEZ ST","KANSAS ST",0.00,,Y,A,-,N,,,,,,,,,,Y,4,0,2,2,A,-,12,21453,A,N,D,C,A,A,H,-,C,A,0,,,,,Y,,A,01,0,0,2,0,0,0,0,0,0,"- ","- ",,,"SAN FRANCISCO","SAN FRANCISCO",-122.40206146240234,37.749393463134766
9617517,2023,2023-09-07,3801,2023-08-17,2220,2293,NORTH,4,5,7,3801,0,0,0,,0,0E3,"TURK ST","POLK ST",0.00,,Y,A,-,N,,,,,,,,,,Y,4,0,1,2,A,-,09,21806,A,N,D,C,A,A,H,-,C,A,0,,,,,Y,,A,01,0,0,1,0,0,0,0,0,0,"- ","- ",,,"SAN FRANCISCO","SAN FRANCISCO",-122.41899871826172,37.782169342041016
9617665,2023,2023-09-14,3801,2023-08-09,"611 ",2097,BAYVI,3,5,7,3801,0,0,0,,0,3C12A,"HILTON ST","CORTLAND AV",50.00,S,N,A,-,N,,,,,,,,,,Y,4,0,1,2,A,-,06,21755,A,N,C,C,A,A,H,-,C,D,0,,,,Y,Y,,A,01,0,0,1,0,0,0,0,0,0,"- ","- ",,,"SAN FRANCISCO","SAN FRANCISCO",-122.40766906738281,37.739475250244141
9617886,2023,2023-10-11,3801,2023-07-27,1426,1339,TRAFF,4,5,7,3801,0,0,0,,0,4B3D,"THE EMBARCADERO","BATTERY ST",466.00,,N,A,-,N,,,,,,,,,,N,3,0,1,2,A,-,17,22517,,N,B,G,A,A,H,-,A,-,0,,Y,,,Y,,J,48,0,1,0,0,0,0,1,0,0,"- ","- ",,,"SAN FRANCISCO","SAN FRANCISCO",-122.40202331542969,37.803977966308594
9617900,2023,2023-10-11,3801,2023-09-23,1445,1238,MISSI,6,5,7,3801,0,0,0,,0,3D14C,"FOLSOM ST","16TH ST",163.00,S,N,A,-,N,,,,,,,,,,N,4,0,1,2,A,-,04,21703,,N,C,C,A,A,H,-,A,A,0,,,,,Y,,J,43,0,0,1,0,0,0,0,0,0,"- ","- ",,,"SAN FRANCISCO","SAN FRANCISCO",-122.41525268554688,37.764862060546875
9618281,2023,2023-11-16,3801,2023-10-04,2235,2140,MISSI,3,5,7,3801,0,0,0,,0,3D15E,"BRUSSELS ST","OLMSTEAD ST",0.00,,Y,A,-,N,,,,,,,,,,N,4,0,1,2,A,-,21,22106,,N,C,C,A,A,H,-,C,D,0,,,,,Y,,A,01,0,0,1,0,0,0,0,0,0,"- ","- ",,,"SAN FRANCISCO","SAN FRANCISCO",-122.40357971191406,37.722320556640625
9618288,2023,2023-11-22,3801,2023-09-28,1808,2401,SOUTH,4,5,7,3801,0,0,0,,0,3B13D,"7TH AV","BRYANT ST",0.00,,N,A,-,Y,SF,4,80,-,-,4.292,R,4,E,N,4,0,6,2,A,-,09,21804,A,N,D,C,A,A,H,-,A,A,0,,,Y,,Y,,J,48,0,0,6,0,0,0,0,0,1,"- ","- ",,,"SAN FRANCISCO","SAN FRANCISCO",-122.406494140625,37.772331237792969
9618306,2023,2023-11-13,3801,2023-10-27,1739,1046,NORTH,5,5,7,3801,0,0,0,,0,3E13D,"VAN NESS AV","GOLDEN GATE AV",0.00,,Y,A,-,N,,,,,,,,,,N,4,0,1,3,A,-,11,21453,D,N,E,B,B,A,H,-,A,A,0,Y,,,,Y,,N,60,0,0,1,0,1,0,0,0,0,"- ","- ",,,"SAN FRANCISCO","SAN FRANCISCO",-122.42038726806641,37.781028747558594
9624029,2023,2025-06-25,3801,2023-01-01,2019,4119,TRAFF,7,5,7,3801,0,0,0,,0,4B103,"POTRERO AV","ALAMEDA ST",5.00,S,N,A,-,N,,,,,,,,,,N,1,1,1,3,A,-,11,21456,A,F,G,B,B,A,H,-,C,A,0,Y,,,,Y,Y,N,60,0,0,1,1,1,0,0,0,0,"- ","- ",,,"SAN FRANCISCO","SAN FRANCISCO",-122.40779113769531,37.768367767333984
9624057,2023,2023-10-11,3801,2023-08-06,"10  ",917,TRAFF,7,5,7,3801,0,0,0,,0,4B2E,"FELL ST","VAN NESS AV",151.00,E,N,A,-,N,,,,,,,,,,Y,1,1,0,2,A,-,11,21954,A,F,G,B,E,A,H,-,C,D,0,Y,,,,Y,,N,60,0,0,0,1,0,0,0,0,0,"- ","- ",,,"SAN FRANCISCO","SAN FRANCISCO",-122.41898345947266,37.776439666748047
9624058,2023,2025-06-25,3801,2023-08-25,"610 ",4375,TRAFF,5,5,7,3801,0,0,0,,0,4BIF,RT-101,"MARIN ST",1.00,N,N,A,-,Y,SF,4,101,-,-,3.112,R,4,N,Y,1,1,0,2,A,-,11,21954,A,N,G,B,D,A,H,-,C,D,0,Y,,,,Y,,N,60,0,0,0,1,0,0,0,0,0,"- ","- ",,,"SAN FRANCISCO","SAN FRANCISCO",-122.40314483642578,37.750850677490234
9624200,2023,2025-06-27,3801,2023-08-14,2242,1422,TRAFF,1,5,7,3801,0,0,0,,0,04B,"HARRISON ST","7TH ST",25.00,N,N,A,-,N,,,,,,,,,,N,1,1,0,2,A,-,11,21954,A,F,G,B,E,A,H,-,C,A,0,Y,,,,Y,Y,N,60,0,0,0,1,0,0,0,0,0,"- ","- ",,,"SAN FRANCISCO","SAN FRANCISCO",-122.40621948242188,37.775588989257812
9624201,2023,2025-04-29,3801,2023-08-19,1845,917,TRAFF,6,5,7,3801,0,0,0,,0,4B2E,"LAKE MERCED BL","BROTHERHOOD WY",101.00,N,N,A,-,N,,,,,,,,,,Y,1,1,0,1,A,-,07,21658,A,N,E,I,A,A,H,-,B,D,0,,,Y,,Y,,C,02,0,0,0,0,0,0,0,1,0,"- ","- ",,,"SAN FRANCISCO","SAN FRANCISCO",-122.48523712158203,37.714996337890625
9624208,2023,2023-11-08,3801,2023-09-18,2342,1422,TRAFF,1,5,7,3801,0,0,0,,0,4B2F,"1ST ST","FOLSOM ST",135.00,S,N,A,-,N,,,,,,,,,,N,1,1,0,1,A,-,17,21235,G,N,E,J,A,A,H,-,C,-,0,,,Y,,Y,,C,03,0,0,0,0,0,0,0,1,0,"- ","- ",,,"SAN FRANCISCO","SAN FRANCISCO",-122.39414215087891,37.787055969238281
9624401,2023,2023-09-14,3801,2023-08-16,2500,504,NORTH,3,5,7,3801,0,0,0,,0,3E15A,"LOMBARD ST","SCOTT ST",184.00,E,N,A,-,N,,,,,,,,,,Y,4,0,1,2,A,-,03,22350,,N,C,C,A,A,H,-,A,A,0,,,,,Y,,A,01,0,0,1,0,0,0,0,0,0,"- ","- ",,,"SAN FRANCISCO","SAN FRANCISCO",-122.44036865234375,37.799293518066406
9624404,2023,2023-09-12,3801,2023-08-24,"819 ",1857,SOUTH,4,5,7,3801,0,0,0,,0,3B60,"HOWARD ST","7TH ST",218.00,W,N,A,-,N,,,,,,,,,,,3,0,1,2,A,-,17,21657,,N,D,C,A,A,G,-,A,D,0,,,,,Y,,M,94,0,1,0,0,0,0,0,0,0,"- ","- ",,,"SAN FRANCISCO","SAN FRANCISCO",-122.40992736816406,37.777549743652344
9624425,2023,2023-09-25,3801,2023-08-18,2320,821,SOUTH,5,5,7,3801,0,0,0,,0,0B5,"TERRY A FRANCOIS BL","WARRIORS WY",0.00,,Y,A,-,N,,,,,,,,,,N,4,0,1,2,A,-,11,21954,A,N,G,B,E,A,H,-,C,A,0,Y,,,,Y,Y,N,60,0,0,1,0,1,0,0,0,0,"- ","- ",,,"SAN FRANCISCO","SAN FRANCISCO",-122.38632202148438,37.768985748291016
9624548,2023,2023-09-13,3801,2023-08-13,1721,1330,INGLE,7,5,7,3801,0,0,0,,0,3H11D,"FOLSOM ST","JARBOE AV",0.00,,Y,A,-,N,,,,,,,,,,Y,4,0,1,2,A,-,09,21802,A,N,D,C,A,A,H,-,A,A,0,,,,,Y,,A,01,0,0,1,0,0,0,0,0,0,"- ","- ",,,"SAN FRANCISCO","SAN FRANCISCO",-122.41336059570312,37.738315582275391
9625571,2023,2023-10-16,3801,2023-09-19,"553 ",1188,INGLE,2,5,7,3801,0,0,0,,0,3H15D,"MISSION ST","NAGLEE AV",30.00,S,N,A,-,N,,,,,,,,,,Y,4,0,1,2,A,-,03,22350,,F,C,C,A,A,H,-,C,A,0,,,,,Y,,A,01,0,0,1,0,0,0,0,0,0,"- ","- ",,,"SAN FRANCISCO","SAN FRANCISCO",-122.44621276855469,37.711551666259766
9625579,2023,2023-10-11,3801,2023-09-18,1415,4104,TENDE,1,5,7,3801,0,0,0,,0,3J95C,"MARKET ST","CYRIL MAGNIN ST",0.00,,Y,A,-,N,,,,,,,,,,N,4,0,1,1,A,-,08,22107,,N,H,A,A,A,C,-,A,A,0,,Y,,,Y,,L,04,0,0,1,0,0,0,1,0,0,"- ","- ",,,"SAN FRANCISCO","SAN FRANCISCO",-122.40805816650391,37.78399658203125
9625580,2023,2023-10-11,3801,2023-09-17,1629,1511,BAYVI,7,5,7,3801,0,0,0,,0,3C90D,"3RD ST","QUESADA AV",0.00,,Y,A,-,N,,,,,,,,,,Y,2,0,1,3,A,-,03,22350,,N,C,C,A,A,H,-,A,A,0,,,Y,,Y,,A,01,1,0,0,0,0,0,0,0,1,"- ","- ",,,"SAN FRANCISCO","SAN FRANCISCO",-122.39132690429688,37.733272552490234
9625582,2023,2023-10-11,3801,2023-09-16,1530,1251,BAYVI,6,5,7,3801,0,0,0,,0,3C12D,"BAY SHORE BL","3RD ST",0.00,,Y,A,-,N,,,,,,,,,,Y,4,0,2,2,A,-,03,22350,,N,C,C,A,A,H,-,A,D,0,,,,,Y,,A,01,0,0,2,0,0,0,0,0,0,"- ","- ",,,"SAN FRANCISCO","SAN FRANCISCO",-122.39888000488281,37.715229034423828
9625586,2023,2023-10-16,3801,2023-08-01,1319,2229,TENDE,2,5,7,3801,0,0,0,,0,,"OFARRELL ST","LARKIN ST",0.00,,Y,A,-,N,,,,,,,,,,N,3,0,1,2,A,-,00,21954,,N,G,B,B,A,H,-,A,A,0,Y,,,,Y,Y,N,60,0,1,0,0,1,0,0,0,0,"- ","- ",,,"SAN FRANCISCO","SAN FRANCISCO",-122.41790008544922,37.785167694091797
9625587,2023,2023-10-16,3801,2023-08-24,1600,2401,SOUTH,4,5,7,3801,0,0,0,,0,3B13D,"AHERN WY","6TH ST",0.00,,Y,A,-,N,,,,,,,,,,N,3,0,1,2,A,-,08,22107,,N,D,G,A,A,H,-,A,D,0,,Y,,,Y,,A,01,0,1,0,0,0,0,1,0,0,"- ","- ",,,"SAN FRANCISCO","SAN FRANCISCO",-122.40335845947266,37.776744842529297
9626021,2023,2023-10-11,3801,2023-09-16,1940,469,MISSI,6,5,7,3801,0,0,0,,0,3D11D,"18TH ST",OAKWOOD,142.00,E,N,A,-,N,,,,,,,,,,N,4,0,1,2,A,-,06,21750,,N,B,G,A,A,H,-,C,D,0,,Y,,,Y,,L,04,0,0,1,0,0,0,1,0,0,"- ","- ",,,"SAN FRANCISCO","SAN FRANCISCO",-122.42452239990234,37.761528015136719
9626028,2023,2023-10-11,3801,2023-09-12,1734,1718,BAYVI,2,5,7,3801,0,0,0,,0,3C90A,"SILVER AV","LEDYARD ST",0.00,,Y,A,-,N,,,,,,,,,,Y,3,0,1,3,A,-,06,21750,A,N,D,C,A,-,H,-,A,D,0,,,,,Y,,A,01,0,1,0,0,0,0,0,0,0,"- ","- ",,,"SAN FRANCISCO","SAN FRANCISCO",-122.40287780761719,37.734066009521484
9626039,2023,2023-10-11,3801,2023-09-19,2038,988,INGLE,2,5,7,3801,0,0,0,,0,3H113,"GENEVA AV","RT 280",0.00,,Y,A,-,N,,,,,,,,,,Y,4,0,1,2,A,-,12,21453,A,N,D,C,A,A,H,-,C,A,0,,,,,Y,,A,01,0,0,1,0,0,0,0,0,0,"- ",SF,,,"SAN FRANCISCO","SAN FRANCISCO",-122.447998046875,37.721267700195312
9626065,2023,2023-10-11,3801,2023-09-05,1335,1003,INGLE,2,5,7,3801,0,0,0,,0,003,"MANSELL ST","VISITACION AV",0.00,,Y,A,-,N,,,,,,,,,,Y,3,0,1,1,A,-,08,22107,,N,B,I,A,A,H,-,A,D,0,,,,,Y,,A,01,0,1,0,0,0,0,0,0,0,"- ","- ",,,"SAN FRANCISCO","SAN FRANCISCO",-122.41164398193359,37.718658447265625
9626066,2023,2023-10-16,3801,2023-09-10,"157 ",2035,MISSI,7,5,7,3801,0,0,0,,0,3B13E,"S VAN NESS AV","19TH ST",168.00,S,N,A,-,N,,,,,,,,,,Y,4,0,1,2,A,-,01,23152,A,N,B,C,A,A,H,-,C,A,0,,,,,Y,Y,A,01,0,0,1,0,0,0,0,0,0,"- ","- ",,,"SAN FRANCISCO","SAN FRANCISCO",-122.41701507568359,37.759899139404297
9626067,2023,2023-10-11,3801,2023-09-10,"145 ",2124,MISSI,7,5,7,3801,0,0,0,,0,3D13E,"MISSION ST","19TH ST",0.00,,Y,A,-,N,,,,,,,,,,N,3,0,4,5,A,-,12,21453,,F,G,B,B,A,H,-,C,A,0,Y,,,,Y,,-,,0,1,3,0,4,0,0,0,0,"- ","- ",,,"SAN FRANCISCO","SAN FRANCISCO",-122.41921997070312,37.760219573974609
9626070,2023,2023-10-11,3801,2023-09-09,"654 ",4,SOUTH,6,5,7,3801,0,0,0,,0,3B5,"DE HARO ST","DIVISION ST",52.00,S,N,B,-,N,,,,,,,,,,Y,3,0,1,2,A,-,12,22450,A,N,D,E,A,A,H,-,B,A,0,,,,,Y,,A,01,0,1,0,0,0,0,0,0,0,"- ","- ",,,"SAN FRANCISCO","SAN FRANCISCO",-122.40214538574219,37.769874572753906
9626071,2023,2023-10-11,3801,2023-09-09,"20  ",2457,SOUTH,6,5,7,3801,0,0,0,,0,3B14E,"KING ST","TOWNSEND ST",0.00,,Y,A,-,N,,,,,,,,,,Y,4,0,1,1,A,-,03,22350,,N,E,I,A,A,H,-,A,D,0,,,,,Y,Y,A,01,0,0,1,0,0,0,0,0,0,"- ","- ",,,"SAN FRANCISCO","SAN FRANCISCO",,
9626072,2023,2023-10-11,3801,2023-09-09,"6   ",1463,SOUTH,6,5,7,3801,0,0,0,,0,0B2,"MISSION ST","JESSIE EAST ST",0.00,,Y,A,-,N,,,,,,,,,,N,3,0,1,1,D,-,00,,,N,A,I,A,A,H,-,C,D,0,,,Y,,Y,,-,"- ",0,1,0,0,0,0,0,0,1,"- ","- ",,,"SAN FRANCISCO","SAN FRANCISCO",-122.40483093261719,37.784053802490234
9626073,2023,2023-10-16,3801,2023-09-08,2308,2457,SOUTH,5,5,7,3801,0,0,0,,0,3B14E,"HARRISON ST","3RD ST",100.00,W,N,A,-,N,,,,,,,,,,N,3,0,1,2,A,-,17,22517,,N,G,J,A,A,H,-,C,A,0,,,,,Y,,A,08,0,1,0,0,0,0,0,0,0,"- ","- ",,,"SAN FRANCISCO","SAN FRANCISCO",-122.39763641357422,37.782356262207031
9626074,2023,2023-10-11,3801,2023-09-08,1832,203,MISSI,5,5,7,3801,0,0,0,,0,MISSIO,"24TH ST","UTAH ST",118.00,E,N,A,-,N,,,,,,,,,,Y,3,0,1,3,A,-,09,21801,A,N,D,C,A,A,H,-,A,D,0,,,Y,,Y,,A,01,0,1,0,0,0,0,0,0,1,"- ","- ",,,"SAN FRANCISCO","SAN FRANCISCO",-122.40491485595703,37.753108978271484
9626076,2023,2023-10-11,3801,2023-09-10,1500,2123,BAYVI,7,5,7,3801,0,0,0,,0,3C11D,"18TH ST","PENNSYLVANIA AV",200.00,E,N,A,-,N,,,,,,,,,,Y,3,0,1,2,A,-,09,21802,A,N,D,C,A,A,H,-,A,A,0,,,Y,,Y,,C,02,0,1,0,0,0,0,0,0,1,"- ","- ",,,"SAN FRANCISCO","SAN FRANCISCO",-122.3929443359375,37.762805938720703
9626080,2023,2023-10-11,3801,2023-09-05,1647,260,SOUTH,2,5,7,3801,0,0,0,,0,3B4D,"ARKANSAS ST","17TH ST",0.00,,Y,A,-,N,,,,,,,,,,Y,4,0,2,2,A,-,03,22350,,N,D,C,A,A,H,-,A,A,0,,,,,Y,,A,08,0,0,2,0,0,0,0,0,0,"- ","- ",,,"SAN FRANCISCO","SAN FRANCISCO",-122.39869689941406,37.765026092529297
9626161,2023,2023-10-11,3801,2023-09-14,1551,1215,MISSI,4,5,7,3801,0,0,0,,0,003,"19TH ST","LINDA ST",0.00,,Y,A,-,N,,,,,,,,,,N,2,0,1,2,A,-,11,21954,A,N,G,B,D,A,H,-,A,D,0,Y,,,,Y,,N,60,1,0,0,0,1,0,0,0,0,"- ","- ",,,"SAN FRANCISCO","SAN FRANCISCO",-122.42285919189453,37.760021209716797
9626162,2023,2023-10-11,3801,2023-09-14,1130,1513,RICHM,4,5,7,3801,0,0,0,,0,3G13A,"BALBOA ST","ARGUELLO BL",0.00,,Y,A,-,N,,,,,,,,,,Y,3,0,1,1,C,-,18,,,N,A,I,A,A,H,-,A,D,0,,,,,Y,,-,"- ",0,1,0,0,0,0,0,0,0,"- ","- ",,,"SAN FRANCISCO","SAN FRANCISCO",-122.45858764648438,37.777248382568359
9626163,2023,2023-10-16,3801,2023-09-14,"809 ",1316,RICHM,4,5,7,3801,0,0,0,,0,3G2A,"ANZA ST","ARGUELLO BL",0.00,,Y,A,-,N,,,,,,,,,,Y,4,0,2,2,A,-,09,21801,A,N,A,C,A,A,H,-,A,A,0,,,,,Y,,A,01,0,0,2,0,0,0,0,0,0,"- ","- ",,,"SAN FRANCISCO","SAN FRANCISCO",-122.45875549316406,37.779354095458984
9626164,2023,2023-10-16,3801,2023-09-14,"8   ",245,"PARK ",4,5,7,3801,0,0,0,,0,04C,"SANCHEZ ST","14TH ST",216.00,N,N,A,-,N,,,,,,,,,,N,3,0,1,2,A,-,"- ",,,N,D,C,A,A,H,-,D,D,0,,,Y,,Y,,C,02,0,1,0,0,0,0,0,0,1,"- ","- ",,,"SAN FRANCISCO","SAN FRANCISCO",-122.43123626708984,37.768192291259766
9626166,2023,2023-10-11,3801,2023-09-13,1100,1513,RICHM,3,5,7,3801,0,0,0,,0,3G13A,"BALBOA ST","35TH AV",0.00,,Y,A,-,N,,,,,,,,,,Y,4,0,1,3,A,-,09,21800,A,N,D,C,A,A,H,-,A,D,0,,,,,Y,,A,01,0,0,1,0,0,0,0,0,0,"- ","- ",,,"SAN FRANCISCO","SAN FRANCISCO",-122.49517059326172,37.775825500488281
9626168,2023,2023-10-11,3801,2023-09-14,1644,537,PARK,4,5,7,3801,0,0,0,,0,3F12D,"KIRKHAM ST","6TH AV",0.00,,Y,A,-,N,,,,,,,,,,N,4,0,1,2,A,-,03,22350,,N,D,C,A,A,H,-,A,D,0,,,Y,,Y,,A,01,0,0,1,0,0,0,0,0,1,"- ","- ",,,"SAN FRANCISCO","SAN FRANCISCO",-122.46283721923828,37.76043701171875
9626169,2023,2023-10-11,3801,2023-09-14,2224,1133,CENTR,4,5,7,3801,0,0,0,,0,04A,"THE EMBARCADERO","WASHINGTON ST",88.00,N,N,A,-,N,,,,,,,,,,N,3,0,4,3,A,-,03,22350,,N,C,C,A,A,H,-,C,A,0,,,,,Y,,A,01,0,1,3,0,0,0,0,0,0,"- ","- ",,,"SAN FRANCISCO","SAN FRANCISCO",-122.39572906494141,37.796840667724609
9626171,2023,2023-10-11,3801,2023-09-14,1454,1741,RICHM,4,5,7,3801,0,0,0,,0,901,"MARTIN LUTHER KING JR DR","STOW LAKE DR E",0.00,,Y,A,-,N,,,,,,,,,,N,3,0,1,2,A,-,03,22350,,N,E,C,A,A,H,-,A,D,0,,,,,Y,,M,93,0,1,0,0,0,0,0,0,0,"- ","- ",,,"SAN FRANCISCO","SAN FRANCISCO",-122.47264862060547,37.767490386962891
9626173,2023,2023-10-11,3801,2023-09-16,2014,2408,MISSI,6,5,7,3801,0,0,0,,0,3D11D,"18TH ST","VALENCIA ST",50.00,W,N,A,-,N,,,,,,,,,,N,4,0,1,2,A,-,09,21801,A,N,D,G,A,A,H,-,A,A,0,,Y,,,Y,,A,07,0,0,1,0,0,0,1,0,0,"- ","- ",,,"SAN FRANCISCO","SAN FRANCISCO",-122.42173004150391,37.761699676513672