CASE_ID,ACCIDENT_YEAR,PROC_DATE,JURIS,COLLISION_DATE,COLLISION_TIME,OFFICER_ID,REPORTING_DISTRICT,DAY_OF_WEEK,CHP_SHIFT,POPULATION,CNTY_CITY_LOC,SPECIAL_COND,BEAT_TYPE,CHP_BEAT_TYPE,CITY_DIVISION_LAPD,CHP_BEAT_CLASS,BEAT_NUMBER,PRIMARY_RD,SECONDARY_RD,DISTANCE,DIRECTION,INTERSECTION,WEATHER_1,WEATHER_2,STATE_HWY_IND,CALTRANS_COUNTY,CALTRANS_DISTRICT,STATE_ROUTE,ROUTE_SUFFIX,POSTMILE_PREFIX,POSTMILE,LOCATION_TYPE,RAMP_INTERSECTION,SIDE_OF_HWY,TOW_AWAY,COLLISION_SEVERITY,NUMBER_KILLED,NUMBER_INJURED,PARTY_COUNT,PRIMARY_COLL_FACTOR,PCF_CODE_OF_VIOL,PCF_VIOL_CATEGORY,PCF_VIOLATION,PCF_VIOL_SUBSECTION,HIT_AND_RUN,TYPE_OF_COLLISION,MVIW,PED_ACTION,ROAD_SURFACE,ROAD_COND_1,ROAD_COND_2,LIGHTING,CONTROL_DEVICE,CHP_ROAD_TYPE,PEDESTRIAN_ACCIDENT,BICYCLE_ACCIDENT,MOTORCYCLE_ACCIDENT,TRUCK_ACCIDENT,NOT_PRIVATE_PROPERTY,ALCOHOL_INVOLVED,STWD_VEHTYPE_AT_FAULT,CHP_VEHTYPE_AT_FAULT,COUNT_SEVERE_INJ,COUNT_VISIBLE_INJ,COUNT_COMPLAINT_PAIN,COUNT_PED_KILLED,COUNT_PED_INJURED,COUNT_BICYCLIST_KILLED,COUNT_BICYCLIST_INJURED,COUNT_MC_KILLED,COUNT_MC_INJURED,PRIMARY_RAMP,SECONDARY_RAMP,LATITUDE,LONGITUDE,COUNTY,CITY,POINT_X,POINT_Y
9626175,2023,2023-10-11,3801,2023-09-15,"333 ",2457,SOUTH,5,5,7,3801,0,0,0,,0,3B14E,"VAN NESS AV","HAYES ST",0.00,,Y,A,-,N,,,,,,,,,,N,4,0,1,2,A,-,03,22411,,N,B,J,A,A,H,-,C,D,0,,,,,Y,,M,94,0,0,1,0,0,0,0,0,0,"- ","- ",,,"SAN FRANCISCO","SAN FRANCISCO",-122.419677734375,37.777294158935547
9626177,2023,2023-10-11,3801,2023-09-18,1734,260,SOUTH,1,5,7,3801,0,0,0,,0,3B12D,"EMBARCADERO SOUTH","HARRISON ST",122.00,S,N,A,-,N,,,,,,,,,,N,3,0,1,2,A,-,17,22517,,N,-,G,A,A,H,-,A,D,0,,Y,,,Y,,A,01,0,1,0,0,0,0,1,0,0,"- ","- ",,,"SAN FRANCISCO","SAN FRANCISCO",-122.38839721679688,37.789211273193359
9626181,2023,2023-10-11,3801,2023-09-17,1900,837,CENTR,7,5,7,3801,0,0,0,,0,3A12D,"KEARNY ST","VERMEHR PL",31.00,N,N,A,-,N,,,,,,,,,,Y,3,0,1,2,A,-,03,22350,,N,C,C,A,A,H,-,B,A,0,,,Y,,Y,,C,02,0,1,0,0,0,0,0,0,1,"- ","- ",,,"SAN FRANCISCO","SAN FRANCISCO",-122.40377044677734,37.789424896240234
9626182,2023,2023-10-11,3801,2023-09-16,1515,00054,TARAV,6,5,7,3801,0,0,0,,0,3100,"SUNSET BL","ORTEGA ST",0.00,,Y,A,-,N,,,,,,,,,,N,4,0,1,2,A,-,03,22350,,N,C,C,A,A,H,-,A,A,0,,,,,Y,,A,01,0,0,1,0,0,0,0,0,0,"- ","- ",,,"SAN FRANCISCO","SAN FRANCISCO",-122.49518585205078,37.751544952392578
9626183,2023,2023-10-11,3801,2023-09-15,2045,2359,MISSI,5,5,7,3801,0,0,0,,0,0D5,"14TH ST","MINNA ST",0.00,,Y,A,-,N,,,,,,,,,,N,3,0,1,2,A,-,11,21954,A,F,G,B,E,A,H,-,C,D,0,Y,Y,,,Y,,N,60,0,1,0,0,1,0,0,0,0,"- ","- ",,,"SAN FRANCISCO","SAN FRANCISCO",-122.41924285888672,37.768329620361328
9626184,2023,2023-10-11,3801,2023-09-14,1443,2402,TARAV,4,5,7,3801,0,0,0,,0,3I11A,"IRVING ST","30TH AV",0.00,,Y,A,-,N,,,,,,,,,,N,3,0,2,4,A,-,10,21950,A,N,G,B,B,A,H,-,A,A,0,Y,,,,Y,,A,07,0,1,1,0,2,0,0,0,0,"- ","- ",,,"SAN FRANCISCO","SAN FRANCISCO",-122.48889923095703,37.763038635253906
9626186,2023,2023-10-11,3801,2023-09-12,1449,2707,TARAV,2,5,7,3801,0,0,0,,0,5CAR,"HOLLOWAY AV","ARELLANO AV",0.00,,Y,A,-,N,,,,,,,,,,N,4,0,1,2,A,-,08,22107,,N,D,C,A,A,H,-,A,D,0,,,,,Y,,A,01,0,0,1,0,0,0,0,0,0,"- ","- ",,,"SAN FRANCISCO","SAN FRANCISCO",-122.47900390625,37.720882415771484
9626188,2023,2023-10-11,3801,2023-09-11,2023,564,NORTH,1,5,7,3801,0,0,0,,0,3E12D,"MCALLISTER ST","LAGUNA ST",5.00,W,N,A,-,N,,,,,,,,,,N,4,0,1,2,A,-,10,21950,A,N,G,B,B,A,H,-,C,A,0,Y,,,,Y,,A,01,0,0,1,0,1,0,0,0,0,"- ","- ",,,"SAN FRANCISCO","SAN FRANCISCO",-122.42683410644531,37.779258728027344
9626189,2023,2023-10-11,3801,2023-09-11,1636,2004,TARAV,1,5,7,3801,0,0,0,,0,016,"OCEAN AV","MIRAMAR AV",0.00,,Y,A,-,N,,,,,,,,,,N,4,0,1,2,A,-,11,21456,A,N,G,B,B,A,H,-,A,A,0,Y,,,,Y,,N,60,0,0,1,0,1,0,0,0,0,"- ","- ",,,"SAN FRANCISCO","SAN FRANCISCO",-122.45821380615234,37.724319458007812
9626190,2023,2023-10-11,3801,2023-09-11,1518,2398,NORTH,1,5,7,3801,0,0,0,,0,06E,"VALLEJO ST","GOUGH ST",0.00,,Y,A,-,N,,,,,,,,,,N,4,0,1,2,A,-,12,22450,A,F,D,C,A,A,H,-,A,A,0,,,,,Y,,A,07,0,0,1,0,0,0,0,0,0,"- ","- ",,,"SAN FRANCISCO","SAN FRANCISCO",-122.4268798828125,37.796291351318359
9626192,2023,2023-10-11,3801,2023-09-11,"914 ",1944,INGLE,1,5,7,3801,0,0,0,,0,0H5,"GENEVA AV","PRAGUE ST",357.00,E,N,A,-,N,,,,,,,,,,Y,4,0,2,3,A,-,09,21804,A,N,F,C,A,A,H,-,A,D,0,,,,,Y,,A,01,0,0,2,0,0,0,0,0,0,"- ","- ",,,"SAN FRANCISCO","SAN FRANCISCO",-122.43077087402344,37.712532043457031
9626194,2023,2023-10-11,3801,2023-09-08,"733 ",1118,SOUTH,5,5,7,3801,0,0,0,,0,3B14A,"TERRY A FRANCOIS BL","MISSION BAY BL S",0.00,,Y,A,-,N,,,,,,,,,,Y,4,0,1,2,A,-,09,21802,A,N,D,C,A,A,H,-,A,D,0,,,,,Y,,A,01,0,0,1,0,0,0,0,0,0,"- ","- ",,,"SAN FRANCISCO","SAN FRANCISCO",-122.38648986816406,37.770858764648438
9626196,2023,2023-10-11,3801,2023-09-13,"358 ",1301,TENDE,3,5,7,3801,0,0,0,,0,3J12E,"6TH ST","JESSIE ST",0.00,,Y,A,-,N,,,,,,,,,,N,4,0,1,2,A,-,11,21950,B,N,A,B,E,A,-,-,C,A,0,Y,,,,Y,,N,60,0,0,1,0,1,0,0,0,0,"- ","- ",,,"SAN FRANCISCO","SAN FRANCISCO",-122.40921020507812,37.781398773193359
9626198,2023,2023-10-11,3801,2023-09-13,2231,367,CENTR,3,5,7,3801,0,0,0,,0,3A13E,"NEW MONTGOMERY ST","MARKET ST",0.00,,Y,A,-,N,,,,,,,,,,N,4,0,1,2,A,-,10,21950,A,N,G,B,B,A,H,-,C,A,0,Y,,,,Y,,A,01,0,0,1,0,1,0,0,0,0,"- ","- ",,,"SAN FRANCISCO","SAN FRANCISCO",-122.40199279785156,37.788768768310547
9626199,2023,2023-10-11,3801,2023-09-13,1643,2465,TENDE,3,5,7,3801,0,0,0,,0,3J12D,"5TH ST","STEVENSON ST",41.00,S,N,A,-,N,,,,,,,,,,N,4,0,1,1,A,-,17,21229,B,N,E,I,A,A,H,-,A,D,0,,,,,Y,,-,,0,0,1,0,0,0,0,0,0,"- ","- ",,,"SAN FRANCISCO","SAN FRANCISCO",-122.40735626220703,37.783432006835938
9626200,2023,2023-10-11,3801,2023-09-09,2009,2498,NORTH,6,5,7,3801,0,0,0,,0,3E12D,"GOLDEN GATE AV","BUCHANAN ST",0.00,,Y,A,-,N,,,,,,,,,,N,4,0,1,3,A,-,08,22107,,N,B,C,A,A,H,-,C,D,0,,,,,Y,,A,01,0,0,1,0,0,0,0,0,0,"- ","- ",,,"SAN FRANCISCO","SAN FRANCISCO",-122.42874145507812,37.779964447021484
9626201,2023,2023-10-17,3801,2023-09-20,1945,233,MISSI,3,5,7,3801,0,0,0,,0,03D,"22ND ST","VALENCIA ST",0.00,,Y,A,-,N,,,,,,,,,,N,3,0,1,2,A,-,09,21801,A,N,-,G,A,A,H,-,C,A,0,,Y,,,Y,,L,04,0,1,0,0,0,0,1,0,0,"- ","- ",,,"SAN FRANCISCO","SAN FRANCISCO",-122.42096710205078,37.755306243896484
9626203,2023,2023-10-26,3801,2023-09-22,1302,1352,MISSI,5,5,7,3801,0,0,0,,0,3D16C,"BRYANT ST","16TH ST",0.00,,Y,A,-,N,,,,,,,,,,Y,4,0,1,2,A,-,12,21453,,F,A,C,A,A,H,-,A,A,0,,,Y,,Y,Y,A,01,0,0,1,0,0,0,0,0,1,"- ","- ",,,"SAN FRANCISCO","SAN FRANCISCO",-122.4105224609375,37.765594482421875
9626204,2023,2023-10-13,3801,2023-09-20,"57  ",1902,MISSI,3,5,7,3801,0,0,0,,0,3D13E,"HARRISON ST","KAMILLE CT",55.00,S,N,A,-,N,,,,,,,,,,Y,4,0,1,2,A,-,07,21658,A,N,C,E,A,A,H,-,C,A,0,,,,,Y,,A,01,0,0,1,0,0,0,0,0,0,"- ","- ",,,"SAN FRANCISCO","SAN FRANCISCO",-122.41156768798828,37.748798370361328
9626207,2023,2023-10-13,3801,2023-09-16,1818,746,INGLE,6,5,7,3801,0,0,0,,0,3H13D,"SAN JOSE AV","GENEVA AV",140.00,S,N,B,-,N,,,,,,,,,,N,3,0,1,2,A,-,06,21756,A,N,-,B,-,A,H,-,A,D,0,Y,,,,Y,,A,01,0,1,0,0,1,0,0,0,0,"- ","- ",,,"SAN FRANCISCO","SAN FRANCISCO",-122.44688415527344,37.720405578613281
9626208,2023,2023-10-12,3801,2023-09-12,1908,307,NORTH,2,5,7,3801,0,0,0,,0,3E13D,"FULTON ST","LAGUNA ST",0.00,,Y,A,-,N,,,,,,,,,,N,3,0,1,2,A,-,03,22350,,N,C,G,A,A,H,-,A,A,0,,Y,,,Y,,L,04,0,1,0,0,0,0,1,0,0,"- ","- ",,,"SAN FRANCISCO","SAN FRANCISCO",-122.42664337158203,37.778327941894531
9626209,2023,2025-06-27,3801,2023-09-20,1328,1238,MISSI,3,5,7,3801,0,0,0,,0,3D11C,"18TH ST","VALENCIA ST",0.00,,Y,A,-,N,,,,,,,,,,N,1,1,0,2,A,-,10,21950,A,N,G,B,B,A,H,-,A,A,0,Y,,,,Y,,A,01,0,0,0,1,0,0,0,0,0,"- ","- ",,,"SAN FRANCISCO","SAN FRANCISCO",-122.42156219482422,37.761714935302734
9626210,2023,2023-11-14,3801,2023-09-21,2014,1179,TENDE,4,5,7,3801,0,0,0,,0,3J11D,"86TH ST","MARKET ST",0.00,,Y,A,-,N,,,,,,,,,,N,3,0,2,1,A,-,03,22350,,N,E,I,A,A,H,-,C,D,0,,,,,Y,,A,01,0,1,1,0,0,0,0,0,0,"- ","- ",,,"SAN FRANCISCO","SAN FRANCISCO",,
9626213,2023,2023-10-13,3801,2023-09-20,2109,359,TARAV,3,5,7,3801,0,0,0,,0,3160,"JUDAH ST","28TH AV",52.00,E,N,A,-,N,,,,,,,,,,Y,4,0,1,1,A,-,08,22107,,N,A,I,A,A,H,-,C,D,0,,,,,Y,,A,01,0,0,1,0,0,0,0,0,0,"- ","- ",,,"SAN FRANCISCO","SAN FRANCISCO",-122.48645782470703,37.761295318603516
9626217,2023,2023-10-26,3801,2023-09-17,1950,438,NORTH,7,5,7,3801,0,0,0,,0,003,"POLK ST","MCALLISTER ST",0.00,,Y,A,-,N,,,,,,,,,,Y,4,0,5,2,A,-,12,21453,,N,D,C,A,A,H,-,C,A,0,,,,,Y,,A,01,0,0,5,0,0,0,0,0,0,"- ","- ",,,"SAN FRANCISCO","SAN FRANCISCO",-122.41860198974609,37.7802734375
9626219,2023,2023-10-12,3801,2023-09-26,1030,1614,MISSI,2,5,7,3801,0,0,0,,0,,"CALEDONIA ST","15TH ST",96.00,,N,A,-,N,,,,,,,,,,N,3,0,1,2,A,-,03,22350,,F,G,B,E,A,H,-,A,D,0,Y,,,,Y,,-,99,0,1,0,0,1,0,0,0,0,"- ","- ",,,"SAN FRANCISCO","SAN FRANCISCO",-122.42153167724609,37.766574859619141
9626220,2023,2023-10-13,3801,2023-09-26,"645 ",2314,PARK,2,5,7,3801,0,0,0,,0,3F12A,"MASONIC AV","FULTON ST",0.00,,Y,B,-,N,,,,,,,,,,N,3,0,1,2,A,-,03,22350,,N,E,A,A,B,H,-,A,A,0,,Y,,,Y,,L,04,0,1,0,0,0,0,1,0,0,"- ","- ",,,"SAN FRANCISCO","SAN FRANCISCO",-122.44647216796875,37.775791168212891
9626221,2023,2023-10-12,3801,2023-09-25,1214,1352,MISSI,1,5,7,3801,0,0,0,,0,3D16C,"GUERRERO ST","20TH ST",0.00,,Y,A,-,N,,,,,,,,,,Y,4,0,1,2,A,-,04,21703,,F,C,C,A,A,H,-,A,A,0,,,,,Y,,A,01,0,0,1,0,0,0,0,0,0,"- ","- ",,,"SAN FRANCISCO","SAN FRANCISCO",-122.42346954345703,37.758358001708984
9626222,2023,2023-10-12,3801,2023-09-24,1953,623,BAYVI,7,5,7,3801,0,0,0,,0,3C12D,"KIRKWOOD AV","PHELPS ST",0.00,,Y,A,-,N,,,,,,,,,,Y,3,0,1,2,A,-,01,23153,A,N,B,E,A,A,H,-,C,D,0,,,,,Y,Y,A,01,0,1,0,0,0,0,0,0,0,"- ","- ",,,"SAN FRANCISCO","SAN FRANCISCO",-122.39183044433594,37.739231109619141
9626223,2023,2023-10-12,3801,2023-09-24,1336,1642,BAYVI,7,5,7,3801,0,0,0,,0,3C15A,DOWDOIN,"BACON ST",74.00,S,N,A,-,N,,,,,,,,,,Y,4,0,1,5,A,-,01,23152,A,M,B,E,A,A,H,-,A,D,0,,,,,Y,Y,A,01,0,0,1,0,0,0,0,0,0,"- ","- ",,,"SAN FRANCISCO","SAN FRANCISCO",,
9626224,2023,2023-10-12,3801,2023-09-16,1345,3H74,INGLE,6,5,7,3801,0,0,0,,0,0H5,"GENEVA AV","NAPLES ST",0.00,,Y,A,-,N,,,,,,,,,,N,4,0,1,2,A,-,09,21453,B,F,D,C,A,-,H,-,A,A,0,,,,,Y,,A,01,0,0,1,0,0,0,0,0,0,"- ","- ",,,"SAN FRANCISCO","SAN FRANCISCO",-122.43618774414062,37.714210510253906
9626226,2023,2023-10-11,3801,2023-09-07,2150,1402,SOUTH,4,5,7,3801,0,0,0,,0,3B13E,"HARRISON ST","1ST ST",0.00,,Y,A,-,N,,,,,,,,,,Y,2,0,1,2,A,-,12,21453,A,N,D,C,A,A,H,-,C,A,0,,,Y,,Y,,C,02,1,0,0,0,0,0,0,0,1,"- ","- ",,,"SAN FRANCISCO","SAN FRANCISCO",-122.39295959472656,37.786087036132812
9626229,2023,2023-10-11,3801,2023-09-27,1610,2705,BAYVI,3,5,7,3801,0,0,0,,0,3C11D,"18TH ST","3RD ST",0.00,,Y,A,-,N,,,,,,,,,,Y,4,0,1,2,A,-,09,21801,A,N,A,C,A,A,H,-,A,A,0,,,,,Y,,A,01,0,0,1,0,0,0,0,0,0,"- ","- ",,,"SAN FRANCISCO","SAN FRANCISCO",-122.38884735107422,37.763038635253906
9626230,2023,2023-10-11,3801,2023-09-24,1711,2231,SOUTH,7,5,7,3801,0,0,0,,0,3B12D,"4TH ST","FOLSOM ST",0.00,,Y,A,-,N,,,,,,,,,,N,4,0,1,2,A,-,17,21461,A,N,B,G,A,A,H,-,-,A,0,,Y,,,Y,,L,04,0,0,1,0,0,0,1,0,0,"- ","- ",,,"SAN FRANCISCO","SAN FRANCISCO",-122.40116119384766,37.782035827636719
9626231,2023,2023-10-11,3801,2023-09-24,"921 ",1249,CENTR,7,5,7,3801,0,0,0,,0,3L18,"GRANT AV","WASHINGTON ST",0.00,,Y,-,-,N,,,,,,,,,,N,3,0,1,2,A,-,10,21954,B,N,G,B,E,A,H,-,A,D,0,Y,,,,Y,,A,08,0,1,0,0,1,0,0,0,0,"- ","- ",,,"SAN FRANCISCO","SAN FRANCISCO",-122.40644836425781,37.795158386230469
9626232,2023,2023-10-11,3801,2023-09-24,"335 ",582,CENTR,7,5,7,3801,0,0,0,,0,3A15E,"MARKET ST","MARKET ST 600 BLK",0.00,,N,A,-,N,,,,,,,,,,N,3,0,1,1,A,-,03,22350,,N,F,A,A,A,H,-,C,A,0,,,,,Y,,M,94,0,1,0,0,0,0,0,0,0,"- ","- ",,,"SAN FRANCISCO","SAN FRANCISCO",,
9626233,2023,2023-10-11,3801,2023-09-23,2306,2153,TARAV,6,5,7,3801,0,0,0,,0,315E,"UNIPERO SERRA BL","19TH AV",0.00,,Y,A,-,N,,,,,,,,,,Y,4,0,1,1,A,-,00,22352,,N,H,-,A,A,H,-,C,A,0,,,Y,,Y,,C,02,0,0,1,0,0,0,0,0,1,"- ","- ",,,"SAN FRANCISCO","SAN FRANCISCO",-122.47271728515625,37.717182159423828
9626234,2023,2023-10-11,3801,2023-09-23,1649,1825,SOUTH,6,5,7,3801,0,0,0,,0,3B14D,"VAN NESS AV","MARKET ST",0.00,,Y,A,-,N,,,,,,,,,,N,4,0,1,2,A,-,08,22107,,F,D,C,A,A,H,-,A,A,0,,Y,,,Y,Y,A,01,0,0,1,0,0,0,1,0,0,"- ","- ",,,"SAN FRANCISCO","SAN FRANCISCO",-122.41925811767578,37.775169372558594
9626236,2023,2023-10-11,3801,2023-09-13,1144,311,PARK,3,5,7,3801,0,0,0,,0,3F1A,"7TH AV","HUGO ST",0.00,,Y,A,-,N,,,,,,,,,,N,2,0,1,1,A,-,03,22350,,N,H,A,A,A,H,-,A,D,0,,Y,,,Y,,-,"- ",1,0,0,0,0,0,1,0,0,"- ","- ",,,"SAN FRANCISCO","SAN FRANCISCO",-122.46424102783203,37.765060424804688
9626238,2023,2023-10-11,3801,2023-09-23,"535 ",2307,NORTH,6,5,7,3801,0,0,0,,0,3E12E,"HAYES ST","POLK ST",51.00,W,N,A,-,N,,,,,,,,,,N,2,0,1,2,A,-,03,22350,,F,G,B,D,A,H,-,C,D,0,Y,,,,Y,,A,08,1,0,0,0,1,0,0,0,0,"- ","- ",,,"SAN FRANCISCO","SAN FRANCISCO",-122.418212890625,37.777488708496094
9626239,2023,2023-10-11,3801,2023-09-11,1223,2740,TARAV,1,5,7,3801,0,0,0,,0,0I4,"FOREST SIDE AV","ULLOA ST",80.00,S,N,A,-,N,,,,,,,,,,Y,3,0,1,2,A,-,08,22107,,N,C,I,A,A,H,-,A,D,0,,,,,Y,,A,01,0,1,0,0,0,0,0,0,0,"- ","- ",,,"SAN FRANCISCO","SAN FRANCISCO",-122.46866607666016,37.741279602050781
9626245,2023,2023-10-11,3801,2023-09-03,2210,4325,TARAV,7,5,7,3801,0,0,0,,0,003,"LINCOLN WY","48TH AV",0.00,,Y,A,-,N,,,,,,,,,,N,4,0,1,2,A,-,09,21802,A,N,D,C,A,A,H,-,C,A,0,,,Y,,Y,,A,01,0,0,1,0,0,0,0,0,1,"- ","- ",,,"SAN FRANCISCO","SAN FRANCISCO",-122.50833892822266,37.764080047607422
9626247,2023,2023-10-11,3801,2023-09-03,"102 ",2437,BAYVI,7,5,7,3801,0,0,0,,0,3C15E,"3RD ST","BANCROFT AV",100.00,S,N,A,-,N,,,,,,,,,,Y,2,0,3,2,A,-,03,22350,,F,B,C,A,A,H,-,C,A,0,,,,,Y,,B,01,1,1,1,0,0,0,0,0,0,"- ","- ",,,"SAN FRANCISCO","SAN FRANCISCO",-122.39412689208984,37.72601318359375
9626255,2023,2023-10-11,3801,2023-09-03,1508,327,MISSI,7,5,7,3801,0,0,0,,0,3D11C,"GUERRERO ST","17TH ST",55.00,S,N,A,-,N,,,,,,,,,,N,4,0,1,2,A,-,03,22350,,N,C,C,A,A,H,-,A,A,0,,,,,Y,,A,01,0,0,1,0,0,0,0,0,0,"- ","- ",,,"SAN FRANCISCO","SAN FRANCISCO",-122.42391967773438,37.763019561767578
9626257,2023,2023-10-23,3801,2023-09-02,1924,1414,MISSI,6,5,7,3801,0,0,0,,0,3D15D,"VALENCIA ST","SYCAMORE ST",0.00,,Y,B,-,N,,,,,,,,,,N,3,0,1,2,A,-,09,21801,A,N,D,J,A,A,H,-,C,D,0,,,,,Y,Y,A,01,0,1,0,0,0,0,0,0,0,"- ","- ",,,"SAN FRANCISCO","SAN FRANCISCO",-122.42164611816406,37.762550354003906
9626258,2023,2023-10-11,3801,2023-09-01,2239,2237,TARAV,5,5,7,3801,0,0,0,,0,3I16D,"SAGAMORE ST","CAPITOL AV",0.00,,N,A,-,N,,,,,,,,,,Y,4,0,1,3,A,-,03,22350,,F,C,C,A,B,H,-,C,A,0,,,,,Y,,A,01,0,0,1,0,0,0,0,0,0,"- ","- ",,,"SAN FRANCISCO","SAN FRANCISCO",-122.45902252197266,37.711387634277344
9626265,2023,2023-10-20,3801,2023-09-01,"938 ",1530,BAYVI,5,5,7,3801,0,0,0,,0,3C67,"PHELPS ST","INNES AV",56.00,N,N,B,-,N,,,,,,,,,,Y,4,0,1,1,A,-,03,22350,,N,F,E,A,B,H,-,A,A,0,,,,,Y,,A,01,0,0,1,0,0,0,0,0,0,"- ","- ",,,"SAN FRANCISCO","SAN FRANCISCO",-122.39057922363281,37.740604400634766
9626267,2023,2023-10-11,3801,2023-09-02,2030,2746,RICHM,6,5,7,3801,0,0,0,,0,3G14E,"PARK PRESIDIO BL","CROSSOVER DR",0.00,,Y,A,-,N,,,,,,,,,,N,4,0,2,2,A,-,04,21703,,M,C,C,A,A,H,-,C,A,0,,,,,Y,,A,01,0,0,2,0,0,0,0,0,0,"- ","- ",,,"SAN FRANCISCO","SAN FRANCISCO",-122.47945404052734,37.771183013916016
9626272,2023,2023-10-11,3801,2023-09-06,1505,1184,MISSI,3,5,7,3801,0,0,0,,0,3D16D,"BRYANT ST","16TH ST",110.00,N,N,A,-,N,,,,,,,,,,Y,3,0,2,2,A,-,06,21755,A,N,D,C,A,A,H,-,A,D,0,,,Y,,Y,,C,02,0,1,1,0,0,0,0,0,1,"- ","- ",,,"SAN FRANCISCO","SAN FRANCISCO",-122.41054534912109,37.765892028808594
9626274,2023,2023-10-24,3801,2023-09-06,1913,1987,TENDE,3,5,7,3801,0,0,0,,0,3J15D,"OFARRELL ST","POLK ST",0.00,,N,A,-,N,,,,,,,,,,N,3,0,1,1,A,-,04,21703,,N,H,A,A,A,H,-,A,A,0,,,,,Y,Y,-,,0,1,0,0,0,0,0,0,0,"- ","- ",,,"SAN FRANCISCO","SAN FRANCISCO",-122.41954803466797,37.784969329833984
9626275,2023,2023-10-24,3801,2023-09-06,2002,1823,MISSI,3,5,7,3801,0,0,0,,0,001,"DOLORES ST","18TH ST",0.00,,Y,A,-,N,,,,,,,,,,N,3,0,2,2,A,-,17,21235,G,N,G,B,F,A,H,-,C,D,0,Y,,,,Y,,M,94,0,2,0,0,1,0,0,0,0,"- ","- ",,,"SAN FRANCISCO","SAN FRANCISCO",-122.42615509033203,37.761444091796875
9626276,2023,2023-10-11,3801,2023-09-08,"830 ",1892,BAYVI,5,5,7,3801,0,0,0,,0,3C13A,"INNES AV","GRIFFITH ST",485.00,E,N,A,-,N,,,,,,,,,,N,4,0,1,3,A,-,08,22102,,F,D,C,A,A,H,-,A,A,0,,,,,Y,,B,01,0,0,1,0,0,0,0,0,0,"- ","- ",,,"SAN FRANCISCO","SAN FRANCISCO",-122.37438201904297,37.731227874755859
9626280,2023,2023-10-11,3801,2023-09-06,1858,397,CENTR,3,5,7,3801,0,0,0,,0,3A12D,"CALIFORNIA ST","SANSOME ST",0.00,,Y,A,-,N,,,,,,,,,,N,3,0,1,2,A,-,05,21651,B,N,B,C,A,A,H,-,A,A,0,,,,,Y,,M,94,0,1,0,0,0,0,0,0,0,"- ","- ",,,"SAN FRANCISCO","SAN FRANCISCO",-122.40113830566406,37.793098449707031
9626281,2023,2023-10-13,3801,2023-09-02,"407 ",2735,MISSI,6,5,7,3801,0,0,0,,0,3D13E,"FAIR OAKS ST","22ND ST",161.00,N,N,A,-,N,,,,,,,,,,Y,2,0,2,6,A,-,03,22350,,N,B,E,A,A,H,-,C,B,0,,,,,Y,,A,01,2,0,0,0,0,0,0,0,0,"- ","- ",,,"SAN FRANCISCO","SAN FRANCISCO",-122.42432403564453,37.755550384521484
9626283,2023,2023-10-13,3801,2023-09-01,2051,643,TARAV,5,5,7,3801,0,0,0,,0,3I11D,"17TH AV","SANTIAGO ST",0.00,,Y,A,-,N,,,,,,,,,,Y,3,0,2,2,A,-,12,22450,A,N,D,C,A,A,H,-,C,A,0,,,,,Y,,A,01,0,1,1,0,0,0,0,0,0,"- ","- ",,,"SAN FRANCISCO","SAN FRANCISCO",-122.47369384765625,37.745010375976562
9626284,2023,2023-10-13,3801,2023-09-01,"627 ",2004,TARAV,5,5,7,3801,0,0,0,,0,0I5,"19TH AV","HOLLOWAY AV",278.00,S,N,B,F,N,,,,,,,,,,N,4,0,2,4,A,-,04,21703,,N,C,C,A,B,H,-,A,A,0,,,,,Y,Y,A,01,0,0,2,0,0,0,0,0,0,"- ","- ",,,"SAN FRANCISCO","SAN FRANCISCO",-122.47535705566406,37.720188140869141
9626287,2023,2023-10-13,3801,2023-09-27,1633,2408,MISSI,3,5,7,3801,0,0,0,,0,3D14D,"MARKET ST","NOE ST",0.00,,Y,A,-,N,,,,,,,,,,N,4,0,1,2,A,-,07,21658,A,N,A,C,A,A,H,-,A,A,0,,,,,Y,,A,01,0,0,1,0,0,0,0,0,0,"- ","- ",,,"SAN FRANCISCO","SAN FRANCISCO",-122.43313598632812,37.764244079589844
9626288,2023,2023-10-13,3801,2023-09-26,1531,2487,BAYVI,2,5,7,3801,0,0,0,,0,3C1,"3RD ST","20TH ST",0.00,,Y,A,-,N,,,,,,,,,,Y,4,0,1,2,A,-,08,22107,,N,B,C,A,A,H,-,A,A,0,,,,,Y,,A,07,0,0,1,0,0,0,0,0,0,"- ","- ",,,"SAN FRANCISCO","SAN FRANCISCO",-122.388671875,37.760463714599609
9626289,2023,2023-10-13,3801,2023-09-25,2143,1803,RICHM,1,5,7,3801,0,0,0,,0,3G15E,"FULTON ST","FULTON ST 6544",0.00,,Y,A,-,N,,,,,,,,,,Y,4,0,1,3,B,-,22,,,N,B,E,A,A,H,-,C,A,0,,,,,Y,,A,01,0,0,1,0,0,0,0,0,0,"- ","- ",,,"SAN FRANCISCO","SAN FRANCISCO",-122.41513061523438,37.779811859130859
9626290,2023,2023-10-13,3801,2023-09-25,2024,938,INGLE,1,5,7,3801,0,0,0,,0,3H15D,"PERSIA AV","EDINBURGH ST",0.00,,Y,A,-,N,,,,,,,,,,Y,4,0,2,2,A,-,12,22450,A,N,D,-,A,A,H,-,D,D,0,,,,,Y,,-,,0,0,2,0,0,0,0,0,0,"- ","- ",,,"SAN FRANCISCO","SAN FRANCISCO",-122.43199920654297,37.721233367919922