CASE_ID,ACCIDENT_YEAR,PROC_DATE,JURIS,COLLISION_DATE,COLLISION_TIME,OFFICER_ID,REPORTING_DISTRICT,DAY_OF_WEEK,CHP_SHIFT,POPULATION,CNTY_CITY_LOC,SPECIAL_COND,BEAT_TYPE,CHP_BEAT_TYPE,CITY_DIVISION_LAPD,CHP_BEAT_CLASS,BEAT_NUMBER,PRIMARY_RD,SECONDARY_RD,DISTANCE,DIRECTION,INTERSECTION,WEATHER_1,WEATHER_2,STATE_HWY_IND,CALTRANS_COUNTY,CALTRANS_DISTRICT,STATE_ROUTE,ROUTE_SUFFIX,POSTMILE_PREFIX,POSTMILE,LOCATION_TYPE,RAMP_INTERSECTION,SIDE_OF_HWY,TOW_AWAY,COLLISION_SEVERITY,NUMBER_KILLED,NUMBER_INJURED,PARTY_COUNT,PRIMARY_COLL_FACTOR,PCF_CODE_OF_VIOL,PCF_VIOL_CATEGORY,PCF_VIOLATION,PCF_VIOL_SUBSECTION,HIT_AND_RUN,TYPE_OF_COLLISION,MVIW,PED_ACTION,ROAD_SURFACE,ROAD_COND_1,ROAD_COND_2,LIGHTING,CONTROL_DEVICE,CHP_ROAD_TYPE,PEDESTRIAN_ACCIDENT,BICYCLE_ACCIDENT,MOTORCYCLE_ACCIDENT,TRUCK_ACCIDENT,NOT_PRIVATE_PROPERTY,ALCOHOL_INVOLVED,STWD_VEHTYPE_AT_FAULT,CHP_VEHTYPE_AT_FAULT,COUNT_SEVERE_INJ,COUNT_VISIBLE_INJ,COUNT_COMPLAINT_PAIN,COUNT_PED_KILLED,COUNT_PED_INJURED,COUNT_BICYCLIST_KILLED,COUNT_BICYCLIST_INJURED,COUNT_MC_KILLED,COUNT_MC_INJURED,PRIMARY_RAMP,SECONDARY_RAMP,LATITUDE,LONGITUDE,COUNTY,CITY,POINT_X,POINT_Y
9626291,2023,2023-10-13,3801,2023-09-25,2003,746,INGLE,1,5,7,3801,0,0,0,,0,,"OSHAUGHNESSY BL","PORTOLA AV",1030.00,S,N,A,-,N,,,,,,,,,,N,3,0,1,2,A,-,09,21661,,N,A,G,A,A,-,-,C,D,0,,Y,,,Y,,L,04,0,1,0,0,0,0,1,0,0,"- ","- ",,,"SAN FRANCISCO","SAN FRANCISCO",-122.44971466064453,37.743190765380859
9626293,2023,2023-10-13,3801,2023-09-25,1400,670,INGLE,1,5,7,3801,0,0,0,,0,3H16D,"GIRARD ST","GIRARD ST 948",0.00,,Y,A,-,N,,,,,,,,,,N,4,0,1,2,A,-,08,22108,,N,G,B,E,A,H,-,A,D,0,Y,,,,Y,,A,01,0,0,1,0,1,0,0,0,0,"- ","- ",,,"SAN FRANCISCO","SAN FRANCISCO",,
9626297,2023,2023-10-19,3801,2023-09-22,1836,595,INGLE,5,5,7,3801,0,0,0,,0,3H14D,"PORTOLA DR","PORTOLA DR 600",0.00,,Y,A,-,N,,,,,,,,,,N,3,0,1,2,A,-,08,22107,,N,B,C,A,A,H,-,A,A,0,,,Y,,Y,,C,02,0,1,0,0,0,0,0,0,1,"- ","- ",,,"SAN FRANCISCO","SAN FRANCISCO",,
9626298,2023,2023-10-13,3801,2023-09-22,2344,2142,INGLE,5,5,7,3801,0,0,0,,0,3H11E,"MISSION ST","COURTLAND AV",0.00,,Y,A,-,N,,,,,,,,,,N,3,0,1,3,D,-,00,,,F,G,B,E,A,H,-,C,A,0,Y,,,,Y,,-,"- ",0,1,0,0,1,0,0,0,0,"- ","- ",,,"SAN FRANCISCO","SAN FRANCISCO",-122.42284393310547,37.741012573242188
9626299,2023,2023-10-13,3801,2023-09-18,2004,1350,BAYVI,1,5,7,3801,0,0,0,,0,3C90C,"OAKDALE AV","KEITH ST",0.00,,Y,A,-,N,,,,,,,,,,N,4,0,1,2,A,-,12,22450,A,F,G,B,B,A,H,-,C,A,0,Y,,,,Y,,A,01,0,0,1,0,1,0,0,0,0,"- ","- ",,,"SAN FRANCISCO","SAN FRANCISCO",-122.38660430908203,37.732463836669922
9626353,2023,2023-10-17,3801,2023-09-23,"509 ",2153,TARAV,6,5,7,3801,0,0,0,,0,315E,"19TH AV","CRESPI DR",0.00,,Y,A,-,N,,,,,,,,,,Y,4,0,1,2,A,-,00,22352,,N,C,C,A,A,-,-,C,A,0,,,,,Y,,A,01,0,0,1,0,0,0,0,0,0,"- ","- ",,,"SAN FRANCISCO","SAN FRANCISCO",-122.47537231445312,37.720279693603516
9626355,2023,2023-10-19,3801,2023-09-23,"42  ",1688,BAYVI,6,5,7,3801,0,0,0,,0,3C11E,"INDUSTRIAL ST","BAY SHORE BL",0.00,,Y,A,-,N,,,,,,,,,,Y,3,0,2,2,A,-,17,21461,A,N,D,C,A,A,H,-,C,A,0,,,,,Y,,-,"- ",0,1,1,0,0,0,0,0,0,"- ","- ",,,"SAN FRANCISCO","SAN FRANCISCO",-122.40695953369141,37.737998962402344
9626359,2023,2023-10-19,3801,2023-09-25,1815,2452,CENTR,1,5,7,3801,0,0,0,,0,3AID,"GEARY ST","SHANNON ST",0.00,,-,A,-,N,,,,,,,,,,N,4,0,1,2,A,-,11,21954,A,N,G,C,D,A,H,-,A,D,0,Y,,,,Y,,A,01,0,0,1,0,1,0,0,0,0,"- ","- ",,,"SAN FRANCISCO","SAN FRANCISCO",-122.41233062744141,37.786849975585938
9626360,2023,2023-10-19,3801,2023-09-25,1710,2452,CENTR,1,5,7,3801,0,0,0,,0,3ALD,"SACRAMENTO ST","DAVIS ST",0.00,,Y,A,-,N,,,,,,,,,,N,4,0,1,3,A,-,21,22106,,N,C,C,A,A,H,-,A,D,0,,,Y,,Y,,A,01,0,0,1,0,0,0,0,0,1,"- ","- ",,,"SAN FRANCISCO","SAN FRANCISCO",-122.39778900146484,37.794490814208984
9626362,2023,2023-10-17,3801,2023-09-26,1400,2481,SOUTH,2,5,7,3801,0,0,0,,0,03B,"1ST ST","TAHAMA ST",0.00,,Y,A,-,N,,,,,,,,,,N,4,0,1,2,A,-,17,21235,G,N,B,C,A,A,H,-,A,D,0,,,,,Y,,L,04,0,0,1,0,0,0,0,0,0,"- ","- ",,,"SAN FRANCISCO","SAN FRANCISCO",-122.39549255371094,37.788127899169922
9626399,2023,2023-10-27,3801,2023-08-29,1126,1075,SOUTH,2,5,7,3801,0,0,0,,0,3B3A,"HARRISON ST","10TH ST",0.00,,Y,A,-,N,,,,,,,,,,N,4,0,1,2,A,-,10,21950,A,N,G,B,B,A,H,-,A,A,0,Y,,,,Y,,A,01,0,0,1,0,1,0,0,0,0,"- ","- ",,,"SAN FRANCISCO","SAN FRANCISCO",-122.41124725341797,37.771595001220703
9626401,2023,2023-10-13,3801,2023-08-24,1708,1823,MISSI,4,5,7,3801,0,0,0,,0,004,"24TH ST","TREAT AV",3.00,E,N,A,-,N,,,,,,,,,,N,3,0,1,2,A,-,12,22450,A,N,G,B,B,A,H,-,A,D,0,Y,,,,Y,,A,01,0,1,0,0,1,0,0,0,0,"- ","- ",,,"SAN FRANCISCO","SAN FRANCISCO",-122.41297912597656,37.752571105957031
9626403,2023,2023-10-13,3801,2023-08-30,"950 ",4305,NORTH,3,5,7,3801,0,0,0,,0,,"LAGUNA ST","MCALLISTER ST",0.00,,Y,A,-,N,,,,,,,,,,N,4,0,1,2,A,-,06,21750,,F,B,G,A,A,H,-,A,D,0,,Y,,,Y,Y,A,01,0,0,1,0,0,0,1,0,0,"- ","- ",,,"SAN FRANCISCO","SAN FRANCISCO",-122.42681884765625,37.779262542724609
9626407,2023,2023-10-13,3801,2023-08-29,1702,2099,NORTH,2,5,7,3801,0,0,0,,0,3E14D,"HAYES ST","OCTAVIA ST",0.00,,Y,A,-,N,,,,,,,,,,N,4,0,1,2,A,-,10,21950,A,F,G,B,B,A,H,-,A,A,0,Y,,,,Y,,A,01,0,0,1,0,1,0,0,0,0,"- ","- ",,,"SAN FRANCISCO","SAN FRANCISCO",-122.42466735839844,37.776664733886719
9626408,2023,2023-10-13,3801,2023-08-30,1437,933,INGLE,3,5,7,3801,0,0,0,,0,0H3,"ALEMANY BL","CONGDON ST",0.00,,Y,A,-,N,,,,,,,,,,Y,4,0,2,3,A,-,08,22101,D,N,A,C,A,A,H,-,A,A,0,,,,,Y,,A,01,0,0,2,0,0,0,0,0,0,"- ","- ",,,"SAN FRANCISCO","SAN FRANCISCO",-122.42619323730469,37.731166839599609
9626409,2023,2023-10-13,3801,2023-03-08,1216,1051,NORTH,3,5,7,3801,0,0,0,,0,3E13C,"TURK ST","VAN NESS AV",150.00,W,N,A,-,N,,,,,,,,,,N,2,0,1,2,A,-,10,21952,,N,G,B,F,A,H,-,A,D,0,Y,,,,Y,,A,01,1,0,0,0,1,0,0,0,0,"- ","- ",,,"SAN FRANCISCO","SAN FRANCISCO",-122.42109680175781,37.781879425048828
9626410,2023,2023-10-13,3801,2023-08-30,2322,1688,BAYVI,3,5,7,3801,0,0,0,,0,3C12E,"INGALLS ST","KISKA RD",0.00,S,N,A,-,N,,,,,,,,,,Y,3,0,1,4,A,-,03,22350,,N,B,E,A,A,H,-,C,D,0,,,,,Y,,A,01,0,1,0,0,0,0,0,0,0,"- ","- ",,,"SAN FRANCISCO","SAN FRANCISCO",-122.37953186035156,37.73114013671875
9626416,2023,2023-10-13,3801,2023-08-30,1405,1051,NORTH,3,5,7,3801,0,0,0,,0,3E15C,"SUTTER ST","GOUGH ST",0.00,,Y,A,-,N,,,,,,,,,,N,4,0,1,2,A,-,10,21950,A,N,G,B,B,A,H,-,A,A,0,Y,,,,Y,,A,01,0,0,1,0,1,0,0,0,0,"- ","- ",,,"SAN FRANCISCO","SAN FRANCISCO",-122.42504119873047,37.787139892578125
9626417,2023,2023-10-13,3801,2023-08-29,"820 ",4262,RICHM,2,5,7,3801,0,0,0,,0,3G14A,"CALIFORNIA ST","20TH ST",0.00,,N,A,-,N,,,,,,,,,,N,3,0,1,2,A,-,10,21950,A,N,G,B,B,A,H,-,A,A,0,Y,,,,Y,,A,01,0,1,0,0,1,0,0,0,0,"- ","- ",,,"SAN FRANCISCO","SAN FRANCISCO",-122.47966766357422,37.784122467041016
9626420,2023,2023-10-19,3801,2023-08-31,1730,255,INGLE,4,5,7,3801,0,0,0,,0,3H15D,"ALEMANY BL","LEO ST",0.00,,Y,A,-,N,,,,,,,,,,N,4,0,1,2,A,-,05,21650,,N,D,C,A,A,H,-,A,A,0,,,,,Y,,M,94,0,0,1,0,0,0,0,0,0,"- ","- ",,,"SAN FRANCISCO","SAN FRANCISCO",-122.43778228759766,37.722988128662109
9628179,2023,2023-10-19,3801,2023-08-15,1420,4175,TRAFF,2,5,7,3801,0,0,0,,0,4B4D,"BRYANT ST","OAK GROVE ST",66.00,E,N,A,-,N,,,,,,,,,,N,4,0,1,2,D,-,00,,,N,B,C,A,A,H,-,A,-,0,,,Y,,Y,,-,"- ",0,0,1,0,0,0,0,0,1,"- ","- ",,,"SAN FRANCISCO","SAN FRANCISCO",-122.4012451171875,37.777057647705078
9628940,2023,2023-10-19,3801,2023-07-31,1425,2228,CENTR,1,5,7,3801,0,0,0,,0,3A11D,"POLK ST","MCALLISTER ST",0.00,,Y,F,-,N,,,,,,,,,,N,3,0,1,2,D,-,00,,,N,D,G,A,-,G,-,A,A,0,,Y,Y,,Y,Y,-,"- ",0,1,0,0,0,0,1,0,0,"- ","- ",,,"SAN FRANCISCO","SAN FRANCISCO",-122.41860198974609,37.7802734375
9630730,2023,2023-10-31,3801,2023-06-25,1411,1519,BAYVI,7,5,7,3801,0,0,0,,0,,"GIRARD ST","GIRARD ST 150",0.00,,N,A,-,N,,,,,,,,,,N,4,0,1,2,A,-,17,21235,G,N,D,J,A,A,H,-,A,D,0,,,,,Y,,-,,0,0,1,0,0,0,0,0,0,"- ","- ",,,"SAN FRANCISCO","SAN FRANCISCO",,
9633444,2023,2023-11-14,3801,2023-08-30,1114,1825,SOUTH,3,5,7,3801,0,0,0,,0,3B7A,"TREASURE ISLAND RD","MACALLA RD",0.00,,Y,A,-,N,,,,,,,,,,Y,3,0,1,1,A,-,03,22350,,N,E,I,A,A,H,-,A,A,0,,,,Y,Y,,F,27,0,1,0,0,0,0,0,0,0,"- ","- ",,,"SAN FRANCISCO","SAN FRANCISCO",-122.3709716796875,37.813240051269531
9633447,2023,2023-12-15,3801,2023-10-20,2045,2710,CENTR,5,5,7,3801,0,0,0,,0,003,"WASHINGTON ST","MASON ST",0.00,,Y,A,-,N,,,,,,,,,,Y,4,0,1,3,A,-,01,23153,A,N,B,C,A,A,H,-,C,A,0,,,,,Y,Y,A,01,0,0,1,0,0,0,0,0,0,"- ","- ",,,"SAN FRANCISCO","SAN FRANCISCO",-122.41136932373047,37.794536590576172
9633448,2023,2023-11-20,3801,2023-10-19,1444,2238,BAYVI,4,5,7,3801,0,0,0,,0,3C78,"23RD ST","RHODE ISLAND ST",0.00,,Y,A,-,N,,,,,,,,,,N,3,0,1,2,A,-,12,22450,A,N,D,G,A,A,H,-,A,A,0,,Y,,Y,Y,,L,04,0,1,0,0,0,0,1,0,0,"- ","- ",,,"SAN FRANCISCO","SAN FRANCISCO",-122.40162658691406,37.75457763671875
9633459,2023,2023-12-15,3801,2023-10-20,"507 ",483,MISSI,5,5,7,3801,0,0,0,,0,,"DIVISION ST","BRYANT ST",0.00,,Y,A,-,N,,,,,,,,,,N,3,0,1,2,A,-,05,21650,,N,-,-,A,A,H,-,C,A,0,,Y,,,Y,,L,04,0,1,0,0,0,0,1,0,0,"- ","- ",,,"SAN FRANCISCO","SAN FRANCISCO",-122.41082000732422,37.769309997558594
9633463,2023,2023-12-15,3801,2023-10-21,1543,668,NORTH,6,5,7,3801,0,0,0,,0,3E15D,"MARINA BL","BAKER ST",0.00,,Y,A,-,N,,,,,,,,,,N,3,0,1,2,A,-,10,21950,A,N,A,B,B,A,H,-,A,D,0,Y,,,,Y,,D,22,0,1,0,0,1,0,0,0,0,"- ","- ",,,"SAN FRANCISCO","SAN FRANCISCO",-122.44731140136719,37.805183410644531
9633472,2023,2023-12-12,3801,2023-10-15,1925,469,MISS,7,5,7,3801,0,0,0,,0,3D2D,"CLIPPER ST","DIAMOND HEIGHTS BL",0.00,,Y,A,-,N,,,,,,,,,,Y,2,0,1,2,A,-,09,21800,A,N,D,C,A,A,H,-,C,A,0,,,Y,,Y,,C,03,1,0,0,0,0,0,0,0,1,"- ","- ",,,"SAN FRANCISCO","SAN FRANCISCO",-122.44400787353516,37.746757507324219
9633483,2023,2023-11-17,3801,2023-10-07,1717,1166,INGLE,6,5,7,3801,0,0,0,,0,3H15D,"GENEVA AV","GENEVA AV 1640",0.00,,Y,A,-,N,,,,,,,,,,Y,3,0,3,2,C,-,18,,,N,D,C,A,A,H,-,A,D,0,,,,,Y,,-,"- ",0,1,2,0,0,0,0,0,0,"- ","- ",,,"SAN FRANCISCO","SAN FRANCISCO",,
9633506,2023,2023-12-07,3801,2023-10-24,1424,4286,RICHM,2,5,7,3801,0,0,0,,0,0G3,"PARK PRESIDIO BL","GEARY BL",45.00,S,N,A,-,Y,SF,4,1,-,-,5.490,H,-,S,Y,4,0,2,3,A,-,03,22350,,N,C,C,A,A,H,-,A,D,0,,,,,Y,,D,22,0,0,2,0,0,0,0,0,0,"- ","- ",,,"SAN FRANCISCO","SAN FRANCISCO",-122.472412109375,37.780536651611328
9633507,2023,2023-11-08,3801,2023-09-20,"600 ",189,NORTH,3,5,7,3801,0,0,0,,0,001,"VAN NESS AV","HAYES ST",0.00,,Y,A,-,N,,,,,,,,,,Y,4,0,2,2,D,-,00,,,N,D,C,A,A,H,-,A,B,0,,,,,Y,,-,"- ",0,0,2,0,0,0,0,0,0,"- ","- ",,,"SAN FRANCISCO","SAN FRANCISCO",-122.419677734375,37.777294158935547
9633515,2023,2023-11-15,3801,2023-09-28,"755 ",2707,TARAV,4,5,7,3801,0,0,0,,0,5CAR,"SKYLINE BL","LAKE MERCED BL",0.00,,Y,A,-,N,,,,,,,,,,Y,3,0,3,2,A,-,09,21801,A,N,B,C,A,A,H,-,A,D,0,,,,,Y,Y,A,01,0,1,2,0,0,0,0,0,0,"- ","- ",,,"SAN FRANCISCO","SAN FRANCISCO",-122.49894714355469,37.731536865234375
9633518,2023,2023-12-15,3801,2023-10-13,1716,1591,BAY,5,5,7,3801,0,0,0,,0,3C12D,"TOPEKA AV","NEW HALL ST",18.00,N,N,B,-,N,,,,,,,,,,N,4,0,1,2,A,-,08,22107,,N,B,E,A,A,H,-,A,-,0,,,,,Y,,I,19,0,0,1,0,0,0,0,0,0,"- ","- ",,,"SAN FRANCISCO","SAN FRANCISCO",-122.39567565917969,37.731903076171875
9633681,2023,2023-11-21,3801,2023-10-18,1721,2372,INGLE,3,5,7,3801,0,0,0,,0,3H13D,"MISSION ST","TRUMBULL ST",0.00,,Y,A,-,N,,,,,,,,,,N,4,0,1,2,A,-,10,21950,A,N,G,B,B,A,H,-,A,A,0,Y,,,,Y,,A,07,0,0,1,0,1,0,0,0,0,"- ","- ",,,"SAN FRANCISCO","SAN FRANCISCO",-122.42925262451172,37.730781555175781
9633683,2023,2023-11-21,3801,2023-10-17,1719,577,TARAV,2,5,7,3801,0,0,0,,0,0I6,"BROTHERHOOD WY","ARCH ST",101.00,W,N,A,-,N,,,,,,,,,,Y,2,0,1,2,A,-,04,21703,,N,C,C,A,A,H,-,A,D,0,,,,,Y,,A,01,1,0,0,0,0,0,0,0,0,"- ","- ",,,"SAN FRANCISCO","SAN FRANCISCO",-122.46743011474609,37.712356567382812
9633687,2023,2023-11-21,3801,2023-10-19,2018,1660,SOUTH,4,5,7,3801,0,0,0,,0,3B5D,"HOWARD ST",SPEAR,0.00,,Y,A,-,N,,,,,,,,,,N,2,0,1,2,A,-,09,21801,A,N,D,G,A,A,H,-,C,A,0,,Y,,,Y,,A,01,1,0,0,0,0,0,1,0,0,"- ","- ",,,"SAN FRANCISCO","SAN FRANCISCO",-122.39254760742188,37.791324615478516
9633689,2023,2023-11-21,3801,2023-10-19,1010,1633,TENDE,4,5,7,3801,0,0,0,,0,3J14A,"TAYLOR ST","ELLIS ST",92.00,N,N,A,-,N,,,,,,,,,,N,4,0,1,2,A,-,05,21650,,N,B,J,A,A,H,-,A,D,0,,,,,Y,,M,94,0,0,1,0,0,0,0,0,0,"- ","- ",,,"SAN FRANCISCO","SAN FRANCISCO",-122.41117858886719,37.785350799560547
9633690,2023,2023-11-21,3801,2023-10-19,1903,2407,MISSI,4,5,7,3801,0,0,0,,0,3D14D,"POTRERO AV","CESAR CHAVEZ ST",0.00,,Y,A,-,N,,,,,,,,,,N,3,0,1,2,A,-,03,22350,,F,D,G,A,A,H,-,C,A,0,,Y,,,Y,Y,A,01,0,1,0,0,0,0,1,0,0,"- ","- ",,,"SAN FRANCISCO","SAN FRANCISCO",-122.40550994873047,37.749168395996094
9633691,2023,2023-11-21,3801,2023-10-07,1705,2147,NORTH,6,5,7,3801,0,0,0,,0,5CAR,"RICHARDSON AV","FRANCISCO ST",0.00,,Y,A,-,N,,,,,,,,,,N,3,0,1,4,A,-,10,21950,A,N,G,B,B,A,H,-,A,A,0,Y,,,,Y,,A,01,0,1,0,0,1,0,0,0,0,"- ","- ",,,"SAN FRANCISCO","SAN FRANCISCO",-122.44715881347656,37.800388336181641
9633692,2023,2023-11-21,3801,2023-10-18,2314,1024,TENDE,3,5,7,3801,0,0,0,,0,3J15E,"ELLIS ST",LARKIN,0.00,,Y,A,-,N,,,,,,,,,,N,3,0,1,2,A,-,10,21950,,N,G,B,B,A,H,-,C,A,0,Y,,,,Y,,A,07,0,1,0,0,1,0,0,0,0,"- ","- ",,,"SAN FRANCISCO","SAN FRANCISCO",-122.417724609375,37.784248352050781
9633694,2023,2023-11-21,3801,2023-10-10,"442 ",2222,NORTH,2,5,7,3801,0,0,0,,0,3E15E,"OAK ST","OCTAVIA BL",0.00,,Y,C,-,N,,,,,,,,,,Y,4,0,2,2,A,-,12,21453,A,N,D,C,A,B,H,-,C,A,0,,,,,Y,,-,"- ",0,0,2,0,0,0,0,0,0,"- ","- ",,,"SAN FRANCISCO","SAN FRANCISCO",-122.42430114746094,37.774799346923828
9633696,2023,2023-11-21,3801,2023-10-09,"201 ",1897,NORTH,1,5,7,3801,0,0,0,,0,3E13E,"POLK ST","ELLIS ST",0.00,,Y,A,-,N,,,,,,,,,,N,3,0,1,1,A,-,03,22350,,N,H,J,A,A,H,-,C,D,0,,,,,Y,,M,94,0,1,0,0,0,0,0,0,0,"- ","- ",,,"SAN FRANCISCO","SAN FRANCISCO",-122.41934967041016,37.784042358398438
9633701,2023,2023-11-13,3801,2023-10-07,2157,4046,INGLE,6,5,7,3801,0,0,0,,0,3H15E,"MISSION ST",ALLISON,65.00,N,N,A,-,N,,,,,,,,,,Y,4,0,1,3,A,-,11,21954,A,N,C,C,D,A,H,-,C,A,0,Y,,Y,,Y,,N,60,0,0,1,0,0,0,0,0,1,"- ","- ",,,"SAN FRANCISCO","SAN FRANCISCO",-122.4425048828125,37.714744567871094
9633703,2023,2023-11-29,3801,2023-10-02,1215,54,TARAV,1,5,7,3801,0,0,0,,0,3115A,"JUNIPERO SERRA BL","19TH AV",0.00,,Y,A,-,N,,,,,,,,,,N,4,0,1,2,A,-,07,21658,A,N,B,C,A,A,H,-,A,B,0,,,,,Y,,-,"- ",0,0,1,0,0,0,0,0,0,"- ","- ",,,"SAN FRANCISCO","SAN FRANCISCO",-122.47271728515625,37.717182159423828
9633705,2023,2023-11-13,3801,2023-10-16,1330,310,SOUTH,1,5,7,3801,0,0,0,,0,3B49,"HOWARD ST","2ND ST",0.00,,Y,A,-,N,,,,,,,,,,N,3,0,1,2,A,-,12,21453,A,N,D,G,A,A,H,-,A,A,0,,Y,,,Y,,L,04,0,1,0,0,0,0,1,0,0,"- ","- ",,,"SAN FRANCISCO","SAN FRANCISCO",-122.39824676513672,37.786788940429688
9633708,2023,2023-11-13,3801,2023-10-16,"948 ",1580,SOUTH,1,5,7,3801,0,0,0,,0,3B4A,"9TH ST","MISSION ST",0.00,,Y,A,-,N,,,,,,,,,,N,3,0,1,1,C,-,18,,,N,H,J,A,A,B,-,A,A,0,,,Y,,Y,,-,"- ",0,1,0,0,0,0,0,0,1,"- ","- ",,,"SAN FRANCISCO","SAN FRANCISCO",-122.41471862792969,37.776241302490234
9633709,2023,2023-11-29,3801,2023-10-17,1714,1533,BAYVI,2,5,7,3801,0,0,0,,0,3C14D,"PAUL AV","SAN BRUNO AV",0.00,,Y,A,-,N,,,,,,,,,,Y,4,0,1,1,A,-,03,22350,,N,F,-,A,A,-,-,A,D,0,,,,,Y,Y,A,01,0,0,1,0,0,0,0,0,0,"- ","- ",,,"SAN FRANCISCO","SAN FRANCISCO",-122.40205383300781,37.723922729492188
9633711,2023,2023-11-13,3801,2023-10-17,1134,4262,RICHM,2,5,7,3801,0,0,0,,0,3G14A,"CLEMENT ST","20TH AV",0.00,,Y,A,-,N,,,,,,,,,,Y,3,0,1,2,A,-,09,21801,,N,D,C,A,A,H,-,A,A,0,,,,,Y,,A,08,0,1,0,0,0,0,0,0,0,"- ","- ",,,"SAN FRANCISCO","SAN FRANCISCO",-122.47952270507812,37.782241821289062
9633713,2023,2023-11-13,3801,2023-10-16,1830,798,NORTH,1,5,7,3801,0,0,0,,0,,"HAYES ST","STEINER ST",0.00,,Y,A,-,N,,,,,,,,,,N,4,0,1,2,A,-,10,21950,,N,G,B,B,A,H,-,C,A,0,Y,,,,Y,,-,,0,0,1,0,1,0,0,0,0,"- ","- ",,,"SAN FRANCISCO","SAN FRANCISCO",-122.43283081054688,37.775611877441406
9633718,2023,2023-11-13,3801,2023-10-13,"633 ",IMHOFF,NORTH,5,5,7,3801,0,0,0,,0,3E12A,"DIVISADERO ST","OAK ST",0.00,,Y,A,-,N,,,,,,,,,,Y,4,0,1,2,A,-,12,21453,A,N,D,D,A,A,H,-,B,-,0,,,,,Y,,A,01,0,0,1,0,0,0,0,0,0,"- ","- ",,,"SAN FRANCISCO","SAN FRANCISCO",-122.43743133544922,37.773143768310547
9633719,2023,2023-11-13,3801,2023-10-11,"900 ",1796,RICHM,3,5,7,3801,0,0,0,,0,3G14A,"GEARY BL","26TH AV",0.00,,Y,A,-,N,,,,,,,,,,N,3,0,1,2,A,-,10,21950,,N,G,B,B,A,H,-,A,A,0,Y,,,,Y,,-,,0,1,0,0,1,0,0,0,0,"- ","- ",,,"SAN FRANCISCO","SAN FRANCISCO",-122.48580932617188,37.780101776123047
9633723,2023,2023-11-21,3801,2023-10-15,"49  ",901,INGLE,7,5,7,3801,0,0,0,,0,3H13E,"MISSION ST","PRECITA AV",90.00,N,N,A,-,N,,,,,,,,,,Y,4,0,2,2,A,-,08,22105,,N,D,C,A,A,H,-,C,D,0,,,,,Y,,A,01,0,0,2,0,0,0,0,0,0,"- ","- ",,,"SAN FRANCISCO","SAN FRANCISCO",-122.41897583007812,37.746978759765625
9633724,2023,2023-11-21,3801,2023-10-14,2320,1286,SOUTH,6,5,7,3801,0,0,0,,0,3B2,"MISSION ST","5TH ST",0.00,,Y,A,-,N,,,,,,,,,,N,4,0,1,2,A,-,10,21950,,N,B,J,A,A,H,-,C,A,0,,,,,Y,,A,08,0,0,1,0,0,0,0,0,0,"- ","- ",,,"SAN FRANCISCO","SAN FRANCISCO",-122.40648651123047,37.782737731933594
9633725,2023,2023-11-21,3801,2023-10-14,1600,1251,BAYVI,6,5,7,3801,0,0,0,,0,3C12D,"BARNEVELD AV","MCKINNON AV",0.00,,Y,A,-,N,,,,,,,,,,N,3,0,1,1,A,-,03,22350,,N,H,A,A,A,H,-,A,D,0,,Y,,,Y,,L,04,0,1,0,0,0,0,1,0,0,"- ","- ",,,"SAN FRANCISCO","SAN FRANCISCO",-122.40325927734375,37.743820190429688
9633728,2023,2023-11-21,3801,2023-10-14,1440,1210,INGLE,6,5,7,3801,0,0,0,,0,0H2,"SAN JOSE AV","RANDALL ST",0.00,,Y,A,-,N,,,,,,,,,,N,3,0,1,2,A,-,08,21717,,N,D,G,A,A,H,-,A,A,0,,Y,,,Y,,A,01,0,1,0,0,0,0,1,0,0,"- ","- ",,,"SAN FRANCISCO","SAN FRANCISCO",-122.42426300048828,37.739860534667969
9633729,2023,2023-11-21,3801,2023-10-16,1650,812,BAYVI,1,5,7,3801,0,0,0,,0,003,"3RD ST","GALVEZ AV",0.00,,Y,A,-,N,,,,,,,,,,N,3,0,1,2,A,-,12,21453,,N,D,C,A,A,H,-,A,A,0,,,,,Y,,M,94,0,1,0,0,0,0,0,0,0,"- ","- ",,,"SAN FRANCISCO","SAN FRANCISCO",-122.38858032226562,37.741165161132812
9633734,2023,2023-11-21,3801,2023-10-16,"134 ",4125,RICHM,1,5,7,3801,0,0,0,,0,3G12E,"PARK PRESIDIO BL","FULTON ST",10.00,N,N,E,-,N,,,,,,,,,,Y,4,0,1,3,A,-,03,22350,,N,C,C,A,A,H,-,C,A,0,,,,,Y,,A,01,0,0,1,0,0,0,0,0,0,"- ","- ",,,"SAN FRANCISCO","SAN FRANCISCO",-122.47177886962891,37.773159027099609
9633735,2023,2023-11-21,3801,2023-10-15,1733,1582,CENTR,7,5,7,3801,0,0,0,,0,3A14D,"TELEGRAPH HILL",KEARNY,0.00,,N,A,-,N,,,,,,,,,,N,4,0,1,2,A,-,21,22106,,N,G,B,F,A,H,-,A,D,0,Y,,,,Y,,A,01,0,0,1,0,1,0,0,0,0,"- ","- ",,,"SAN FRANCISCO","SAN FRANCISCO",-122.40650939941406,37.803295135498047
9633736,2023,2023-11-21,3801,2023-10-15,1840,1961,TENDE,7,5,7,3801,0,0,0,,0,3J13D,"EDDY ST","LARKIN ST",0.00,,Y,A,-,N,,,,,,,,,,N,3,0,1,2,A,-,03,22350,,N,D,C,A,A,H,-,A,A,0,,,Y,,Y,,C,03,0,1,0,0,0,0,0,0,1,"- ","- ",,,"SAN FRANCISCO","SAN FRANCISCO",-122.41751861572266,37.783294677734375
9633737,2023,2023-11-21,3801,2023-10-10,1616,2704,SOUTH,2,5,7,3801,0,0,0,,0,0B4,"S VAN NESS AV","12TH ST",0.00,,Y,A,-,N,,,,,,,,,,N,3,0,2,2,A,-,08,22107,,N,D,C,A,A,H,-,A,D,0,,,,,Y,,A,07,0,2,0,0,0,0,0,0,0,"- ","- ",,,"SAN FRANCISCO","SAN FRANCISCO",-122.41876983642578,37.773540496826172