CASE_ID,ACCIDENT_YEAR,PROC_DATE,JURIS,COLLISION_DATE,COLLISION_TIME,OFFICER_ID,REPORTING_DISTRICT,DAY_OF_WEEK,CHP_SHIFT,POPULATION,CNTY_CITY_LOC,SPECIAL_COND,BEAT_TYPE,CHP_BEAT_TYPE,CITY_DIVISION_LAPD,CHP_BEAT_CLASS,BEAT_NUMBER,PRIMARY_RD,SECONDARY_RD,DISTANCE,DIRECTION,INTERSECTION,WEATHER_1,WEATHER_2,STATE_HWY_IND,CALTRANS_COUNTY,CALTRANS_DISTRICT,STATE_ROUTE,ROUTE_SUFFIX,POSTMILE_PREFIX,POSTMILE,LOCATION_TYPE,RAMP_INTERSECTION,SIDE_OF_HWY,TOW_AWAY,COLLISION_SEVERITY,NUMBER_KILLED,NUMBER_INJURED,PARTY_COUNT,PRIMARY_COLL_FACTOR,PCF_CODE_OF_VIOL,PCF_VIOL_CATEGORY,PCF_VIOLATION,PCF_VIOL_SUBSECTION,HIT_AND_RUN,TYPE_OF_COLLISION,MVIW,PED_ACTION,ROAD_SURFACE,ROAD_COND_1,ROAD_COND_2,LIGHTING,CONTROL_DEVICE,CHP_ROAD_TYPE,PEDESTRIAN_ACCIDENT,BICYCLE_ACCIDENT,MOTORCYCLE_ACCIDENT,TRUCK_ACCIDENT,NOT_PRIVATE_PROPERTY,ALCOHOL_INVOLVED,STWD_VEHTYPE_AT_FAULT,CHP_VEHTYPE_AT_FAULT,COUNT_SEVERE_INJ,COUNT_VISIBLE_INJ,COUNT_COMPLAINT_PAIN,COUNT_PED_KILLED,COUNT_PED_INJURED,COUNT_BICYCLIST_KILLED,COUNT_BICYCLIST_INJURED,COUNT_MC_KILLED,COUNT_MC_INJURED,PRIMARY_RAMP,SECONDARY_RAMP,LATITUDE,LONGITUDE,COUNTY,CITY,POINT_X,POINT_Y
9636281,2023,2024-02-27,3801,2023-12-19,1525,4292,BAYVI,2,5,7,3801,0,0,0,,0,3C11D,"PAUL AV","CRANE ST",0.00,,N,B,-,N,,,,,,,,,,Y,4,0,3,2,A,-,07,21658,,N,A,C,A,B,H,-,A,A,0,,,,,Y,,A,01,0,0,3,0,0,0,0,0,0,"- ","- ",,,"SAN FRANCISCO","SAN FRANCISCO",-122.39923095703125,37.723220825195312
9636283,2023,2024-02-27,3801,2023-12-18,2110,1857,SOUTH,1,5,7,3801,0,0,0,,0,3B13,"8TH ST","MINNA ST",0.00,,N,C,-,N,,,,,,,,,,,4,0,1,2,A,-,10,21950,A,N,G,B,B,B,H,-,C,A,0,Y,,,,Y,,A,01,0,0,1,0,1,0,0,0,0,"- ","- ",,,"SAN FRANCISCO","SAN FRANCISCO",-122.41259765625,37.777050018310547
9636287,2023,2024-02-27,3801,2023-12-18,2222,1183,NORTH,1,5,7,3801,0,0,0,,0,3E12E,"HAYES ST","OCTAVIA ST",4.00,W,N,A,-,N,,,,,,,,,,N,4,0,1,2,A,-,10,21950,A,N,G,B,B,B,H,-,C,D,0,Y,,Y,,Y,Y,C,03,0,0,1,0,1,0,0,0,0,"- ","- ",,,"SAN FRANCISCO","SAN FRANCISCO",-122.4246826171875,37.776657104492188
9636290,2023,2024-02-27,3801,2023-12-17,1947,643,TARAV,7,5,7,3801,0,0,0,,0,3I16D,"SAN JOSE AV","ALEMANY BL",0.00,,Y,A,-,N,,,,,,,,,,N,4,0,4,2,A,-,09,21800,A,N,D,C,A,A,H,-,C,A,0,,,,,Y,,A,01,0,0,4,0,0,0,0,0,0,"- ","- ",,,"SAN FRANCISCO","SAN FRANCISCO",-122.45709991455078,37.710071563720703
9636295,2023,2024-03-05,3801,2023-12-15,1835,2147,NORTH,5,5,7,3801,0,0,0,,0,"1 CAR","LAGUNA ST","WALLER ST",150.00,N,N,A,-,Y,,,,,,,,,,N,4,0,1,2,A,-,11,21954,A,N,G,B,E,A,H,-,C,D,0,Y,,,,Y,,N,60,0,0,1,0,1,0,0,0,0,"- ","- ",,,"SAN FRANCISCO","SAN FRANCISCO",-122.42539215087891,37.772197723388672
9636297,2023,2024-02-29,3801,2023-12-15,1050,2195,NORTH,5,5,7,3801,0,0,0,,0,001,"HAYES ST","OCTAVIA ST",0.00,,Y,A,-,N,,,,,,,,,,N,4,0,2,2,A,-,08,22107,,N,C,C,A,A,H,-,A,D,0,,,,,Y,,A,07,0,0,2,0,0,0,0,0,0,"- ","- ",,,"SAN FRANCISCO","SAN FRANCISCO",-122.42466735839844,37.776664733886719
9636299,2023,2024-02-29,3801,2023-12-13,1835,438,NORTH,3,5,7,3801,0,0,0,,0,3E14D,"BUSH ST","SCOTT ST",0.00,,Y,A,-,N,,,,,,,,,,N,3,0,1,2,A,-,10,21950,A,N,G,B,B,A,H,-,C,A,0,Y,,,,Y,,A,01,0,1,0,0,1,0,0,0,0,"- ","- ",,,"SAN FRANCISCO","SAN FRANCISCO",-122.43836975097656,37.786399841308594
9636300,2023,2024-02-29,3801,2023-12-15,2310,2113,BAYVI,5,5,7,3801,0,0,0,,0,3C11E,"26TH ST","TENNESSEE ST",0.00,,Y,A,-,N,,,,,,,,,,Y,4,0,1,2,A,-,12,22450,A,N,D,C,A,A,H,-,C,C,0,,,,,Y,,A,01,0,0,1,0,0,0,0,0,0,"- ","- ",,,"SAN FRANCISCO","SAN FRANCISCO",-122.38864898681641,37.751499176025391
9636305,2023,2024-03-06,3801,2023-12-15,"401 ",2730,TENDE,5,5,7,3801,0,0,0,,0,3J11E,"MARKET ST","FELL ST",0.00,,Y,A,-,N,,,,,,,,,,N,4,0,1,2,A,-,12,21453,A,N,D,C,A,A,H,-,C,A,0,,,,,Y,,-,"- ",0,0,1,0,0,0,0,0,0,"- ","- ",,,"SAN FRANCISCO","SAN FRANCISCO",-122.41753387451172,37.776527404785156
9636311,2023,2024-02-15,3801,2023-12-13,1700,1740,CENTR,3,5,7,3801,0,0,0,,0,3A13D,"BAY ST","TAYLOR ST",0.00,,Y,A,-,N,,,,,,,,,,N,4,0,1,2,A,-,11,21955,,N,G,B,D,A,H,-,A,D,0,Y,,,,Y,,N,60,0,0,1,0,1,0,0,0,0,"- ","- ",,,"SAN FRANCISCO","SAN FRANCISCO",-122.41525268554688,37.805408477783203
9636312,2023,2024-02-15,3801,2023-12-14,"636 ",2124,MISSI,4,5,7,3801,0,0,0,,0,3D13A,"POTRERO AV","25TH ST",26.00,E,N,A,-,N,,,,,,,,,,Y,4,0,2,2,A,-,08,22107,,N,A,C,A,A,H,-,B,A,0,,,,,Y,Y,A,01,0,0,2,0,0,0,0,0,0,"- ","- ",,,"SAN FRANCISCO","SAN FRANCISCO",-122.40618896484375,37.751667022705078
9636314,2023,2024-02-15,3801,2023-12-12,1545,746,INGLE,2,5,7,3801,0,0,0,,0,,"GENEBERN WY","BENTON AV",0.00,,Y,A,-,N,,,,,,,,,,N,3,0,1,2,A,-,08,22107,,N,G,B,B,A,-,-,A,D,0,Y,,,,Y,,A,01,0,1,0,0,1,0,0,0,0,"- ","- ",,,"SAN FRANCISCO","SAN FRANCISCO",-122.42511749267578,37.732879638671875
9636316,2023,2024-02-15,3801,2023-12-11,1747,141,INGLE,1,5,7,3801,0,0,0,,0,3H12D,"MISSION ST","29TH ST",0.00,,Y,A,-,N,,,,,,,,,,N,4,0,1,2,A,-,08,22107,,N,D,C,A,A,H,-,C,A,0,,,,,Y,,-,"- ",0,0,1,0,0,0,0,0,0,"- ","- ",,,"SAN FRANCISCO","SAN FRANCISCO",-122.42092132568359,37.744083404541016
9636318,2023,2024-02-15,3801,2023-12-14,1723,1185,TENDE,4,5,7,3801,0,0,0,,0,,"GEARY ST","HYDE ST",0.00,,Y,A,-,N,,,,,,,,,,N,4,0,1,2,A,-,10,21950,A,N,G,B,B,A,-,-,C,A,0,Y,,,,Y,,A,01,0,0,1,0,1,0,0,0,0,"- ","- ",,,"SAN FRANCISCO","SAN FRANCISCO",-122.41645050048828,37.786319732666016
9636319,2023,2024-02-15,3801,2023-12-14,1620,1856,INGLE,4,5,7,3801,0,0,0,,0,0H5,"SENECA AV","MISSION ST",62.00,W,N,A,-,N,,,,,,,,,,N,4,0,1,2,D,-,00,,,N,B,C,A,A,H,-,A,D,0,,,,,Y,,-,"- ",0,0,1,0,0,0,0,0,0,"- ","- ",,,"SAN FRANCISCO","SAN FRANCISCO",-122.44027709960938,37.717784881591797
9636320,2023,2024-02-15,3801,2023-12-14,1343,788,SOUTH,4,5,7,3801,0,0,0,,0,005,"15TH ST","HENRY ADAMS ST",0.00,,Y,A,-,N,,,,,,,,,,N,4,0,1,2,A,-,10,21950,A,N,G,B,B,A,H,-,A,A,0,Y,,,,Y,,A,01,0,0,1,0,1,0,0,0,0,"- ","- ",,,"SAN FRANCISCO","SAN FRANCISCO",-122.43732452392578,37.766189575195312
9636343,2023,2023-11-15,3801,2023-10-18,1503,1263,BAYVI,3,5,7,3801,0,0,0,,0,0C3,"ILLINOIS ST","AMADOR ST",0.00,,Y,A,-,N,,,,,,,,,,N,4,0,1,2,A,-,04,21703,,F,C,D,A,A,H,-,A,D,0,,,Y,,Y,,A,01,0,0,1,0,0,0,0,0,1,"- ","- ",,,"SAN FRANCISCO","SAN FRANCISCO",-122.38603973388672,37.745765686035156
9636505,2023,2023-12-12,3801,2023-10-19,1656,1460,,4,5,7,3801,0,0,0,,0,003,"VALLEY BL","LIVE OAK",60.00,W,N,A,-,N,,,,,,,,,,Y,3,0,3,3,A,-,08,22107,,N,C,C,A,A,H,-,B,A,0,,,,,Y,,D,22,0,1,2,0,0,0,0,0,0,"- ","- ",,,"SAN FRANCISCO","SAN FRANCISCO",-123.31015014648438,39.4132080078125
9636607,2023,2023-11-20,3801,2023-09-30,"28  ",1988,INGLE,6,5,7,3801,0,0,0,,0,3H13E,"OCEAN AV","RT 280",0.00,,Y,C,-,Y,SF,4,280,-,R,1.852,R,4,N,Y,3,0,1,2,A,-,12,21453,A,F,D,C,A,B,H,-,C,A,0,,,,,Y,,A,01,0,1,0,0,0,0,0,0,0,"- ",NO,,,"SAN FRANCISCO","SAN FRANCISCO",-122.44725036621094,37.724140167236328
9636608,2023,2023-11-14,3801,2023-09-29,1420,A23982,PARK,5,5,7,3801,0,0,0,,0,3F13A,"HILLWAY AV","CARL ST",0.00,,Y,B,-,N,,,,,,,,,,Y,3,0,3,3,A,-,09,21802,A,N,D,C,A,A,H,-,A,D,0,,,,,Y,,A,01,0,1,2,0,0,0,0,0,0,"- ","- ",,,"SAN FRANCISCO","SAN FRANCISCO",-122.45680236816406,37.764919281005859
9636609,2023,2023-11-14,3801,2023-09-28,1430,2202,INGLE,4,5,7,3801,0,0,0,,0,3H13A,"ALEMANY BL","CONGDON ST",0.00,,Y,A,-,N,,,,,,,,,,Y,3,0,1,2,A,-,08,22101,D,N,D,C,A,A,H,-,A,A,0,,,,,Y,,A,07,0,1,0,0,0,0,0,0,0,"- ","- ",,,"SAN FRANCISCO","SAN FRANCISCO",-122.42619323730469,37.731166839599609
9637524,2023,2023-12-22,3801,2023-11-19,"4   ",312,TARAV,7,5,7,3801,0,0,0,,0,4CAR,"19TH AV","SLOAT BL",0.00,,Y,B,-,Y,SF,4,1,-,-,1.897,I,5,N,Y,4,0,1,2,A,-,03,22350,,N,A,C,A,B,H,-,C,A,0,,,,,Y,,A,01,0,0,1,0,0,0,0,0,0,"- ","- ",,,"SAN FRANCISCO","SAN FRANCISCO",-122.47508239746094,37.734642028808594
9638521,2023,2024-01-18,3801,2023-12-08,"249 ",2457,SOUTH,5,5,7,3801,0,0,0,,0,3B4E,"LEAVENWORTH ST","MCALLISTER ST",0.00,,Y,A,-,N,,,,,,,,,,N,4,0,3,4,A,-,13,22515,A,N,H,B,F,A,H,-,C,D,0,Y,,,,Y,,J,48,0,0,3,0,3,0,0,0,0,"- ","- ",,,"SAN FRANCISCO","SAN FRANCISCO",-122.41368865966797,37.780929565429688
9639715,2023,2023-11-20,3800,2023-10-18,"958 ",2445,NORTH,3,5,7,3801,0,0,0,,0,,"POLK ST","REDWOOD ST",0.00,,Y,A,-,N,,,,,,,,,,N,4,0,1,2,A,-,05,21460,A,N,D,C,A,A,H,-,A,D,0,,,Y,,Y,,A,01,0,0,1,0,0,0,0,0,1,"- ","- ",,,"SAN FRANCISCO","SAN FRANCISCO",-122.41868591308594,37.780750274658203
9639718,2023,2024-01-17,3800,2023-10-11,1730,2445,SOUTH,3,5,7,3801,0,0,0,,0,,"4TH ST","BERRY ST",0.00,,Y,-,-,N,,,,,,,,,,N,2,0,1,2,A,-,00,21235,I,N,-,-,F,-,-,-,-,-,0,Y,,,,Y,,M,94,1,0,0,0,1,0,0,0,0,"- ","- ",,,"SAN FRANCISCO","SAN FRANCISCO",-122.39334106445312,37.775779724121094
9640485,2023,2025-06-30,3801,2023-10-28,1053,1422,TRAFF,6,5,7,3801,0,0,0,,0,4B2F,"POST ST","HYDE ST",0.00,,Y,A,-,N,,,,,,,,,,Y,1,1,1,3,A,-,01,23152,F,N,D,C,B,A,H,-,A,A,0,Y,,,,Y,,A,01,0,0,1,1,0,0,0,0,0,"- ","- ",,,"SAN FRANCISCO","SAN FRANCISCO",-122.41661834716797,37.787246704101562
9641590,2023,2024-03-30,3801,2023-11-07,"320 ",A22887,CENTR,2,5,7,3801,0,0,0,,0,3A13E,"JEFFERSON ST","JONES ST",169.00,W,N,A,-,N,,,,,,,,,,N,4,0,1,2,D,-,00,,,F,C,E,A,A,H,-,C,D,0,,,,,Y,,-,"- ",0,0,1,0,0,0,0,0,0,"- ","- ",,,"SAN FRANCISCO","SAN FRANCISCO",-122.41799926757812,37.807937622070312
9641598,2023,2023-12-26,3801,2023-11-08,2054,788,CENTR,3,5,7,3801,0,0,0,,0,3A11D,"LEAVENWORTH ST","POST ST",30.00,S,N,A,-,N,,,,,,,,,,N,4,0,1,2,A,-,08,22107,,N,B,C,A,A,H,-,C,A,0,,,,,Y,,A,01,0,0,1,0,0,0,0,0,0,"- ","- ",,,"SAN FRANCISCO","SAN FRANCISCO",-122.41497039794922,37.787368774414062
9641803,2023,2023-12-11,3801,2023-10-31,"919 ",1511,BAYVI,2,5,7,3801,0,0,0,,0,3C11A,"DE HARO ST","DE HARO ST 1322",0.00,,Y,A,-,N,,,,,,,,,,Y,4,0,1,2,A,-,03,22350,,N,F,A,A,A,E,-,A,D,0,,,,,Y,,A,01,0,0,1,0,0,0,0,0,0,"- ","- ",,,"SAN FRANCISCO","SAN FRANCISCO",,
9641805,2023,2023-12-11,3801,2023-10-18,1111,1936,TRAFF,3,5,7,3801,0,0,0,,0,4B1D,BROADWAY,"EASTBOUND TUNNEL ENTRANCE",334.00,E,N,A,-,N,,,,,,,,,,Y,2,0,1,1,A,-,03,22350,,N,F,I,A,A,H,-,A,A,0,,,,,Y,,M,96,1,0,0,0,0,0,0,0,0,"- ","- ",,,"SAN FRANCISCO","SAN FRANCISCO",,
9641807,2023,2023-12-11,3801,2023-10-31,1948,1157,SOUTH,2,5,7,3801,0,0,0,,0,3B5,"TOWNSEND ST","4TH ST",130.00,W,N,A,-,N,,,,,,,,,,N,4,0,1,2,A,-,08,22107,,N,D,G,A,A,H,-,C,A,0,,Y,,,Y,,L,04,0,0,1,0,0,0,1,0,0,"- ","- ",,,"SAN FRANCISCO","SAN FRANCISCO",-122.39530944824219,37.77685546875
9641808,2023,2023-12-11,3801,2023-10-31,1446,1157,BAYVI,2,5,7,3801,0,0,0,,0,3C15A,"CARGO WY","ILLINOIS ST",0.00,,Y,A,-,N,,,,,,,,,,,4,0,1,2,A,-,12,21453,A,N,D,C,A,A,H,-,A,A,0,,,,,Y,,A,01,0,0,1,0,0,0,0,0,0,"- ","- ",,,"SAN FRANCISCO","SAN FRANCISCO",-122.3861083984375,37.745704650878906
9641810,2023,2023-12-11,3801,2023-10-29,1408,2268,INGLE,7,5,7,3801,0,0,0,,0,3H12D,"ELIZABETH ST","DIAMOND ST",0.00,,Y,A,-,N,,,,,,,,,,N,3,0,1,2,A,-,10,21950,,N,B,B,B,A,H,-,A,D,0,Y,,,,Y,,A,01,0,1,0,0,1,0,0,0,0,"- ","- ",,,"SAN FRANCISCO","SAN FRANCISCO",-122.43637084960938,37.751976013183594
9641813,2023,2023-12-11,3801,2023-10-14,1435,1562,INGLE,6,5,7,3801,0,0,0,,0,3H11A,"ALEMANY BL","PUTNAM ST",0.00,,Y,A,-,N,,,,,,,,,,Y,2,0,1,2,A,-,09,21800,A,N,B,-,A,A,H,-,A,A,0,,,Y,,Y,,C,02,1,0,0,0,0,0,0,0,1,"- ","- ",,,"SAN FRANCISCO","SAN FRANCISCO",-122.41084289550781,37.734832763671875
9641821,2023,2023-12-08,3801,2023-10-31,1745,233,MISSI,2,5,7,3801,0,0,0,,0,03D,"18TH ST","DIAMOND ST",0.00,,Y,A,-,N,,,,,,,,,,N,3,0,1,2,A,-,10,21950,A,N,G,B,B,A,H,-,A,A,0,Y,,,,Y,,A,01,0,1,0,0,1,0,0,0,0,"- ","- ",,,"SAN FRANCISCO","SAN FRANCISCO",-122.43718719482422,37.7607421875
9641824,2023,2023-12-08,3801,2023-10-31,1442,2398,NORTH,2,5,7,3801,0,0,0,,0,0IE,"FRANKLIN ST","LINDEN ST",3.00,N,N,A,-,N,,,,,,,,,,N,2,0,1,2,A,-,17,21657,,N,A,G,A,A,H,-,A,A,0,,Y,,,Y,,L,04,1,0,0,0,0,0,1,0,0,"- ","- ",,,"SAN FRANCISCO","SAN FRANCISCO",-122.42124176025391,37.776626586914062
9641829,2023,2023-12-13,3801,2023-10-29,2209,400,SOUTH,7,5,7,3801,0,0,0,,0,3B14E,"BRYANT ST","9TH ST",0.00,,Y,A,-,N,,,,,,,,,,N,4,0,3,2,A,-,08,22100,B,N,D,C,A,A,H,-,C,A,0,,,,,Y,,A,01,0,0,3,0,0,0,0,0,0,"- ","- ",,,"SAN FRANCISCO","SAN FRANCISCO",-122.40853118896484,37.771289825439453
9641830,2023,2023-12-08,3801,2023-10-30,"529 ",2293,MISSI,1,5,7,3801,0,0,0,,0,,"CAPP ST","16TH ST",0.00,,Y,A,-,N,,,,,,,,,,N,4,0,1,2,A,-,12,21453,A,F,G,B,B,A,H,-,C,A,0,Y,,,,Y,,A,01,0,0,1,0,1,0,0,0,0,"- ","- ",,,"SAN FRANCISCO","SAN FRANCISCO",-122.418701171875,37.765098571777344
9641833,2023,2023-12-08,3801,2023-10-29,"32  ",2237,TARAV,7,5,7,3801,0,0,0,,0,001,"19TH AV","BYXBEE ST",0.00,,Y,A,-,N,,,,,,,,,,Y,4,0,4,2,A,-,09,21804,,N,D,C,A,A,H,-,C,A,0,,,,,Y,,A,01,0,0,4,0,0,0,0,0,0,"- ","- ",,,"SAN FRANCISCO","SAN FRANCISCO",-122.46976470947266,37.714267730712891
9641835,2023,2023-12-08,3801,2023-10-31,"1   ",1982,MISSI,2,5,7,3801,0,0,0,,0,3D14E,"MARKET ST","EUREKA ST",0.00,,Y,A,-,N,,,,,,,,,,Y,4,0,1,1,A,-,03,22350,,N,E,I,A,A,H,-,C,A,0,,,,,Y,,A,01,0,0,1,0,0,0,0,0,0,"- ","- ",,,"SAN FRANCISCO","SAN FRANCISCO",-122.43834686279297,37.761722564697266
9641836,2023,2023-12-08,3801,2023-10-29,"43  ",1123,SOUTH,7,5,7,3801,0,0,0,,0,3B60,"6TH ST","BRYANT ST",0.00,,Y,A,-,N,,,,,,,,,,Y,3,0,1,2,A,-,09,21801,A,N,D,C,A,A,H,-,C,A,0,,,Y,,Y,,A,01,0,1,0,0,0,0,0,0,1,"- ","- ",,,"SAN FRANCISCO","SAN FRANCISCO",-122.40250396728516,37.776058197021484
9641837,2023,2023-12-08,3801,2023-10-30,"707 ",428,CENTR,1,5,7,3801,0,0,0,,0,,"SACRAMENTO ST","SANSOME ST",0.00,,Y,A,-,N,,,,,,,,,,Y,4,0,2,2,A,-,12,21453,A,N,D,C,A,A,-,-,A,A,0,,,,,Y,,A,08,0,0,2,0,0,0,0,0,0,"- ","- ",,,"SAN FRANCISCO","SAN FRANCISCO",-122.40132141113281,37.79400634765625
9641838,2023,2023-12-18,3801,2023-10-24,1248,1068,SOUTH,2,5,7,3801,0,0,0,,0,3B12A,"6TH ST","BRANNAN ST",0.00,,Y,A,-,N,,,,,,,,,,,4,0,1,2,A,-,09,21801,A,N,A,C,A,A,H,-,A,A,0,,,,,Y,,A,01,0,0,1,0,0,0,0,0,0,"- ","- ",,,"SAN FRANCISCO","SAN FRANCISCO",-122.40095520019531,37.774826049804688
9641867,2023,2024-01-23,3801,2023-11-03,1045,1337,NORTH,5,5,7,3801,0,0,0,,0,0E2,"DIVISADERO ST","GEARY BL",0.00,,Y,A,-,N,,,,,,,,,,N,2,0,1,2,A,-,03,22350,,N,C,G,A,A,H,-,A,A,0,,Y,,,Y,,A,01,1,0,0,0,0,0,1,0,0,"- ","- ",,,"SAN FRANCISCO","SAN FRANCISCO",-122.43947601318359,37.783359527587891
9641872,2023,2024-01-23,3801,2023-11-04,"7   ",1133,CENTR,6,5,7,3801,0,0,0,,0,04A,"COLUMBUS AV","PACIFIC AV",0.00,,Y,A,-,N,,,,,,,,,,N,3,0,1,2,A,-,03,22350,,N,C,-,A,A,H,-,C,A,0,,,,,Y,,-,,0,1,0,0,0,0,0,0,0,"- ","- ",,,"SAN FRANCISCO","SAN FRANCISCO",-122.40538787841797,37.79705810546875
9641874,2023,2024-01-23,3801,2023-11-05,"111 ",2445,MISSI,7,5,7,3801,0,0,0,,0,3D14E,"15TH ST","GUERRERO ST",0.00,,Y,A,-,N,,,,,,,,,,Y,4,0,2,4,A,-,12,21453,A,N,D,C,A,A,H,-,C,A,0,,,,,Y,,A,01,0,0,2,0,0,0,0,0,0,"- ","- ",,,"SAN FRANCISCO","SAN FRANCISCO",-122.42424011230469,37.766403198242188
9641875,2023,2024-02-23,3801,2023-11-03,"850 ",2402,TARAV,5,5,7,3801,0,0,0,,0,3I1A,"KIRKHAM ST","10TH AV",0.00,,Y,A,-,N,,,,,,,,,,N,4,0,1,2,D,-,00,,,N,D,-,A,A,H,-,A,A,0,,,,,Y,,-,"- ",0,0,1,0,0,0,0,0,0,"- ","- ",,,"SAN FRANCISCO","SAN FRANCISCO",-122.46714019775391,37.760246276855469
9641877,2023,2024-01-23,3801,2023-11-02,1741,1823,MISSI,4,5,7,3801,0,0,0,,0,004,"MISSION ST","25TH ST",205.00,S,N,A,-,N,,,,,,,,,,N,3,0,1,2,A,-,08,22102,,N,D,C,A,A,H,-,A,D,0,,,Y,,Y,,A,01,0,1,0,0,0,0,0,0,1,"- ","- ",,,"SAN FRANCISCO","SAN FRANCISCO",-122.41824340820312,37.750099182128906
9641890,2023,2023-12-08,3801,2023-10-31,2140,1836,TARAV,2,5,7,3801,0,0,0,,0,1CAR,"LINCOLN WY","11TH AV",0.00,,Y,A,-,N,,,,,,,,,,N,4,0,1,2,A,-,08,22107,,N,B,C,A,A,H,-,C,D,0,,,,,Y,,A,07,0,0,1,0,0,0,0,0,0,"- ","- ",,,"SAN FRANCISCO","SAN FRANCISCO",-122.46858215332031,37.765827178955078
9642013,2023,2024-01-17,3801,2023-11-01,1931,540,,3,5,7,3801,0,0,0,,0,016,"ASHTON AVE","GRAFTON AVE",201.00,S,N,A,-,N,,,,,,,,,,Y,4,0,1,3,A,-,21,22106,,N,D,C,A,A,H,-,C,D,0,,,,,Y,,A,07,0,0,1,0,0,0,0,0,0,"- ","- ",,,"SAN FRANCISCO","SAN FRANCISCO",-122.46225738525391,37.719459533691406
9642024,2023,2024-01-17,3801,2023-11-05,2330,2724,,7,5,7,3801,0,0,0,,0,3C15E,"BRIDGEVIEW DR","BRIDGEVIEW DR 146",0.00,,-,A,-,N,,,,,,,,,,Y,4,0,1,7,C,-,18,,,N,E,E,A,A,H,-,C,D,0,,,,,Y,,-,"- ",0,0,1,0,0,0,0,0,0,"- ","- ",,,"SAN FRANCISCO","SAN FRANCISCO",-121.08625793457031,38.676544189453125
9642026,2023,2024-01-17,3801,2023-11-04,1734,2443,,6,5,7,3801,0,0,0,,0,3C13D,"LA ALAMEDA","CASHMERE ST",0.00,,Y,B,-,N,,,,,,,,,,Y,3,0,1,3,A,-,00,20461,A,N,C,E,A,A,H,-,A,A,0,,,,,Y,,A,01,0,1,0,0,0,0,0,0,0,"- ","- ",,,"SAN FRANCISCO","SAN FRANCISCO",,
9642028,2023,2024-01-17,3801,2023-11-03,1628,577,,5,5,7,3801,0,0,0,,0,015,"JUNIPERO SERRA BL","WINSTON DR",15.00,S,N,A,-,N,,,,,,,,,,Y,4,0,1,2,A,-,03,22350,,N,B,E,A,A,D,-,A,D,0,,,,,Y,,A,01,0,0,1,0,0,0,0,0,0,"- ","- ",,,"SAN FRANCISCO","SAN FRANCISCO",-122.47237396240234,37.726799011230469
9642033,2023,2024-01-17,3801,2023-11-03,1900,158,,5,5,7,3801,0,0,0,,0,3E14D,"GREEN ST","LARKIN ST",135.00,W,N,A,-,N,,,,,,,,,,N,4,0,1,2,A,-,09,21804,A,N,D,C,A,A,H,-,C,A,0,,,Y,,Y,,A,01,0,0,1,0,0,0,0,0,1,"- ","- ",,,"SAN FRANCISCO","SAN FRANCISCO",-122.42095184326172,37.797996520996094
9642034,2023,2024-01-17,3801,2023-11-04,1328,282,,6,5,7,3801,0,0,0,,0,3I2B,"IRVING ST","20TH AVE",0.00,,Y,A,-,N,,,,,,,,,,Y,4,0,1,2,A,-,12,21453,A,N,D,C,A,A,H,-,A,A,0,,,,,Y,,A,01,0,0,1,0,0,0,0,0,0,"- ","- ",,,"SAN FRANCISCO","SAN FRANCISCO",-122.47821044921875,37.763515472412109
9642036,2023,2024-01-17,3801,2023-11-03,1349,1250,,5,5,7,3801,0,0,0,,0,3B12A,"3RD ST","BRYANT ST",0.00,,Y,A,-,N,,,,,,,,,,Y,4,0,1,2,A,-,12,21453,A,N,D,C,A,A,H,-,A,A,0,,,,,Y,,A,01,0,0,1,0,0,0,0,0,0,"- ","- ",,,"SAN FRANCISCO","SAN FRANCISCO",-122.39585113525391,37.781307220458984
9642043,2023,2024-01-23,3801,2023-11-08,1731,364,SOUTH,3,5,7,3801,0,0,0,,0,3B12D,"BRANNAN ST","4TH ST",0.00,,Y,A,-,N,,,,,,,,,,N,3,0,1,1,C,-,18,,,N,H,A,A,A,H,-,C,D,0,,,Y,,Y,,-,"- ",0,1,0,0,0,0,0,0,1,"- ","- ",,,"SAN FRANCISCO","SAN FRANCISCO",-122.39653778076172,37.778327941894531
9642046,2023,2024-01-23,3801,2023-11-09,1004,484,NORTH,4,5,7,3801,0,0,0,,0,3E15A,"LOMBARD ST","FRANKLIN ST",0.00,,Y,A,-,N,,,,,,,,,,N,4,0,1,2,A,-,12,21453,A,N,D,-,A,A,H,-,A,A,0,,,Y,,Y,,A,01,0,0,1,0,0,0,0,0,1,"- ","- ",,,"SAN FRANCISCO","SAN FRANCISCO",-122.42620086669922,37.801105499267578
9642053,2023,2024-01-23,3801,2023-11-04,2300,2035,MISSI,6,5,7,3801,0,0,0,,0,3D13E,"15TH ST","RAMONA AV",0.00,,Y,A,-,N,,,,,,,,,,N,4,0,1,2,A,-,06,21750,A,N,B,C,A,A,H,-,C,D,0,,,Y,,Y,,C,03,0,0,1,0,0,0,0,0,1,"- ","- ",,,"SAN FRANCISCO","SAN FRANCISCO",-122.42517852783203,37.766349792480469
9642054,2023,2024-01-23,3801,2023-11-09,"721 ",101,INGLE,4,5,7,3801,0,0,0,,0,3H11A,"CORTLAND AV","ELSIE ST",0.00,,N,A,F,N,,,,,,,,,,N,3,0,1,2,A,-,04,21703,,F,C,G,A,A,H,-,A,D,0,,Y,,,Y,,D,22,0,1,0,0,0,0,1,0,0,"- ","- ",,,"SAN FRANCISCO","SAN FRANCISCO",-122.41973876953125,37.739761352539062
9642056,2023,2024-01-23,3801,2023-11-02,"846 ",2124,MISSI,4,5,7,3801,0,0,0,,0,3D11A,"POTRERO AV","19TH ST",0.00,,Y,A,-,N,,,,,,,,,,N,4,0,1,3,A,-,09,21453,B,N,B,C,A,A,H,-,A,A,0,,,,,Y,,A,01,0,0,1,0,0,0,0,0,0,"- ","- ",,,"SAN FRANCISCO","SAN FRANCISCO",-122.40708923339844,37.760669708251953