CASE_ID,ACCIDENT_YEAR,PROC_DATE,JURIS,COLLISION_DATE,COLLISION_TIME,OFFICER_ID,REPORTING_DISTRICT,DAY_OF_WEEK,CHP_SHIFT,POPULATION,CNTY_CITY_LOC,SPECIAL_COND,BEAT_TYPE,CHP_BEAT_TYPE,CITY_DIVISION_LAPD,CHP_BEAT_CLASS,BEAT_NUMBER,PRIMARY_RD,SECONDARY_RD,DISTANCE,DIRECTION,INTERSECTION,WEATHER_1,WEATHER_2,STATE_HWY_IND,CALTRANS_COUNTY,CALTRANS_DISTRICT,STATE_ROUTE,ROUTE_SUFFIX,POSTMILE_PREFIX,POSTMILE,LOCATION_TYPE,RAMP_INTERSECTION,SIDE_OF_HWY,TOW_AWAY,COLLISION_SEVERITY,NUMBER_KILLED,NUMBER_INJURED,PARTY_COUNT,PRIMARY_COLL_FACTOR,PCF_CODE_OF_VIOL,PCF_VIOL_CATEGORY,PCF_VIOLATION,PCF_VIOL_SUBSECTION,HIT_AND_RUN,TYPE_OF_COLLISION,MVIW,PED_ACTION,ROAD_SURFACE,ROAD_COND_1,ROAD_COND_2,LIGHTING,CONTROL_DEVICE,CHP_ROAD_TYPE,PEDESTRIAN_ACCIDENT,BICYCLE_ACCIDENT,MOTORCYCLE_ACCIDENT,TRUCK_ACCIDENT,NOT_PRIVATE_PROPERTY,ALCOHOL_INVOLVED,STWD_VEHTYPE_AT_FAULT,CHP_VEHTYPE_AT_FAULT,COUNT_SEVERE_INJ,COUNT_VISIBLE_INJ,COUNT_COMPLAINT_PAIN,COUNT_PED_KILLED,COUNT_PED_INJURED,COUNT_BICYCLIST_KILLED,COUNT_BICYCLIST_INJURED,COUNT_MC_KILLED,COUNT_MC_INJURED,PRIMARY_RAMP,SECONDARY_RAMP,LATITUDE,LONGITUDE,COUNTY,CITY,POINT_X,POINT_Y
9646094,2023,2024-02-01,3801,2023-12-26,2223,1857,SOUTH,2,5,7,3801,0,0,0,,0,3B12E,"3RD ST","HOWARD ST",59.00,S,N,A,-,N,,,,,,,,,,Y,4,0,1,2,A,-,03,22350,,M,C,C,A,A,H,-,C,A,0,,,Y,,Y,Y,C,03,0,0,1,0,0,0,0,0,1,"- ","- ",,,"SAN FRANCISCO","SAN FRANCISCO",-122.40035247802734,37.784896850585938
9646221,2023,2024-01-12,3801,2023-11-21,1856,438,NORTH,2,5,7,3801,0,0,0,,0,3E14D,"FILLMORE ST","BUSH ST",0.00,,Y,A,-,N,,,,,,,,,,N,4,0,1,2,A,-,05,21752,,N,D,C,A,A,H,-,C,A,0,,,Y,,Y,,C,03,0,0,1,0,0,0,0,0,1,"- ","- ",,,"SAN FRANCISCO","SAN FRANCISCO",-122.43344879150391,37.787040710449219
9646222,2023,2024-01-17,3801,2023-11-11,1805,196,CENTR,6,5,7,3801,0,0,0,,0,3A14D,"NORTH POINT ST","GRANT ST",0.00,,N,A,-,N,,,,,,,,,,N,4,0,1,2,A,-,08,22107,,N,D,G,A,A,H,-,C,D,0,,Y,,,Y,,A,01,0,0,1,0,0,0,1,0,0,"- ","- ",,,"SAN FRANCISCO","SAN FRANCISCO",-122.40888214111328,37.807182312011719
9646226,2023,2024-01-12,3801,2023-11-27,"545 ",1591,BAYVI,1,5,7,3801,0,0,0,,0,3C00,"LOOMIS ST","LOOMIS ST 250",0.00,,N,A,-,N,,,,,,,,,,N,4,0,1,2,A,-,08,22100,A,F,B,G,A,A,H,-,C,D,0,,Y,,,Y,,A,01,0,0,1,0,0,0,1,0,0,"- ","- ",,,"SAN FRANCISCO","SAN FRANCISCO",,
9646227,2023,2024-01-12,3801,2023-11-30,1751,1851,TENDE,4,5,7,3801,0,0,0,,0,3J14D,"5TH ST","STEVENSON ST",0.00,,Y,A,-,N,,,,,,,,,,N,2,0,1,2,A,-,08,22105,,N,C,C,A,A,H,-,C,A,0,,,,,Y,,A,01,1,0,0,0,0,0,0,0,0,"- ","- ",,,"SAN FRANCISCO","SAN FRANCISCO",-122.40746307373047,37.783512115478516
9646230,2023,2024-01-12,3801,2023-11-05,1245,1467,SOUTH,7,5,7,3801,0,0,0,,0,5CAR,"BATTERY ST","CALIFORNIA ST",0.00,,Y,A,-,N,,,,,,,,,,N,4,0,1,2,D,-,00,,,F,B,C,A,A,H,-,A,A,0,,,,,Y,Y,-,"- ",0,0,1,0,0,0,0,0,0,"- ","- ",,,"SAN FRANCISCO","SAN FRANCISCO",-122.39997863769531,37.793231964111328
9646741,2023,2024-02-13,3801,2023-12-20,"740 ",2289,NORTH,3,5,7,3801,0,0,0,,0,3E12A,"DIVISADERO ST","OFARRELL ST",0.00,,Y,C,-,N,,,,,,,,,,N,4,0,1,2,A,-,09,21453,B,N,G,B,B,B,H,-,A,A,0,Y,,,,Y,,D,22,0,0,1,0,1,0,0,0,0,"- ","- ",,,"SAN FRANCISCO","SAN FRANCISCO",-122.43930053710938,37.782432556152344
9646754,2023,2024-02-13,3801,2023-12-21,1623,1454,NORTH,4,5,7,3801,0,0,0,,0,3E14D,"BUSH ST","BUCHANAN ST",0.00,,Y,A,-,N,,,,,,,,,,Y,4,0,1,2,A,-,03,22350,,N,C,C,A,A,H,-,A,D,0,,,,,Y,,A,07,0,0,1,0,0,0,0,0,0,"- ","- ",,,"SAN FRANCISCO","SAN FRANCISCO",-122.43015289306641,37.787437438964844
9646757,2023,2024-02-13,3801,2023-12-15,1710,1605,NORTH,5,5,7,3801,0,0,0,,0,3E11D,"BUSH ST","OCTAVIA ST",99.00,E,N,A,-,N,,,,,,,,,,N,4,0,2,5,A,-,04,21703,,F,C,C,A,A,H,-,C,A,0,,,,,Y,,A,08,0,0,2,0,0,0,0,0,0,"- ","- ",,,"SAN FRANCISCO","SAN FRANCISCO",-122.42652893066406,37.78790283203125
9647795,2023,2024-05-17,3801,2023-11-06,"845 ",202,TRAFF,1,5,7,3801,0,0,0,,0,4B2D,"CASTRO ST","LIBERTY ST",11.00,N,N,B,-,N,,,,,,,,,,Y,4,0,4,10,D,-,00,,,N,H,C,A,A,H,-,A,D,0,,,,,Y,,-,"- ",0,0,4,0,0,0,0,0,0,"- ","- ",,,"SAN FRANCISCO","SAN FRANCISCO",-122.43462371826172,37.756919860839844
9647799,2023,2024-01-11,3801,2023-11-06,1518,2408,MISSI,1,5,7,3801,0,0,0,,0,3D14D,"GUERRERO ST","17TH ST",167.00,S,N,A,-,N,,,,,,,,,,N,4,0,1,2,A,-,04,21703,,N,C,C,A,A,H,-,A,A,0,,,,Y,Y,,F,27,0,0,1,0,0,0,0,0,0,"- ","- ",,,"SAN FRANCISCO","SAN FRANCISCO",-122.42389678955078,37.762710571289062
9647811,2023,2024-01-19,3801,2023-11-01,1230,2440,CENTR,3,5,7,3801,0,0,0,,0,3A14A,BROADWAY,"BATTERY ST",0.00,,Y,A,-,N,,,,,,,,,,N,4,0,1,2,A,-,03,22350,,N,B,C,A,A,H,-,A,A,0,,,,Y,Y,,A,01,0,0,1,0,0,0,0,0,0,"- ","- ",,,"SAN FRANCISCO","SAN FRANCISCO",-122.40103912353516,37.798595428466797
9647827,2023,2023-12-30,3801,2023-05-27,"905 ",204,,6,5,7,3801,0,0,0,,0,COJ,"MCALLISTER ST","LARKIN ST",4.00,E,N,A,-,N,,,,,,,,,,N,3,0,1,2,A,-,11,21453,D,N,A,B,B,A,H,-,A,A,0,Y,,,Y,Y,,N,60,0,1,0,0,1,0,0,0,0,"- ","- ",,,"SAN FRANCISCO","SAN FRANCISCO",-122.41692352294922,37.780502319335938
9649367,2023,2024-02-16,3801,2023-12-19,1628,1279,BAYVI,2,5,7,3801,0,0,0,,0,3C13D,"SILLIMAN ST","BOWDOIN ST",0.00,,Y,A,-,N,,,,,,,,,,N,4,0,3,2,A,-,09,21800,A,N,-,-,A,-,-,-,B,A,0,,,,,Y,Y,A,01,0,0,3,0,0,0,0,0,0,"- ","- ",,,"SAN FRANCISCO","SAN FRANCISCO",-122.4119873046875,37.72943115234375
9649368,2023,2024-02-16,3801,2023-12-14,1810,312,TARAV,4,5,7,3801,0,0,0,,0,4CAR,"ULLOA ST","17TH AV",0.00,,Y,A,-,N,,,,,,,,,,N,2,0,1,2,A,-,10,21950,A,N,G,B,B,A,H,-,D,-,0,Y,,,,Y,,A,07,1,0,0,0,1,0,0,0,0,"- ","- ",,,"SAN FRANCISCO","SAN FRANCISCO",-122.47344207763672,37.741283416748047
9649631,2023,2023-12-30,3801,2023-10-31,1511,1666,PARK,2,5,7,3801,0,0,0,,0,4CAR,"HAIGHT ST","DIVISADERO ST",1540.00,W,N,A,-,N,,,,,,,,,,N,2,0,1,2,A,-,09,21801,A,N,D,G,A,A,H,-,A,A,0,,Y,,,Y,,A,01,1,0,0,0,0,0,1,0,0,"- ","- ",,,"SAN FRANCISCO","SAN FRANCISCO",-122.44229888916016,37.770599365234375
9650195,2023,2024-02-21,3801,2023-12-07,"506 ",2463,SOUTH,4,5,7,3801,0,0,0,,0,3B60,"HARRISON ST","6TH ST",0.00,,Y,A,-,N,,,,,,,,,,Y,3,0,2,2,A,-,12,21453,A,F,D,C,A,B,H,-,C,A,0,,,,,Y,,A,01,0,1,1,0,0,0,0,0,0,"- ","- ",,,"SAN FRANCISCO","SAN FRANCISCO",-122.40408325195312,37.777309417724609
9650199,2023,2024-02-21,3801,2023-12-11,"620 ",1530,BAYVI,1,5,7,3801,0,0,0,,0,3C12A,"NAPOLEON ST","EVANS AV",628.00,W,N,A,-,N,,,,,,,,,,N,4,0,1,2,A,-,10,21950,,N,G,B,D,A,H,-,C,A,0,Y,,,,Y,,D,22,0,0,1,0,1,0,0,0,0,"- ","- ",,,"SAN FRANCISCO","SAN FRANCISCO",-122.39810943603516,37.747066497802734
9650212,2023,2024-02-15,3801,2023-12-27,1413,1249,CENTR,3,5,7,3801,0,0,0,,0,3A77,"POWELL ST","BAY ST",0.00,,Y,C,-,N,,,,,,,,,,N,4,0,1,2,A,-,09,21453,B,N,D,C,A,B,-,-,A,A,0,,,,,Y,,I,12,0,0,1,0,0,0,0,0,0,"- ","- ",,,"SAN FRANCISCO","SAN FRANCISCO",-122.41194152832031,37.805839538574219
9650243,2023,2024-01-11,3801,2023-11-12,"952 ",2118,SOUTH,7,5,7,3801,0,0,0,,0,3B14A,"LAGUNA ST","MARKET ST",0.00,,Y,A,-,N,,,,,,,,,,N,4,0,1,2,A,-,04,21703,,N,C,C,A,A,H,-,A,A,0,,,Y,,Y,,A,01,0,0,1,0,0,0,0,0,1,"- ","- ",,,"SAN FRANCISCO","SAN FRANCISCO",-122.42485809326172,37.770748138427734
9650247,2023,2024-01-22,3801,2023-11-25,2230,1740,CENTR,6,5,7,3801,0,0,0,,0,3A13D,"UNION ST","LARKIN ST",0.00,,Y,A,-,N,,,,,,,,,,Y,4,0,3,2,A,-,12,22450,,F,D,C,A,A,H,-,C,-,0,,,,,Y,,-,99,0,0,3,0,0,0,0,0,0,"- ","- ",,,"SAN FRANCISCO","SAN FRANCISCO",-122.42066955566406,37.798984527587891
9650250,2023,2024-01-11,3801,2023-11-21,1732,4175,TRAFF,2,5,7,3801,0,0,0,,0,4B4D,"GEARY BL","3RD AV",0.00,,Y,A,-,N,,,,,,,,,,Y,2,0,2,2,A,-,12,21453,A,N,D,C,A,A,H,-,C,A,0,,,Y,,Y,Y,C,02,1,1,0,0,0,0,0,0,1,"- ","- ",,,"SAN FRANCISCO","SAN FRANCISCO",-122.46106719970703,37.781227111816406
9650252,2023,2024-01-19,3801,2023-11-29,1405,4275,TARAV,3,5,7,3801,0,0,0,,0,3I3A,"KIRKHAM ST","44TH AV",0.00,,Y,A,-,N,,,,,,,,,,N,4,0,1,2,A,-,09,21802,A,N,D,C,A,A,H,-,A,A,0,,,,,Y,,D,22,0,0,1,0,0,0,0,0,0,"- ","- ",,,"SAN FRANCISCO","SAN FRANCISCO",-122.50364685058594,37.758663177490234
9650254,2023,2024-01-11,3801,2023-11-20,1747,2743,SOUTH,1,5,7,3801,0,0,0,,0,3B5,"MISSION BAY BL N","MERRIMAC ST",0.00,,Y,A,-,N,,,,,,,,,,N,4,0,1,2,A,-,12,22450,,F,D,G,A,A,H,-,C,A,0,,Y,,,Y,,A,01,0,0,1,0,0,0,1,0,0,"- ","- ",,,"SAN FRANCISCO","SAN FRANCISCO",-122.39287567138672,37.770877838134766
9650255,2023,2024-01-11,3801,2023-11-29,"719 ",2495,BAYVI,3,5,7,3801,0,0,0,,0,3C12A,"GATES ST","CRESCENT AV",52.00,N,N,A,-,N,,,,,,,,,,,4,0,1,2,A,-,03,22350,,F,B,G,A,B,-,-,A,A,0,,Y,,,Y,,A,01,0,0,1,0,0,0,1,0,0,"- ","- ",,,"SAN FRANCISCO","SAN FRANCISCO",-122.41429138183594,37.73492431640625
9650256,2023,2024-01-11,3801,2023-11-29,1445,1316,RICHM,3,5,7,3801,0,0,0,,0,3G4A,"25TH AV","ANZA ST",0.00,,Y,A,-,N,,,,,,,,,,N,3,0,1,2,A,-,10,21950,A,N,G,B,B,A,H,-,A,A,0,Y,,,,Y,,A,01,0,1,0,0,1,0,0,0,0,"- ","- ",,,"SAN FRANCISCO","SAN FRANCISCO",-122.48458862304688,37.778167724609375
9650258,2023,2024-01-11,3801,2023-11-28,"950 ",189,NORTH,2,5,7,3801,0,0,0,,0,001,"BUCHANAN ST","LILY ST",0.00,,Y,A,-,N,,,,,,,,,,N,4,0,1,3,A,-,09,21804,A,N,B,E,A,A,H,-,A,D,0,,,,,Y,,A,01,0,0,1,0,0,0,0,0,0,"- ","- ",,,"SAN FRANCISCO","SAN FRANCISCO",-122.42744445800781,37.773918151855469
9650259,2023,2024-01-11,3801,2023-11-24,2211,2157,RICHM,5,5,7,3801,0,0,0,,0,001,"CROSSOVER DR","MARTIN LUTHER KING JR DR",90.00,N,N,A,-,N,,,,,,,,,,Y,3,0,2,2,A,-,04,21703,,N,C,C,A,A,H,-,C,D,0,,,,,Y,,A,01,0,1,1,0,0,0,0,0,0,"- ","- ",,,"SAN FRANCISCO","SAN FRANCISCO",-122.47742462158203,37.766284942626953
9650261,2023,2024-02-13,3801,2023-12-08,"930 ",1518,CENTR,5,5,7,3801,0,0,0,,0,3A44C,"EDDY ST","VAN NESS AV",0.00,,Y,A,-,N,,,,,,,,,,N,3,0,1,2,A,-,10,21950,A,F,G,B,B,A,H,-,A,A,0,Y,,Y,,Y,,C,03,0,1,0,0,1,0,0,0,0,"- ","- ",,,"SAN FRANCISCO","SAN FRANCISCO",-122.42076110839844,37.782890319824219
9650263,2023,2024-02-13,3801,2023-12-11,"951 ",2180,BAYVI,1,5,7,3801,0,0,0,,0,3C12A,"INDUSTRIAL ST","SHAFTER AV",0.00,,Y,A,-,N,,,,,,,,,,Y,3,0,1,2,A,-,03,22350,,N,D,C,A,A,H,-,A,A,0,,,,,Y,,A,01,0,1,0,0,0,0,0,0,0,"- ","- ",,,"SAN FRANCISCO","SAN FRANCISCO",-122.40398406982422,37.738674163818359
9650264,2023,2024-02-13,3801,2023-12-11,1358,885,BAYVI,1,5,7,3801,0,0,0,,0,0C3,"3RD AV","23RD ST",0.00,,Y,A,-,N,,,,,,,,,,Y,4,0,1,1,A,-,03,22350,,N,E,I,A,A,-,-,A,A,0,,,,,Y,,A,01,0,0,1,0,0,0,0,0,0,"- ","- ",,,"SAN FRANCISCO","SAN FRANCISCO",-122.38810729980469,37.755386352539062
9650267,2023,2024-02-13,3801,2023-12-04,1535,4041,TARAV,1,5,7,3801,0,0,0,,0,3I13D,"IRVING ST","43RD AV",90.00,E,N,A,-,N,,,,,,,,,,N,4,0,1,2,A,-,05,21650,,N,D,J,A,A,H,-,A,D,0,,,Y,,Y,,C,03,0,0,1,0,0,0,0,0,1,"- ","- ",,,"SAN FRANCISCO","SAN FRANCISCO",-122.50254058837891,37.762439727783203
9650271,2023,2024-02-13,3801,2023-12-04,2020,19,BAYVI,1,5,7,3801,0,0,0,,0,901,"3RD ST","UNDERWOOD AV",0.00,,Y,A,-,N,,,,,,,,,,N,2,0,1,1,C,-,18,,,N,H,A,A,A,H,-,C,A,0,,Y,,,Y,,-,"- ",1,0,0,0,0,0,1,0,0,"- ","- ",,,"SAN FRANCISCO","SAN FRANCISCO",-122.39244842529297,37.730060577392578
9650272,2023,2024-02-13,3801,2023-12-05,"133 ",2497,BAYVI,2,5,7,3801,0,0,0,,0,3C12E,"BAYSHORE BL","BOUTWELL ST",0.00,,Y,B,-,N,,,,,,,,,,Y,3,0,2,2,A,-,07,21658,A,N,A,C,A,A,H,-,C,A,0,,,,,Y,,A,01,0,1,1,0,0,0,0,0,0,"- ","- ",,,"SAN FRANCISCO","SAN FRANCISCO",-122.40565490722656,37.734481811523438
9650273,2023,2024-02-13,3801,2023-12-04,"746 ",2495,RICHM,1,5,7,3801,0,0,0,,0,3G60,"19TH AV","CALIFORNIA ST",3.00,S,N,B,-,N,,,,,,,,,,N,3,0,1,2,A,-,10,21950,A,M,A,B,B,A,H,-,A,A,0,Y,,,,Y,,A,01,0,1,0,0,1,0,0,0,0,"- ","- ",,,"SAN FRANCISCO","SAN FRANCISCO",-122.47859191894531,37.784160614013672
9650274,2023,2024-02-13,3801,2023-12-04,1700,327,MISSI,1,5,7,3801,0,0,0,,0,3D16C,"17TH ST","POTRERO AV",110.00,E,N,A,-,N,,,,,,,,,,,4,0,1,2,A,-,17,21209,A,N,D,C,A,A,H,-,B,D,0,,,Y,,Y,,C,02,0,0,1,0,0,0,0,0,1,"- ","- ",,,"SAN FRANCISCO","SAN FRANCISCO",-122.40705108642578,37.764507293701172
9650277,2023,2024-02-13,3801,2023-12-02,2212,1926,NORTH,6,5,7,3801,0,0,0,,0,3E14E,"LOMBARD ST","SCOTT ST",38.00,S,N,A,-,N,,,,,,,,,,Y,4,0,1,2,A,-,03,22350,,N,D,E,A,B,H,-,C,A,0,,,,,Y,,A,07,0,0,1,0,0,0,0,0,0,"- ","- ",,,"SAN FRANCISCO","SAN FRANCISCO",-122.44113159179688,37.7991943359375
9650280,2023,2024-02-13,3801,2023-12-02,1609,221,RICHM,6,5,7,3801,0,0,0,,0,3G13D,"GEARY BL","15TH AV",0.00,,Y,C,-,N,,,,,,,,,,,4,0,1,2,A,-,08,22107,,N,B,C,A,B,-,-,A,A,0,,,,,Y,,A,01,0,0,1,0,0,0,0,0,0,"- ","- ",,,"SAN FRANCISCO","SAN FRANCISCO",-122.47399139404297,37.780632019042969
9650282,2023,2024-02-05,3801,2023-12-12,"540 ",2020,SOUTH,2,5,7,3801,0,0,0,,0,3B71,"MISSION ST","ANTHONY ST",0.00,,Y,B,-,N,,,,,,,,,,N,2,0,1,2,A,-,08,22102,,N,D,J,A,A,H,-,C,A,0,,,,,Y,,A,01,1,0,0,0,0,0,0,0,0,"- ","- ",,,"SAN FRANCISCO","SAN FRANCISCO",-122.39933013916016,37.788379669189453
9650285,2023,2024-02-05,3801,2023-12-12,2344,2249,PARK,2,5,7,3801,0,0,0,,0,,"OAK ST","COLE ST",0.00,,Y,E,-,N,,,,,,,,,,N,3,0,1,2,A,-,11,21954,A,N,G,B,D,A,H,-,C,A,0,Y,,,,Y,,N,60,0,1,0,0,1,0,0,0,0,"- ","- ",,,"SAN FRANCISCO","SAN FRANCISCO",-122.45062255859375,37.771453857421875
9650286,2023,2024-02-05,3801,2023-12-06,1544,1198,MISSI,3,5,7,3801,0,0,0,,0,,"MARKET ST","DANVERS ST",0.00,,Y,C,-,N,,,,,,,,,,Y,4,0,2,2,A,-,08,22107,,N,A,-,A,B,H,-,A,A,0,,,,,Y,Y,A,01,0,0,2,0,0,0,0,0,0,"- ","- ",,,"SAN FRANCISCO","SAN FRANCISCO",-122.44351959228516,37.760498046875
9650288,2023,2024-02-05,3801,2023-12-13,1250,1580,SOUTH,3,5,7,3801,0,0,0,,0,3B15A,"10TH ST","HARRISON ST",0.00,,Y,A,-,N,,,,,,,,,,N,4,0,2,2,A,-,03,22350,,N,C,C,A,A,H,-,A,A,0,,,,,Y,,A,01,0,0,2,0,0,0,0,0,0,"- ","- ",,,"SAN FRANCISCO","SAN FRANCISCO",-122.41124725341797,37.771595001220703
9650289,2023,2024-02-05,3801,2023-12-11,1740,4200,TARAV,1,5,7,3801,0,0,0,,0,3113D,"SLOAT BL","SKYLINE BL",0.00,,Y,A,-,N,,,,,,,,,,Y,4,0,2,2,A,-,09,21800,A,N,D,C,A,A,H,-,C,A,0,,,,,Y,,A,01,0,0,2,0,0,0,0,0,0,"- ","- ",,,"SAN FRANCISCO","SAN FRANCISCO",-122.49598693847656,37.733707427978516
9650291,2023,2024-02-05,3801,2023-12-04,"941 ",1892,RICHM,1,5,7,3801,0,0,0,,0,3G60,"LUPINE AV","LAUREL ST",273.00,E,N,B,-,N,,,,,,,,,,N,4,0,1,2,A,-,21,22106,,N,C,C,A,A,H,-,A,A,0,,,,,Y,,A,01,0,0,1,0,0,0,0,0,0,"- ","- ",,,"SAN FRANCISCO","SAN FRANCISCO",-122.44832611083984,37.784412384033203
9650294,2023,2024-02-05,3801,2023-12-06,1230,5,NORTH,3,5,7,3801,0,0,0,,0,3E12A,"TURK ST","STEINER ST",0.00,,Y,C,-,N,,,,,,,,,,Y,4,0,2,5,A,-,12,21453,A,N,D,C,A,B,H,-,A,A,0,,,,,Y,,A,01,0,0,2,0,0,0,0,0,0,"- ","- ",,,"SAN FRANCISCO","SAN FRANCISCO",-122.43376922607422,37.780300140380859
9650296,2023,2024-02-05,3801,2023-12-09,2226,2028,TARAV,6,5,7,3801,0,0,0,,0,3115E,"JUNIPERO SERRA BL","19TH AV",0.00,,Y,-,-,N,,,,,,,,,,Y,3,0,1,2,A,-,08,22100,B,N,A,C,A,A,H,-,C,A,0,,,,,Y,,A,01,0,1,0,0,0,0,0,0,0,"- ","- ",,,"SAN FRANCISCO","SAN FRANCISCO",-122.47271728515625,37.717182159423828
9650297,2023,2024-02-05,3801,2023-12-01,1740,1330,INGLE,5,5,7,3801,0,0,0,,0,3H11D,"CRESCENT AV","FOLSOM ST",0.00,,Y,-,-,N,,,,,,,,,,N,3,0,1,2,A,-,10,21950,A,N,G,B,B,A,H,-,C,A,0,Y,,,,Y,,A,01,0,1,0,0,1,0,0,0,0,"- ","- ",,,"SAN FRANCISCO","SAN FRANCISCO",-122.41371917724609,37.734748840332031
9650298,2023,2024-02-05,3801,2023-12-01,1837,1337,NORTH,5,5,7,3801,0,0,0,,0,0E1,"LAGUNA ST","LINDEN ST",48.00,S,N,A,-,N,,,,,,,,,,N,4,0,1,2,A,-,17,22517,,N,E,G,A,A,H,-,C,D,0,,Y,,,Y,,A,07,0,0,1,0,0,0,1,0,0,"- ","- ",,,"SAN FRANCISCO","SAN FRANCISCO",-122.4261474609375,37.77587890625
9650299,2023,2024-02-05,3801,2023-12-04,"2   ",1565,SOUTH,1,5,7,3801,0,0,0,,0,3B12E,"BRANNAN ST","ZOE ST",55.00,W,N,A,-,N,,,,,,,,,,N,2,0,1,2,A,-,05,21650,1,N,A,G,A,A,H,-,C,D,0,,Y,,,Y,,L,04,1,0,0,0,0,0,1,0,0,"- ","- ",,,"SAN FRANCISCO","SAN FRANCISCO",-122.39546966552734,37.779190063476562
9650301,2023,2024-02-23,3801,2023-12-03,1850,1215,MISSI,7,5,7,3801,0,0,0,,0,3D15D,"CAPP ST","17TH ST",210.00,N,N,A,-,N,,,,,,,,,,Y,4,0,1,4,A,-,03,22350,,F,A,-,A,A,H,-,C,D,0,,,,,Y,,A,01,0,0,1,0,0,0,0,0,0,"- ","- ",,,"SAN FRANCISCO","SAN FRANCISCO",-122.41858673095703,37.764053344726562
9650302,2023,2024-02-23,3801,2023-12-03,2122,2724,BAYVI,7,5,7,3801,0,0,0,,0,3C15E,"JENNINGS ST","BANCROFT AV",0.00,,Y,A,-,N,,,,,,,,,,Y,2,0,2,2,A,-,12,22450,A,N,D,C,A,A,H,-,C,A,0,,,,,Y,,A,01,1,0,1,0,0,0,0,0,0,"- ","- ",,,"SAN FRANCISCO","SAN FRANCISCO",-122.39092254638672,37.724525451660156
9650304,2023,2024-02-23,3801,2023-12-03,1748,246,TARAV,7,5,7,3801,0,0,0,,0,5CAR,"WINSTON DR","WINSTON DR 300",0.00,,N,A,-,N,,,,,,,,,,Y,4,0,1,2,A,-,03,22350,,N,B,C,A,A,H,-,C,A,0,,,,,Y,Y,A,01,0,0,1,0,0,0,0,0,0,"- ","- ",,,"SAN FRANCISCO","SAN FRANCISCO",,
9650305,2023,2024-02-23,3801,2023-12-02,2359,1827,MISSI,6,5,7,3801,0,0,0,,0,003,"CESAR CHAVEZ ST","VALENCIA ST",0.00,,Y,C,-,N,,,,,,,,,,Y,4,0,2,2,A,-,12,21453,A,N,B,-,A,B,-,-,C,A,0,,,,,Y,,A,01,0,0,2,0,0,0,0,0,0,"- ","- ",,,"SAN FRANCISCO","SAN FRANCISCO",-122.42025756835938,37.748161315917969
9650309,2023,2024-02-23,3801,2023-12-01,1803,2407,MISSI,5,5,7,3801,0,0,0,,0,3D14D,"HARRISON ST","24TH ST",0.00,,Y,A,-,N,,,,,,,,,,N,4,0,1,2,A,-,09,21801,A,N,D,G,A,-,H,-,C,A,0,,Y,,,Y,,L,04,0,0,1,0,0,0,1,0,0,"- ","- ",,,"SAN FRANCISCO","SAN FRANCISCO",-122.41188812255859,37.752651214599609
9650311,2023,2024-02-23,3801,2023-12-02,"550 ",764,PARK,6,5,7,3801,0,0,0,,0,3E12A,"OAK ST",SHRADER,159.00,E,N,C,-,N,,,,,,,,,,Y,2,0,1,3,A,-,22,23123,A,N,B,E,A,B,H,-,C,A,0,,,,,Y,,A,01,1,0,0,0,0,0,0,0,0,"- ","- ",,,"SAN FRANCISCO","SAN FRANCISCO",-122.45167541503906,37.771308898925781
9650313,2023,2024-02-23,3801,2023-12-12,"923 ",2310,BAYVI,2,5,7,3801,0,0,0,,0,3C12A,"INDUSTRIAL BL","REVERE ST",0.00,,Y,A,-,N,,,,,,,,,,Y,4,0,3,2,A,-,08,22107,,N,D,C,A,A,H,-,A,A,0,,,,,Y,,A,01,0,0,3,0,0,0,0,0,0,"- ","- ",,,"SAN FRANCISCO","SAN FRANCISCO",-122.40313720703125,37.739070892333984
9650314,2023,2024-02-23,3801,2023-12-12,"702 ",1572,SOUTH,2,5,7,3801,0,0,0,,0,3B1A,"BEALE ST","BRYANT ST",0.00,,Y,A,-,N,,,,,,,,,,,3,0,1,2,A,-,08,22101,,N,B,J,A,A,H,-,C,D,0,,,,,Y,,A,01,0,1,0,0,0,0,0,0,0,"- ","- ",,,"SAN FRANCISCO","SAN FRANCISCO",-122.38969421386719,37.786220550537109
9650319,2023,2024-02-23,3801,2023-12-11,1130,704,BAYVI,1,5,7,3801,0,0,0,,0,3C60A,"CESAR CHAVES ST","KANSAS ST",0.00,,Y,A,-,N,,,,,,,,,,N,4,0,1,2,A,-,12,21453,A,N,D,C,A,A,H,-,A,A,0,,,,,Y,,M,94,0,0,1,0,0,0,0,0,0,"- ","- ",,,"SAN FRANCISCO","SAN FRANCISCO",-122.40206146240234,37.749393463134766
9650320,2023,2024-02-23,3801,2023-12-06,1713,312,TARAV,3,5,7,3801,0,0,0,,0,1CAR,"LINCOLN WY","10TH AV",40.00,E,N,C,-,N,,,,,,,,,,N,3,0,1,2,A,-,08,22107,,F,B,C,A,B,H,-,C,-,0,,,Y,,Y,,A,07,0,1,0,0,0,0,0,0,1,"- ","- ",,,"SAN FRANCISCO","SAN FRANCISCO",-122.46736145019531,37.765888214111328
9650465,2023,2024-02-15,3801,2023-12-06,"808 ",937,BAYVI,3,5,7,3801,0,0,0,,0,3C11A,"CESAR CHAVEZ ST","CONNECTICUT ST",100.00,E,N,C,-,N,,,,,,,,,,Y,4,0,2,2,A,-,05,21460,A,N,A,C,A,B,H,-,A,A,0,,,,,Y,,A,01,0,0,2,0,0,0,0,0,0,"- ","- ",,,"SAN FRANCISCO","SAN FRANCISCO",-122.39592742919922,37.749774932861328